2025-11-08 14:31:09 - INFO - === Starting sync for project: Blue River Monitoring === 
2025-11-08 14:31:09 - INFO - Pulling latest changes from GitHub... 
2025-11-08 14:31:09 - WARN - Pull failed: Failed to fetch upstream branch: C:\Users\ECI_LLC\Desktop\Live Data\projects\BlueRiver\repo/main 
2025-11-08 14:31:09 - INFO - File updated: IFA_Wyandotte_Lake_Wyandotte_15_min.dat 
2025-11-08 14:31:09 - INFO - File updated: IFA_Rothrocks_Rothrocks_15_min.dat 
2025-11-08 14:31:09 - INFO - Updated project metadata 
2025-11-08 14:31:09 - ERROR - Error in commit/push: failed to parse signature - malformed e-mail 
2025-11-08 14:31:09 - WARN - === Sync completed but push failed === 
2025-11-08 14:33:19 - INFO - === Starting sync for project: Blue River Monitoring === 
2025-11-08 14:33:19 - INFO - Pulling latest changes from GitHub... 
2025-11-08 14:33:19 - WARN - Pull failed: Failed to fetch upstream branch: C:\Users\ECI_LLC\Desktop\Live Data\projects\BlueRiver\repo/main 
2025-11-08 14:33:19 - INFO - === No changes detected === 
2025-11-08 14:35:09 - INFO - === Starting sync for project: Blue River Monitoring === 
2025-11-08 14:35:09 - INFO - Pulling latest changes from GitHub... 
2025-11-08 14:35:09 - WARN - Pull failed: Failed to fetch upstream branch: C:\Users\ECI_LLC\Desktop\Live Data\projects\BlueRiver\repo/main 
2025-11-08 14:35:09 - INFO - === No changes detected === 
2025-11-08 14:38:27 - INFO - === Starting sync for project: Blue River Monitoring === 
2025-11-08 14:38:27 - INFO - Pulling latest changes from GitHub... 
2025-11-08 14:38:27 - WARN - Pull failed: Failed to fetch upstream branch: C:\Users\ECI_LLC\Desktop\Live Data\projects\BlueRiver\repo/main 
2025-11-08 14:38:27 - INFO - === No changes detected === 
2025-11-08 14:39:31 - INFO - === Starting sync for project: Blue River Monitoring === 
2025-11-08 14:39:31 - INFO - Pulling latest changes from GitHub... 
2025-11-08 14:39:31 - WARN - Pull failed: Failed to fetch upstream branch: C:\Users\ECI_LLC\Desktop\Live Data\projects\BlueRiver\repo/main 
2025-11-08 14:39:31 - INFO - === No changes detected === 
2025-11-08 14:41:32 - INFO - === Starting sync for project: Blue River Monitoring === 
2025-11-08 14:41:32 - INFO - Pulling latest changes from GitHub... 
2025-11-08 14:41:32 - WARN - Pull failed: Failed to fetch upstream branch: C:\Users\ECI_LLC\Desktop\Live Data\projects\BlueRiver\repo/main 
2025-11-08 14:41:32 - INFO - === No changes detected === 
2025-11-08 15:07:03 - INFO - === Starting sync for project: Blue River Monitoring === 
2025-11-08 15:07:03 - INFO - Pulling latest changes from GitHub... 
2025-11-08 15:07:03 - WARN - Pull failed: Failed to fetch upstream branch: C:\Users\ECI_LLC\Desktop\Live Data\projects\BlueRiver\repo/main 
2025-11-08 15:07:03 - INFO - File updated: IFA_Wyandotte_Lake_Wyandotte_15_min.dat 
2025-11-08 15:07:04 - INFO - File updated: IFA_Rothrocks_Rothrocks_15_min.dat 
2025-11-08 15:07:04 - INFO - Updated project metadata 
2025-11-08 15:07:04 - ERROR - Error in commit/push: failed to parse signature - malformed e-mail 
2025-11-08 15:07:04 - WARN - === Sync completed but push failed === 
2025-11-08 16:07:03 - INFO - === Starting sync for project: Blue River Monitoring === 
2025-11-08 16:07:03 - INFO - Pulling latest changes from GitHub... 
2025-11-08 16:07:03 - WARN - Pull failed: Failed to fetch upstream branch: C:\Users\ECI_LLC\Desktop\Live Data\projects\BlueRiver\repo/main 
2025-11-08 16:07:03 - INFO - File updated: IFA_Wyandotte_Lake_Wyandotte_15_min.dat 
2025-11-08 16:07:04 - INFO - File updated: IFA_Rothrocks_Rothrocks_15_min.dat 
2025-11-08 16:07:04 - INFO - Updated project metadata 
2025-11-08 16:07:04 - ERROR - Error in commit/push: failed to parse signature - malformed e-mail 
2025-11-08 16:07:04 - WARN - === Sync completed but push failed === 
2025-11-08 17:07:04 - INFO - === Starting sync for project: Blue River Monitoring === 
2025-11-08 17:07:04 - INFO - Pulling latest changes from GitHub... 
2025-11-08 17:07:04 - WARN - Pull failed: Failed to fetch upstream branch: C:\Users\ECI_LLC\Desktop\Live Data\projects\BlueRiver\repo/main 
2025-11-08 17:07:04 - INFO - File updated: IFA_Wyandotte_Lake_Wyandotte_15_min.dat 
2025-11-08 17:07:05 - INFO - File updated: IFA_Rothrocks_Rothrocks_15_min.dat 
2025-11-08 17:07:05 - INFO - Updated project metadata 
2025-11-08 17:07:05 - ERROR - Error in commit/push: failed to parse signature - malformed e-mail 
2025-11-08 17:07:05 - WARN - === Sync completed but push failed === 
2025-11-08 18:07:03 - INFO - === Starting sync for project: Blue River Monitoring === 
2025-11-08 18:07:03 - INFO - Pulling latest changes from GitHub... 
2025-11-08 18:07:03 - WARN - Pull failed: Failed to fetch upstream branch: C:\Users\ECI_LLC\Desktop\Live Data\projects\BlueRiver\repo/main 
2025-11-08 18:07:03 - INFO - File updated: IFA_Wyandotte_Lake_Wyandotte_15_min.dat 
2025-11-08 18:07:04 - INFO - File updated: IFA_Rothrocks_Rothrocks_15_min.dat 
2025-11-08 18:07:04 - INFO - Updated project metadata 
2025-11-08 18:07:04 - ERROR - Error in commit/push: failed to parse signature - malformed e-mail 
2025-11-08 18:07:04 - WARN - === Sync completed but push failed === 
2025-11-08 19:07:03 - INFO - === Starting sync for project: Blue River Monitoring === 
2025-11-08 19:07:03 - INFO - Pulling latest changes from GitHub... 
2025-11-08 19:07:03 - WARN - Pull failed: Failed to fetch upstream branch: C:\Users\ECI_LLC\Desktop\Live Data\projects\BlueRiver\repo/main 
2025-11-08 19:07:03 - INFO - File updated: IFA_Wyandotte_Lake_Wyandotte_15_min.dat 
2025-11-08 19:07:04 - INFO - File updated: IFA_Rothrocks_Rothrocks_15_min.dat 
2025-11-08 19:07:04 - INFO - Updated project metadata 
2025-11-08 19:07:04 - ERROR - Error in commit/push: failed to parse signature - malformed e-mail 
2025-11-08 19:07:04 - WARN - === Sync completed but push failed === 
2025-11-08 20:07:03 - INFO - === Starting sync for project: Blue River Monitoring === 
2025-11-08 20:07:03 - INFO - Pulling latest changes from GitHub... 
2025-11-08 20:07:03 - WARN - Pull failed: Failed to fetch upstream branch: C:\Users\ECI_LLC\Desktop\Live Data\projects\BlueRiver\repo/main 
2025-11-08 20:07:03 - INFO - File updated: IFA_Wyandotte_Lake_Wyandotte_15_min.dat 
2025-11-08 20:07:04 - INFO - File updated: IFA_Rothrocks_Rothrocks_15_min.dat 
2025-11-08 20:07:04 - INFO - Updated project metadata 
2025-11-08 20:07:04 - ERROR - Error in commit/push: failed to parse signature - malformed e-mail 
2025-11-08 20:07:04 - WARN - === Sync completed but push failed === 
2025-11-08 21:07:03 - INFO - === Starting sync for project: Blue River Monitoring === 
2025-11-08 21:07:03 - INFO - Pulling latest changes from GitHub... 
2025-11-08 21:07:03 - WARN - Pull failed: Failed to fetch upstream branch: C:\Users\ECI_LLC\Desktop\Live Data\projects\BlueRiver\repo/main 
2025-11-08 21:07:03 - INFO - File updated: IFA_Wyandotte_Lake_Wyandotte_15_min.dat 
2025-11-08 21:07:04 - INFO - File updated: IFA_Rothrocks_Rothrocks_15_min.dat 
2025-11-08 21:07:04 - INFO - Updated project metadata 
2025-11-08 21:07:04 - ERROR - Error in commit/push: failed to parse signature - malformed e-mail 
2025-11-08 21:07:04 - WARN - === Sync completed but push failed === 
2025-11-08 22:07:03 - INFO - === Starting sync for project: Blue River Monitoring === 
2025-11-08 22:07:03 - INFO - Pulling latest changes from GitHub... 
2025-11-08 22:07:03 - WARN - Pull failed: Failed to fetch upstream branch: C:\Users\ECI_LLC\Desktop\Live Data\projects\BlueRiver\repo/main 
2025-11-08 22:07:03 - INFO - File updated: IFA_Wyandotte_Lake_Wyandotte_15_min.dat 
2025-11-08 22:07:04 - INFO - File updated: IFA_Rothrocks_Rothrocks_15_min.dat 
2025-11-08 22:07:04 - INFO - Updated project metadata 
2025-11-08 22:07:04 - ERROR - Error in commit/push: failed to parse signature - malformed e-mail 
2025-11-08 22:07:04 - WARN - === Sync completed but push failed === 
2025-11-08 23:07:03 - INFO - === Starting sync for project: Blue River Monitoring === 
2025-11-08 23:07:03 - INFO - Pulling latest changes from GitHub... 
2025-11-08 23:07:03 - WARN - Pull failed: Failed to fetch upstream branch: C:\Users\ECI_LLC\Desktop\Live Data\projects\BlueRiver\repo/main 
2025-11-08 23:07:03 - INFO - File updated: IFA_Wyandotte_Lake_Wyandotte_15_min.dat 
2025-11-08 23:07:04 - INFO - File updated: IFA_Rothrocks_Rothrocks_15_min.dat 
2025-11-08 23:07:04 - INFO - Updated project metadata 
2025-11-08 23:07:04 - ERROR - Error in commit/push: failed to parse signature - malformed e-mail 
2025-11-08 23:07:04 - WARN - === Sync completed but push failed === 
2025-11-09 00:07:03 - INFO - === Starting sync for project: Blue River Monitoring === 
2025-11-09 00:07:03 - INFO - Pulling latest changes from GitHub... 
2025-11-09 00:07:03 - WARN - Pull failed: Failed to fetch upstream branch: C:\Users\ECI_LLC\Desktop\Live Data\projects\BlueRiver\repo/main 
2025-11-09 00:07:03 - INFO - File updated: IFA_Wyandotte_Lake_Wyandotte_15_min.dat 
2025-11-09 00:07:04 - INFO - File updated: IFA_Rothrocks_Rothrocks_15_min.dat 
2025-11-09 00:07:04 - INFO - Updated project metadata 
2025-11-09 00:07:04 - ERROR - Error in commit/push: failed to parse signature - malformed e-mail 
2025-11-09 00:07:04 - WARN - === Sync completed but push failed === 
2025-11-09 01:07:03 - INFO - === Starting sync for project: Blue River Monitoring === 
2025-11-09 01:07:03 - INFO - Pulling latest changes from GitHub... 
2025-11-09 01:07:03 - WARN - Pull failed: Failed to fetch upstream branch: C:\Users\ECI_LLC\Desktop\Live Data\projects\BlueRiver\repo/main 
2025-11-09 01:07:03 - INFO - File updated: IFA_Wyandotte_Lake_Wyandotte_15_min.dat 
2025-11-09 01:07:04 - INFO - File updated: IFA_Rothrocks_Rothrocks_15_min.dat 
2025-11-09 01:07:04 - INFO - Updated project metadata 
2025-11-09 01:07:04 - ERROR - Error in commit/push: failed to parse signature - malformed e-mail 
2025-11-09 01:07:04 - WARN - === Sync completed but push failed === 
2025-11-09 02:07:03 - INFO - === Starting sync for project: Blue River Monitoring === 
2025-11-09 02:07:03 - INFO - Pulling latest changes from GitHub... 
2025-11-09 02:07:03 - WARN - Pull failed: Failed to fetch upstream branch: C:\Users\ECI_LLC\Desktop\Live Data\projects\BlueRiver\repo/main 
2025-11-09 02:07:03 - INFO - File updated: IFA_Wyandotte_Lake_Wyandotte_15_min.dat 
2025-11-09 02:07:04 - INFO - File updated: IFA_Rothrocks_Rothrocks_15_min.dat 
2025-11-09 02:07:04 - INFO - Updated project metadata 
2025-11-09 02:07:04 - ERROR - Error in commit/push: failed to parse signature - malformed e-mail 
2025-11-09 02:07:04 - WARN - === Sync completed but push failed === 
2025-11-09 03:07:03 - INFO - === Starting sync for project: Blue River Monitoring === 
2025-11-09 03:07:03 - INFO - Pulling latest changes from GitHub... 
2025-11-09 03:07:03 - WARN - Pull failed: Failed to fetch upstream branch: C:\Users\ECI_LLC\Desktop\Live Data\projects\BlueRiver\repo/main 
2025-11-09 03:07:03 - INFO - File updated: IFA_Wyandotte_Lake_Wyandotte_15_min.dat 
2025-11-09 03:07:04 - INFO - File updated: IFA_Rothrocks_Rothrocks_15_min.dat 
2025-11-09 03:07:04 - INFO - Updated project metadata 
2025-11-09 03:07:04 - ERROR - Error in commit/push: failed to parse signature - malformed e-mail 
2025-11-09 03:07:04 - WARN - === Sync completed but push failed === 
2025-11-09 04:07:03 - INFO - === Starting sync for project: Blue River Monitoring === 
2025-11-09 04:07:03 - INFO - Pulling latest changes from GitHub... 
2025-11-09 04:07:03 - WARN - Pull failed: Failed to fetch upstream branch: C:\Users\ECI_LLC\Desktop\Live Data\projects\BlueRiver\repo/main 
2025-11-09 04:07:03 - INFO - File updated: IFA_Wyandotte_Lake_Wyandotte_15_min.dat 
2025-11-09 04:07:04 - INFO - File updated: IFA_Rothrocks_Rothrocks_15_min.dat 
2025-11-09 04:07:04 - INFO - Updated project metadata 
2025-11-09 04:07:04 - ERROR - Error in commit/push: failed to parse signature - malformed e-mail 
2025-11-09 04:07:04 - WARN - === Sync completed but push failed === 
2025-11-09 05:07:04 - INFO - === Starting sync for project: Blue River Monitoring === 
2025-11-09 05:07:04 - INFO - Pulling latest changes from GitHub... 
2025-11-09 05:07:04 - WARN - Pull failed: Failed to fetch upstream branch: C:\Users\ECI_LLC\Desktop\Live Data\projects\BlueRiver\repo/main 
2025-11-09 05:07:04 - INFO - File updated: IFA_Wyandotte_Lake_Wyandotte_15_min.dat 
2025-11-09 05:07:05 - INFO - File updated: IFA_Rothrocks_Rothrocks_15_min.dat 
2025-11-09 05:07:05 - INFO - Updated project metadata 
2025-11-09 05:07:05 - ERROR - Error in commit/push: failed to parse signature - malformed e-mail 
2025-11-09 05:07:05 - WARN - === Sync completed but push failed === 
2025-11-09 06:07:04 - INFO - === Starting sync for project: Blue River Monitoring === 
2025-11-09 06:07:04 - INFO - Pulling latest changes from GitHub... 
2025-11-09 06:07:04 - WARN - Pull failed: Failed to fetch upstream branch: C:\Users\ECI_LLC\Desktop\Live Data\projects\BlueRiver\repo/main 
2025-11-09 06:07:04 - INFO - File updated: IFA_Wyandotte_Lake_Wyandotte_15_min.dat 
2025-11-09 06:07:05 - INFO - File updated: IFA_Rothrocks_Rothrocks_15_min.dat 
2025-11-09 06:07:05 - INFO - Updated project metadata 
2025-11-09 06:07:05 - ERROR - Error in commit/push: failed to parse signature - malformed e-mail 
2025-11-09 06:07:05 - WARN - === Sync completed but push failed === 
2025-11-09 07:07:03 - INFO - === Starting sync for project: Blue River Monitoring === 
2025-11-09 07:07:03 - INFO - Pulling latest changes from GitHub... 
2025-11-09 07:07:03 - WARN - Pull failed: Failed to fetch upstream branch: C:\Users\ECI_LLC\Desktop\Live Data\projects\BlueRiver\repo/main 
2025-11-09 07:07:03 - INFO - File updated: IFA_Wyandotte_Lake_Wyandotte_15_min.dat 
2025-11-09 07:07:04 - INFO - File updated: IFA_Rothrocks_Rothrocks_15_min.dat 
2025-11-09 07:07:04 - INFO - Updated project metadata 
2025-11-09 07:07:04 - ERROR - Error in commit/push: failed to parse signature - malformed e-mail 
2025-11-09 07:07:04 - WARN - === Sync completed but push failed === 
2025-11-09 08:07:04 - INFO - === Starting sync for project: Blue River Monitoring === 
2025-11-09 08:07:04 - INFO - Pulling latest changes from GitHub... 
2025-11-09 08:07:04 - WARN - Pull failed: Failed to fetch upstream branch: C:\Users\ECI_LLC\Desktop\Live Data\projects\BlueRiver\repo/main 
2025-11-09 08:07:04 - INFO - File updated: IFA_Wyandotte_Lake_Wyandotte_15_min.dat 
2025-11-09 08:07:04 - INFO - File updated: IFA_Rothrocks_Rothrocks_15_min.dat 
2025-11-09 08:07:04 - INFO - Updated project metadata 
2025-11-09 08:07:04 - ERROR - Error in commit/push: failed to parse signature - malformed e-mail 
2025-11-09 08:07:04 - WARN - === Sync completed but push failed === 
2025-11-09 09:07:03 - INFO - === Starting sync for project: Blue River Monitoring === 
2025-11-09 09:07:03 - INFO - Pulling latest changes from GitHub... 
2025-11-09 09:07:03 - WARN - Pull failed: Failed to fetch upstream branch: C:\Users\ECI_LLC\Desktop\Live Data\projects\BlueRiver\repo/main 
2025-11-09 09:07:03 - INFO - File updated: IFA_Wyandotte_Lake_Wyandotte_15_min.dat 
2025-11-09 09:07:04 - INFO - File updated: IFA_Rothrocks_Rothrocks_15_min.dat 
2025-11-09 09:07:04 - INFO - Updated project metadata 
2025-11-09 09:07:04 - ERROR - Error in commit/push: failed to parse signature - malformed e-mail 
2025-11-09 09:07:04 - WARN - === Sync completed but push failed === 
2025-11-09 10:07:03 - INFO - === Starting sync for project: Blue River Monitoring === 
2025-11-09 10:07:03 - INFO - Pulling latest changes from GitHub... 
2025-11-09 10:07:03 - WARN - Pull failed: Failed to fetch upstream branch: C:\Users\ECI_LLC\Desktop\Live Data\projects\BlueRiver\repo/main 
2025-11-09 10:07:03 - INFO - File updated: IFA_Wyandotte_Lake_Wyandotte_15_min.dat 
2025-11-09 10:07:04 - INFO - File updated: IFA_Rothrocks_Rothrocks_15_min.dat 
2025-11-09 10:07:04 - INFO - Updated project metadata 
2025-11-09 10:07:04 - ERROR - Error in commit/push: failed to parse signature - malformed e-mail 
2025-11-09 10:07:04 - WARN - === Sync completed but push failed === 
2025-11-09 11:07:03 - INFO - === Starting sync for project: Blue River Monitoring === 
2025-11-09 11:07:03 - INFO - Pulling latest changes from GitHub... 
2025-11-09 11:07:03 - WARN - Pull failed: Failed to fetch upstream branch: C:\Users\ECI_LLC\Desktop\Live Data\projects\BlueRiver\repo/main 
2025-11-09 11:07:03 - INFO - File updated: IFA_Wyandotte_Lake_Wyandotte_15_min.dat 
2025-11-09 11:07:04 - INFO - File updated: IFA_Rothrocks_Rothrocks_15_min.dat 
2025-11-09 11:07:04 - INFO - Updated project metadata 
2025-11-09 11:07:04 - ERROR - Error in commit/push: failed to parse signature - malformed e-mail 
2025-11-09 11:07:04 - WARN - === Sync completed but push failed === 
2025-11-09 12:07:03 - INFO - === Starting sync for project: Blue River Monitoring === 
2025-11-09 12:07:03 - INFO - Pulling latest changes from GitHub... 
2025-11-09 12:07:03 - WARN - Pull failed: Failed to fetch upstream branch: C:\Users\ECI_LLC\Desktop\Live Data\projects\BlueRiver\repo/main 
2025-11-09 12:07:03 - INFO - File updated: IFA_Wyandotte_Lake_Wyandotte_15_min.dat 
2025-11-09 12:07:04 - INFO - File updated: IFA_Rothrocks_Rothrocks_15_min.dat 
2025-11-09 12:07:04 - INFO - Updated project metadata 
2025-11-09 12:07:04 - ERROR - Error in commit/push: failed to parse signature - malformed e-mail 
2025-11-09 12:07:04 - WARN - === Sync completed but push failed === 
2025-11-09 13:07:03 - INFO - === Starting sync for project: Blue River Monitoring === 
2025-11-09 13:07:03 - INFO - Pulling latest changes from GitHub... 
2025-11-09 13:07:03 - WARN - Pull failed: Failed to fetch upstream branch: C:\Users\ECI_LLC\Desktop\Live Data\projects\BlueRiver\repo/main 
2025-11-09 13:07:03 - INFO - File updated: IFA_Wyandotte_Lake_Wyandotte_15_min.dat 
2025-11-09 13:07:04 - INFO - File updated: IFA_Rothrocks_Rothrocks_15_min.dat 
2025-11-09 13:07:04 - INFO - Updated project metadata 
2025-11-09 13:07:04 - ERROR - Error in commit/push: failed to parse signature - malformed e-mail 
2025-11-09 13:07:04 - WARN - === Sync completed but push failed === 
2025-11-09 14:07:04 - INFO - === Starting sync for project: Blue River Monitoring === 
2025-11-09 14:07:04 - INFO - Pulling latest changes from GitHub... 
2025-11-09 14:07:04 - WARN - Pull failed: Failed to fetch upstream branch: C:\Users\ECI_LLC\Desktop\Live Data\projects\BlueRiver\repo/main 
2025-11-09 14:07:04 - INFO - File updated: IFA_Wyandotte_Lake_Wyandotte_15_min.dat 
2025-11-09 14:07:04 - INFO - File updated: IFA_Rothrocks_Rothrocks_15_min.dat 
2025-11-09 14:07:04 - INFO - Updated project metadata 
2025-11-09 14:07:04 - ERROR - Error in commit/push: failed to parse signature - malformed e-mail 
2025-11-09 14:07:04 - WARN - === Sync completed but push failed === 
2025-11-09 15:07:04 - INFO - === Starting sync for project: Blue River Monitoring === 
2025-11-09 15:07:04 - INFO - Pulling latest changes from GitHub... 
2025-11-09 15:07:04 - WARN - Pull failed: Failed to fetch upstream branch: C:\Users\ECI_LLC\Desktop\Live Data\projects\BlueRiver\repo/main 
2025-11-09 15:07:04 - INFO - File updated: IFA_Wyandotte_Lake_Wyandotte_15_min.dat 
2025-11-09 15:07:04 - INFO - File updated: IFA_Rothrocks_Rothrocks_15_min.dat 
2025-11-09 15:07:04 - INFO - Updated project metadata 
2025-11-09 15:07:04 - ERROR - Error in commit/push: failed to parse signature - malformed e-mail 
2025-11-09 15:07:04 - WARN - === Sync completed but push failed === 
2025-11-09 16:07:04 - INFO - === Starting sync for project: Blue River Monitoring === 
2025-11-09 16:07:04 - INFO - Pulling latest changes from GitHub... 
2025-11-09 16:07:04 - WARN - Pull failed: Failed to fetch upstream branch: C:\Users\ECI_LLC\Desktop\Live Data\projects\BlueRiver\repo/main 
2025-11-09 16:07:04 - INFO - File updated: IFA_Wyandotte_Lake_Wyandotte_15_min.dat 
2025-11-09 16:07:04 - INFO - File updated: IFA_Rothrocks_Rothrocks_15_min.dat 
2025-11-09 16:07:04 - INFO - Updated project metadata 
2025-11-09 16:07:04 - ERROR - Error in commit/push: failed to parse signature - malformed e-mail 
2025-11-09 16:07:04 - WARN - === Sync completed but push failed === 
2025-11-09 17:07:05 - INFO - === Starting sync for project: Blue River Monitoring === 
2025-11-09 17:07:05 - INFO - Pulling latest changes from GitHub... 
2025-11-09 17:07:05 - WARN - Pull failed: Failed to fetch upstream branch: C:\Users\ECI_LLC\Desktop\Live Data\projects\BlueRiver\repo/main 
2025-11-09 17:07:05 - INFO - File updated: IFA_Wyandotte_Lake_Wyandotte_15_min.dat 
2025-11-09 17:07:05 - INFO - File updated: IFA_Rothrocks_Rothrocks_15_min.dat 
2025-11-09 17:07:05 - INFO - Updated project metadata 
2025-11-09 17:07:05 - ERROR - Error in commit/push: failed to parse signature - malformed e-mail 
2025-11-09 17:07:05 - WARN - === Sync completed but push failed === 
2025-11-09 18:07:04 - INFO - === Starting sync for project: Blue River Monitoring === 
2025-11-09 18:07:04 - INFO - Pulling latest changes from GitHub... 
2025-11-09 18:07:04 - WARN - Pull failed: Failed to fetch upstream branch: C:\Users\ECI_LLC\Desktop\Live Data\projects\BlueRiver\repo/main 
2025-11-09 18:07:04 - INFO - File updated: IFA_Wyandotte_Lake_Wyandotte_15_min.dat 
2025-11-09 18:07:05 - INFO - File updated: IFA_Rothrocks_Rothrocks_15_min.dat 
2025-11-09 18:07:05 - INFO - Updated project metadata 
2025-11-09 18:07:05 - ERROR - Error in commit/push: failed to parse signature - malformed e-mail 
2025-11-09 18:07:05 - WARN - === Sync completed but push failed === 
2025-11-09 19:07:04 - INFO - === Starting sync for project: Blue River Monitoring === 
2025-11-09 19:07:04 - INFO - Pulling latest changes from GitHub... 
2025-11-09 19:07:04 - WARN - Pull failed: Failed to fetch upstream branch: C:\Users\ECI_LLC\Desktop\Live Data\projects\BlueRiver\repo/main 
2025-11-09 19:07:04 - INFO - File updated: IFA_Wyandotte_Lake_Wyandotte_15_min.dat 
2025-11-09 19:07:04 - INFO - File updated: IFA_Rothrocks_Rothrocks_15_min.dat 
2025-11-09 19:07:04 - INFO - Updated project metadata 
2025-11-09 19:07:04 - ERROR - Error in commit/push: failed to parse signature - malformed e-mail 
2025-11-09 19:07:04 - WARN - === Sync completed but push failed === 
2025-11-09 20:07:04 - INFO - === Starting sync for project: Blue River Monitoring === 
2025-11-09 20:07:04 - INFO - Pulling latest changes from GitHub... 
2025-11-09 20:07:04 - WARN - Pull failed: Failed to fetch upstream branch: C:\Users\ECI_LLC\Desktop\Live Data\projects\BlueRiver\repo/main 
2025-11-09 20:07:04 - INFO - File updated: IFA_Wyandotte_Lake_Wyandotte_15_min.dat 
2025-11-09 20:07:04 - INFO - File updated: IFA_Rothrocks_Rothrocks_15_min.dat 
2025-11-09 20:07:04 - INFO - Updated project metadata 
2025-11-09 20:07:04 - ERROR - Error in commit/push: failed to parse signature - malformed e-mail 
2025-11-09 20:07:04 - WARN - === Sync completed but push failed === 
2025-11-09 21:07:04 - INFO - === Starting sync for project: Blue River Monitoring === 
2025-11-09 21:07:04 - INFO - Pulling latest changes from GitHub... 
2025-11-09 21:07:04 - WARN - Pull failed: Failed to fetch upstream branch: C:\Users\ECI_LLC\Desktop\Live Data\projects\BlueRiver\repo/main 
2025-11-09 21:07:04 - INFO - File updated: IFA_Wyandotte_Lake_Wyandotte_15_min.dat 
2025-11-09 21:07:04 - INFO - File updated: IFA_Rothrocks_Rothrocks_15_min.dat 
2025-11-09 21:07:04 - INFO - Updated project metadata 
2025-11-09 21:07:04 - ERROR - Error in commit/push: failed to parse signature - malformed e-mail 
2025-11-09 21:07:04 - WARN - === Sync completed but push failed === 
2025-11-09 22:07:04 - INFO - === Starting sync for project: Blue River Monitoring === 
2025-11-09 22:07:04 - INFO - Pulling latest changes from GitHub... 
2025-11-09 22:07:04 - WARN - Pull failed: Failed to fetch upstream branch: C:\Users\ECI_LLC\Desktop\Live Data\projects\BlueRiver\repo/main 
2025-11-09 22:07:04 - INFO - File updated: IFA_Wyandotte_Lake_Wyandotte_15_min.dat 
2025-11-09 22:07:05 - INFO - File updated: IFA_Rothrocks_Rothrocks_15_min.dat 
2025-11-09 22:07:05 - INFO - Updated project metadata 
2025-11-09 22:07:05 - ERROR - Error in commit/push: failed to parse signature - malformed e-mail 
2025-11-09 22:07:05 - WARN - === Sync completed but push failed === 
2025-11-09 23:07:03 - INFO - === Starting sync for project: Blue River Monitoring === 
2025-11-09 23:07:03 - INFO - Pulling latest changes from GitHub... 
2025-11-09 23:07:03 - WARN - Pull failed: Failed to fetch upstream branch: C:\Users\ECI_LLC\Desktop\Live Data\projects\BlueRiver\repo/main 
2025-11-09 23:07:03 - INFO - File updated: IFA_Wyandotte_Lake_Wyandotte_15_min.dat 
2025-11-09 23:07:03 - INFO - File updated: IFA_Rothrocks_Rothrocks_15_min.dat 
2025-11-09 23:07:03 - INFO - Updated project metadata 
2025-11-09 23:07:03 - ERROR - Error in commit/push: failed to parse signature - malformed e-mail 
2025-11-09 23:07:03 - WARN - === Sync completed but push failed === 
2025-11-10 00:07:03 - INFO - === Starting sync for project: Blue River Monitoring === 
2025-11-10 00:07:03 - INFO - Pulling latest changes from GitHub... 
2025-11-10 00:07:03 - WARN - Pull failed: Failed to fetch upstream branch: C:\Users\ECI_LLC\Desktop\Live Data\projects\BlueRiver\repo/main 
2025-11-10 00:07:03 - INFO - File updated: IFA_Wyandotte_Lake_Wyandotte_15_min.dat 
2025-11-10 00:07:03 - INFO - File updated: IFA_Rothrocks_Rothrocks_15_min.dat 
2025-11-10 00:07:03 - INFO - Updated project metadata 
2025-11-10 00:07:03 - ERROR - Error in commit/push: failed to parse signature - malformed e-mail 
2025-11-10 00:07:03 - WARN - === Sync completed but push failed === 
2025-11-10 01:07:03 - INFO - === Starting sync for project: Blue River Monitoring === 
2025-11-10 01:07:03 - INFO - Pulling latest changes from GitHub... 
2025-11-10 01:07:03 - WARN - Pull failed: Failed to fetch upstream branch: C:\Users\ECI_LLC\Desktop\Live Data\projects\BlueRiver\repo/main 
2025-11-10 01:07:03 - INFO - File updated: IFA_Wyandotte_Lake_Wyandotte_15_min.dat 
2025-11-10 01:07:03 - INFO - File updated: IFA_Rothrocks_Rothrocks_15_min.dat 
2025-11-10 01:07:03 - INFO - Updated project metadata 
2025-11-10 01:07:03 - ERROR - Error in commit/push: failed to parse signature - malformed e-mail 
2025-11-10 01:07:03 - WARN - === Sync completed but push failed === 
2025-11-10 02:07:04 - INFO - === Starting sync for project: Blue River Monitoring === 
2025-11-10 02:07:04 - INFO - Pulling latest changes from GitHub... 
2025-11-10 02:07:04 - WARN - Pull failed: Failed to fetch upstream branch: C:\Users\ECI_LLC\Desktop\Live Data\projects\BlueRiver\repo/main 
2025-11-10 02:07:04 - INFO - File updated: IFA_Wyandotte_Lake_Wyandotte_15_min.dat 
2025-11-10 02:07:04 - INFO - File updated: IFA_Rothrocks_Rothrocks_15_min.dat 
2025-11-10 02:07:04 - INFO - Updated project metadata 
2025-11-10 02:07:04 - ERROR - Error in commit/push: failed to parse signature - malformed e-mail 
2025-11-10 02:07:04 - WARN - === Sync completed but push failed === 
2025-11-10 03:07:04 - INFO - === Starting sync for project: Blue River Monitoring === 
2025-11-10 03:07:04 - INFO - Pulling latest changes from GitHub... 
2025-11-10 03:07:04 - WARN - Pull failed: Failed to fetch upstream branch: C:\Users\ECI_LLC\Desktop\Live Data\projects\BlueRiver\repo/main 
2025-11-10 03:07:04 - INFO - File updated: IFA_Wyandotte_Lake_Wyandotte_15_min.dat 
2025-11-10 03:07:04 - INFO - File updated: IFA_Rothrocks_Rothrocks_15_min.dat 
2025-11-10 03:07:04 - INFO - Updated project metadata 
2025-11-10 03:07:04 - ERROR - Error in commit/push: failed to parse signature - malformed e-mail 
2025-11-10 03:07:04 - WARN - === Sync completed but push failed === 
2025-11-10 04:07:03 - INFO - === Starting sync for project: Blue River Monitoring === 
2025-11-10 04:07:03 - INFO - Pulling latest changes from GitHub... 
2025-11-10 04:07:03 - WARN - Pull failed: Failed to fetch upstream branch: C:\Users\ECI_LLC\Desktop\Live Data\projects\BlueRiver\repo/main 
2025-11-10 04:07:03 - INFO - File updated: IFA_Wyandotte_Lake_Wyandotte_15_min.dat 
2025-11-10 04:07:03 - INFO - File updated: IFA_Rothrocks_Rothrocks_15_min.dat 
2025-11-10 04:07:03 - INFO - Updated project metadata 
2025-11-10 04:07:03 - ERROR - Error in commit/push: failed to parse signature - malformed e-mail 
2025-11-10 04:07:03 - WARN - === Sync completed but push failed === 
2025-11-10 05:07:03 - INFO - === Starting sync for project: Blue River Monitoring === 
2025-11-10 05:07:03 - INFO - Pulling latest changes from GitHub... 
2025-11-10 05:07:03 - WARN - Pull failed: Failed to fetch upstream branch: C:\Users\ECI_LLC\Desktop\Live Data\projects\BlueRiver\repo/main 
2025-11-10 05:07:03 - INFO - File updated: IFA_Wyandotte_Lake_Wyandotte_15_min.dat 
2025-11-10 05:07:03 - INFO - File updated: IFA_Rothrocks_Rothrocks_15_min.dat 
2025-11-10 05:07:03 - INFO - Updated project metadata 
2025-11-10 05:07:03 - ERROR - Error in commit/push: failed to parse signature - malformed e-mail 
2025-11-10 05:07:03 - WARN - === Sync completed but push failed === 
2025-11-10 06:07:04 - INFO - === Starting sync for project: Blue River Monitoring === 
2025-11-10 06:07:04 - INFO - Pulling latest changes from GitHub... 
2025-11-10 06:07:04 - WARN - Pull failed: Failed to fetch upstream branch: C:\Users\ECI_LLC\Desktop\Live Data\projects\BlueRiver\repo/main 
2025-11-10 06:07:04 - INFO - File updated: IFA_Wyandotte_Lake_Wyandotte_15_min.dat 
2025-11-10 06:07:04 - INFO - File updated: IFA_Rothrocks_Rothrocks_15_min.dat 
2025-11-10 06:07:04 - INFO - Updated project metadata 
2025-11-10 06:07:04 - ERROR - Error in commit/push: failed to parse signature - malformed e-mail 
2025-11-10 06:07:04 - WARN - === Sync completed but push failed === 
2025-11-10 07:07:04 - INFO - === Starting sync for project: Blue River Monitoring === 
2025-11-10 07:07:04 - INFO - Pulling latest changes from GitHub... 
2025-11-10 07:07:04 - WARN - Pull failed: Failed to fetch upstream branch: C:\Users\ECI_LLC\Desktop\Live Data\projects\BlueRiver\repo/main 
2025-11-10 07:07:04 - INFO - File updated: IFA_Wyandotte_Lake_Wyandotte_15_min.dat 
2025-11-10 07:07:04 - INFO - File updated: IFA_Rothrocks_Rothrocks_15_min.dat 
2025-11-10 07:07:04 - INFO - Updated project metadata 
2025-11-10 07:07:04 - ERROR - Error in commit/push: failed to parse signature - malformed e-mail 
2025-11-10 07:07:04 - WARN - === Sync completed but push failed === 
2025-11-10 08:07:03 - INFO - === Starting sync for project: Blue River Monitoring === 
2025-11-10 08:07:03 - INFO - Pulling latest changes from GitHub... 
2025-11-10 08:07:03 - WARN - Pull failed: Failed to fetch upstream branch: C:\Users\ECI_LLC\Desktop\Live Data\projects\BlueRiver\repo/main 
2025-11-10 08:07:03 - INFO - File updated: IFA_Wyandotte_Lake_Wyandotte_15_min.dat 
2025-11-10 08:07:03 - INFO - File updated: IFA_Rothrocks_Rothrocks_15_min.dat 
2025-11-10 08:07:03 - INFO - Updated project metadata 
2025-11-10 08:07:03 - ERROR - Error in commit/push: failed to parse signature - malformed e-mail 
2025-11-10 08:07:03 - WARN - === Sync completed but push failed === 
2025-11-10 09:07:03 - INFO - === Starting sync for project: Blue River Monitoring === 
2025-11-10 09:07:03 - INFO - Pulling latest changes from GitHub... 
2025-11-10 09:07:03 - WARN - Pull failed: Failed to fetch upstream branch: C:\Users\ECI_LLC\Desktop\Live Data\projects\BlueRiver\repo/main 
2025-11-10 09:07:03 - INFO - File updated: IFA_Wyandotte_Lake_Wyandotte_15_min.dat 
2025-11-10 09:07:03 - INFO - File updated: IFA_Rothrocks_Rothrocks_15_min.dat 
2025-11-10 09:07:03 - INFO - Updated project metadata 
2025-11-10 09:07:03 - ERROR - Error in commit/push: failed to parse signature - malformed e-mail 
2025-11-10 09:07:03 - WARN - === Sync completed but push failed === 
2025-11-10 10:07:04 - INFO - === Starting sync for project: Blue River Monitoring === 
2025-11-10 10:07:04 - INFO - Pulling latest changes from GitHub... 
2025-11-10 10:07:04 - WARN - Pull failed: Failed to fetch upstream branch: C:\Users\ECI_LLC\Desktop\Live Data\projects\BlueRiver\repo/main 
2025-11-10 10:07:04 - INFO - File updated: IFA_Wyandotte_Lake_Wyandotte_15_min.dat 
2025-11-10 10:07:04 - INFO - File updated: IFA_Rothrocks_Rothrocks_15_min.dat 
2025-11-10 10:07:04 - INFO - Updated project metadata 
2025-11-10 10:07:04 - ERROR - Error in commit/push: failed to parse signature - malformed e-mail 
2025-11-10 10:07:04 - WARN - === Sync completed but push failed === 
2025-11-10 11:07:03 - INFO - === Starting sync for project: Blue River Monitoring === 
2025-11-10 11:07:03 - INFO - Pulling latest changes from GitHub... 
2025-11-10 11:07:03 - WARN - Pull failed: Failed to fetch upstream branch: C:\Users\ECI_LLC\Desktop\Live Data\projects\BlueRiver\repo/main 
2025-11-10 11:07:03 - INFO - File updated: IFA_Wyandotte_Lake_Wyandotte_15_min.dat 
2025-11-10 11:07:03 - INFO - File updated: IFA_Rothrocks_Rothrocks_15_min.dat 
2025-11-10 11:07:03 - INFO - Updated project metadata 
2025-11-10 11:07:03 - ERROR - Error in commit/push: failed to parse signature - malformed e-mail 
2025-11-10 11:07:03 - WARN - === Sync completed but push failed === 
2025-11-10 12:07:04 - INFO - === Starting sync for project: Blue River Monitoring === 
2025-11-10 12:07:04 - INFO - Pulling latest changes from GitHub... 
2025-11-10 12:07:04 - WARN - Pull failed: Failed to fetch upstream branch: C:\Users\ECI_LLC\Desktop\Live Data\projects\BlueRiver\repo/main 
2025-11-10 12:07:04 - INFO - File updated: IFA_Wyandotte_Lake_Wyandotte_15_min.dat 
2025-11-10 12:07:05 - INFO - File updated: IFA_Rothrocks_Rothrocks_15_min.dat 
2025-11-10 12:07:05 - INFO - Updated project metadata 
2025-11-10 12:07:05 - ERROR - Error in commit/push: failed to parse signature - malformed e-mail 
2025-11-10 12:07:05 - WARN - === Sync completed but push failed === 
2025-11-10 13:07:03 - INFO - === Starting sync for project: Blue River Monitoring === 
2025-11-10 13:07:04 - INFO - Pulling latest changes from GitHub... 
2025-11-10 13:07:04 - WARN - Pull failed: Failed to fetch upstream branch: C:\Users\ECI_LLC\Desktop\Live Data\projects\BlueRiver\repo/main 
2025-11-10 13:07:04 - INFO - File updated: IFA_Wyandotte_Lake_Wyandotte_15_min.dat 
2025-11-10 13:07:04 - INFO - File updated: IFA_Rothrocks_Rothrocks_15_min.dat 
2025-11-10 13:07:04 - INFO - Updated project metadata 
2025-11-10 13:07:04 - ERROR - Error in commit/push: failed to parse signature - malformed e-mail 
2025-11-10 13:07:04 - WARN - === Sync completed but push failed === 
2025-11-10 14:07:03 - INFO - === Starting sync for project: Blue River Monitoring === 
2025-11-10 14:07:03 - INFO - Pulling latest changes from GitHub... 
2025-11-10 14:07:03 - WARN - Pull failed: Failed to fetch upstream branch: C:\Users\ECI_LLC\Desktop\Live Data\projects\BlueRiver\repo/main 
2025-11-10 14:07:03 - INFO - File updated: IFA_Wyandotte_Lake_Wyandotte_15_min.dat 
2025-11-10 14:07:04 - INFO - File updated: IFA_Rothrocks_Rothrocks_15_min.dat 
2025-11-10 14:07:04 - INFO - Updated project metadata 
2025-11-10 14:07:04 - ERROR - Error in commit/push: failed to parse signature - malformed e-mail 
2025-11-10 14:07:04 - WARN - === Sync completed but push failed === 
2025-11-10 15:07:03 - INFO - === Starting sync for project: Blue River Monitoring === 
2025-11-10 15:07:03 - INFO - Pulling latest changes from GitHub... 
2025-11-10 15:07:03 - WARN - Pull failed: Failed to fetch upstream branch: C:\Users\ECI_LLC\Desktop\Live Data\projects\BlueRiver\repo/main 
2025-11-10 15:07:03 - INFO - File updated: IFA_Wyandotte_Lake_Wyandotte_15_min.dat 
2025-11-10 15:07:04 - INFO - File updated: IFA_Rothrocks_Rothrocks_15_min.dat 
2025-11-10 15:07:04 - INFO - Updated project metadata 
2025-11-10 15:07:04 - ERROR - Error in commit/push: failed to parse signature - malformed e-mail 
2025-11-10 15:07:04 - WARN - === Sync completed but push failed === 
2025-11-10 16:07:03 - INFO - === Starting sync for project: Blue River Monitoring === 
2025-11-10 16:07:03 - INFO - Pulling latest changes from GitHub... 
2025-11-10 16:07:03 - WARN - Pull failed: Failed to fetch upstream branch: C:\Users\ECI_LLC\Desktop\Live Data\projects\BlueRiver\repo/main 
2025-11-10 16:07:03 - INFO - File updated: IFA_Wyandotte_Lake_Wyandotte_15_min.dat 
2025-11-10 16:07:03 - INFO - File updated: IFA_Rothrocks_Rothrocks_15_min.dat 
2025-11-10 16:07:03 - INFO - Updated project metadata 
2025-11-10 16:07:03 - ERROR - Error in commit/push: failed to parse signature - malformed e-mail 
2025-11-10 16:07:03 - WARN - === Sync completed but push failed === 
2025-11-10 17:07:03 - INFO - === Starting sync for project: Blue River Monitoring === 
2025-11-10 17:07:03 - INFO - Pulling latest changes from GitHub... 
2025-11-10 17:07:03 - WARN - Pull failed: Failed to fetch upstream branch: C:\Users\ECI_LLC\Desktop\Live Data\projects\BlueRiver\repo/main 
2025-11-10 17:07:03 - INFO - File updated: IFA_Wyandotte_Lake_Wyandotte_15_min.dat 
2025-11-10 17:07:03 - INFO - File updated: IFA_Rothrocks_Rothrocks_15_min.dat 
2025-11-10 17:07:03 - INFO - Updated project metadata 
2025-11-10 17:07:03 - ERROR - Error in commit/push: failed to parse signature - malformed e-mail 
2025-11-10 17:07:03 - WARN - === Sync completed but push failed === 
2025-11-10 18:07:03 - INFO - === Starting sync for project: Blue River Monitoring === 
2025-11-10 18:07:03 - INFO - Pulling latest changes from GitHub... 
2025-11-10 18:07:03 - WARN - Pull failed: Failed to fetch upstream branch: C:\Users\ECI_LLC\Desktop\Live Data\projects\BlueRiver\repo/main 
2025-11-10 18:07:03 - INFO - File updated: IFA_Wyandotte_Lake_Wyandotte_15_min.dat 
2025-11-10 18:07:03 - INFO - File updated: IFA_Rothrocks_Rothrocks_15_min.dat 
2025-11-10 18:07:03 - INFO - Updated project metadata 
2025-11-10 18:07:03 - ERROR - Error in commit/push: failed to parse signature - malformed e-mail 
2025-11-10 18:07:03 - WARN - === Sync completed but push failed === 
2025-11-10 19:07:04 - INFO - === Starting sync for project: Blue River Monitoring === 
2025-11-10 19:07:04 - INFO - Pulling latest changes from GitHub... 
2025-11-10 19:07:04 - WARN - Pull failed: Failed to fetch upstream branch: C:\Users\ECI_LLC\Desktop\Live Data\projects\BlueRiver\repo/main 
2025-11-10 19:07:04 - INFO - File updated: IFA_Wyandotte_Lake_Wyandotte_15_min.dat 
2025-11-10 19:07:04 - INFO - File updated: IFA_Rothrocks_Rothrocks_15_min.dat 
2025-11-10 19:07:04 - INFO - Updated project metadata 
2025-11-10 19:07:04 - ERROR - Error in commit/push: failed to parse signature - malformed e-mail 
2025-11-10 19:07:04 - WARN - === Sync completed but push failed === 
2025-11-10 20:07:03 - INFO - === Starting sync for project: Blue River Monitoring === 
2025-11-10 20:07:03 - INFO - Pulling latest changes from GitHub... 
2025-11-10 20:07:03 - WARN - Pull failed: Failed to fetch upstream branch: C:\Users\ECI_LLC\Desktop\Live Data\projects\BlueRiver\repo/main 
2025-11-10 20:07:03 - INFO - File updated: IFA_Wyandotte_Lake_Wyandotte_15_min.dat 
2025-11-10 20:07:03 - INFO - File updated: IFA_Rothrocks_Rothrocks_15_min.dat 
2025-11-10 20:07:03 - INFO - Updated project metadata 
2025-11-10 20:07:04 - ERROR - Error in commit/push: failed to parse signature - malformed e-mail 
2025-11-10 20:07:04 - WARN - === Sync completed but push failed === 
2025-11-10 21:07:03 - INFO - === Starting sync for project: Blue River Monitoring === 
2025-11-10 21:07:03 - INFO - Pulling latest changes from GitHub... 
2025-11-10 21:07:03 - WARN - Pull failed: Failed to fetch upstream branch: C:\Users\ECI_LLC\Desktop\Live Data\projects\BlueRiver\repo/main 
2025-11-10 21:07:03 - INFO - File updated: IFA_Wyandotte_Lake_Wyandotte_15_min.dat 
2025-11-10 21:07:04 - INFO - File updated: IFA_Rothrocks_Rothrocks_15_min.dat 
2025-11-10 21:07:04 - INFO - Updated project metadata 
2025-11-10 21:07:04 - ERROR - Error in commit/push: failed to parse signature - malformed e-mail 
2025-11-10 21:07:04 - WARN - === Sync completed but push failed === 
2025-11-10 22:07:03 - INFO - === Starting sync for project: Blue River Monitoring === 
2025-11-10 22:07:03 - INFO - Pulling latest changes from GitHub... 
2025-11-10 22:07:03 - WARN - Pull failed: Failed to fetch upstream branch: C:\Users\ECI_LLC\Desktop\Live Data\projects\BlueRiver\repo/main 
2025-11-10 22:07:03 - INFO - File updated: IFA_Wyandotte_Lake_Wyandotte_15_min.dat 
2025-11-10 22:07:03 - INFO - File updated: IFA_Rothrocks_Rothrocks_15_min.dat 
2025-11-10 22:07:03 - INFO - Updated project metadata 
2025-11-10 22:07:03 - ERROR - Error in commit/push: failed to parse signature - malformed e-mail 
2025-11-10 22:07:03 - WARN - === Sync completed but push failed === 
2025-11-10 23:07:03 - INFO - === Starting sync for project: Blue River Monitoring === 
2025-11-10 23:07:03 - INFO - Pulling latest changes from GitHub... 
2025-11-10 23:07:03 - WARN - Pull failed: Failed to fetch upstream branch: C:\Users\ECI_LLC\Desktop\Live Data\projects\BlueRiver\repo/main 
2025-11-10 23:07:03 - INFO - File updated: IFA_Wyandotte_Lake_Wyandotte_15_min.dat 
2025-11-10 23:07:03 - INFO - File updated: IFA_Rothrocks_Rothrocks_15_min.dat 
2025-11-10 23:07:03 - INFO - Updated project metadata 
2025-11-10 23:07:03 - ERROR - Error in commit/push: failed to parse signature - malformed e-mail 
2025-11-10 23:07:03 - WARN - === Sync completed but push failed === 
2025-11-11 00:07:04 - INFO - === Starting sync for project: Blue River Monitoring === 
2025-11-11 00:07:04 - INFO - Pulling latest changes from GitHub... 
2025-11-11 00:07:04 - WARN - Pull failed: Failed to fetch upstream branch: C:\Users\ECI_LLC\Desktop\Live Data\projects\BlueRiver\repo/main 
2025-11-11 00:07:04 - INFO - File updated: IFA_Wyandotte_Lake_Wyandotte_15_min.dat 
2025-11-11 00:07:04 - INFO - File updated: IFA_Rothrocks_Rothrocks_15_min.dat 
2025-11-11 00:07:04 - INFO - Updated project metadata 
2025-11-11 00:07:04 - ERROR - Error in commit/push: failed to parse signature - malformed e-mail 
2025-11-11 00:07:04 - WARN - === Sync completed but push failed === 
2025-11-11 01:07:03 - INFO - === Starting sync for project: Blue River Monitoring === 
2025-11-11 01:07:03 - INFO - Pulling latest changes from GitHub... 
2025-11-11 01:07:03 - WARN - Pull failed: Failed to fetch upstream branch: C:\Users\ECI_LLC\Desktop\Live Data\projects\BlueRiver\repo/main 
2025-11-11 01:07:03 - INFO - File updated: IFA_Wyandotte_Lake_Wyandotte_15_min.dat 
2025-11-11 01:07:04 - INFO - File updated: IFA_Rothrocks_Rothrocks_15_min.dat 
2025-11-11 01:07:04 - INFO - Updated project metadata 
2025-11-11 01:07:04 - ERROR - Error in commit/push: failed to parse signature - malformed e-mail 
2025-11-11 01:07:04 - WARN - === Sync completed but push failed === 
2025-11-11 02:07:03 - INFO - === Starting sync for project: Blue River Monitoring === 
2025-11-11 02:07:03 - INFO - Pulling latest changes from GitHub... 
2025-11-11 02:07:03 - WARN - Pull failed: Failed to fetch upstream branch: C:\Users\ECI_LLC\Desktop\Live Data\projects\BlueRiver\repo/main 
2025-11-11 02:07:03 - INFO - File updated: IFA_Wyandotte_Lake_Wyandotte_15_min.dat 
2025-11-11 02:07:03 - INFO - File updated: IFA_Rothrocks_Rothrocks_15_min.dat 
2025-11-11 02:07:04 - INFO - Updated project metadata 
2025-11-11 02:07:04 - ERROR - Error in commit/push: failed to parse signature - malformed e-mail 
2025-11-11 02:07:04 - WARN - === Sync completed but push failed === 
2025-11-11 03:07:03 - INFO - === Starting sync for project: Blue River Monitoring === 
2025-11-11 03:07:03 - INFO - Pulling latest changes from GitHub... 
2025-11-11 03:07:03 - WARN - Pull failed: Failed to fetch upstream branch: C:\Users\ECI_LLC\Desktop\Live Data\projects\BlueRiver\repo/main 
2025-11-11 03:07:03 - INFO - File updated: IFA_Wyandotte_Lake_Wyandotte_15_min.dat 
2025-11-11 03:07:04 - INFO - File updated: IFA_Rothrocks_Rothrocks_15_min.dat 
2025-11-11 03:07:04 - INFO - Updated project metadata 
2025-11-11 03:07:04 - ERROR - Error in commit/push: failed to parse signature - malformed e-mail 
2025-11-11 03:07:04 - WARN - === Sync completed but push failed === 
2025-11-11 04:07:03 - INFO - === Starting sync for project: Blue River Monitoring === 
2025-11-11 04:07:03 - INFO - Pulling latest changes from GitHub... 
2025-11-11 04:07:03 - WARN - Pull failed: Failed to fetch upstream branch: C:\Users\ECI_LLC\Desktop\Live Data\projects\BlueRiver\repo/main 
2025-11-11 04:07:03 - INFO - File updated: IFA_Wyandotte_Lake_Wyandotte_15_min.dat 
2025-11-11 04:07:03 - INFO - File updated: IFA_Rothrocks_Rothrocks_15_min.dat 
2025-11-11 04:07:03 - INFO - Updated project metadata 
2025-11-11 04:07:03 - ERROR - Error in commit/push: failed to parse signature - malformed e-mail 
2025-11-11 04:07:03 - WARN - === Sync completed but push failed === 
2025-11-11 05:07:03 - INFO - === Starting sync for project: Blue River Monitoring === 
2025-11-11 05:07:03 - INFO - Pulling latest changes from GitHub... 
2025-11-11 05:07:03 - WARN - Pull failed: Failed to fetch upstream branch: C:\Users\ECI_LLC\Desktop\Live Data\projects\BlueRiver\repo/main 
2025-11-11 05:07:03 - INFO - File updated: IFA_Wyandotte_Lake_Wyandotte_15_min.dat 
2025-11-11 05:07:03 - INFO - File updated: IFA_Rothrocks_Rothrocks_15_min.dat 
2025-11-11 05:07:03 - INFO - Updated project metadata 
2025-11-11 05:07:03 - ERROR - Error in commit/push: failed to parse signature - malformed e-mail 
2025-11-11 05:07:03 - WARN - === Sync completed but push failed === 
2025-11-11 06:07:04 - INFO - === Starting sync for project: Blue River Monitoring === 
2025-11-11 06:07:04 - INFO - Pulling latest changes from GitHub... 
2025-11-11 06:07:04 - WARN - Pull failed: Failed to fetch upstream branch: C:\Users\ECI_LLC\Desktop\Live Data\projects\BlueRiver\repo/main 
2025-11-11 06:07:04 - INFO - File updated: IFA_Wyandotte_Lake_Wyandotte_15_min.dat 
2025-11-11 06:07:04 - INFO - File updated: IFA_Rothrocks_Rothrocks_15_min.dat 
2025-11-11 06:07:04 - INFO - Updated project metadata 
2025-11-11 06:07:04 - ERROR - Error in commit/push: failed to parse signature - malformed e-mail 
2025-11-11 06:07:04 - WARN - === Sync completed but push failed === 
2025-11-11 07:07:04 - INFO - === Starting sync for project: Blue River Monitoring === 
2025-11-11 07:07:04 - INFO - Pulling latest changes from GitHub... 
2025-11-11 07:07:04 - WARN - Pull failed: Failed to fetch upstream branch: C:\Users\ECI_LLC\Desktop\Live Data\projects\BlueRiver\repo/main 
2025-11-11 07:07:04 - INFO - File updated: IFA_Wyandotte_Lake_Wyandotte_15_min.dat 
2025-11-11 07:07:04 - INFO - File updated: IFA_Rothrocks_Rothrocks_15_min.dat 
2025-11-11 07:07:04 - INFO - Updated project metadata 
2025-11-11 07:07:04 - ERROR - Error in commit/push: failed to parse signature - malformed e-mail 
2025-11-11 07:07:04 - WARN - === Sync completed but push failed === 
2025-11-11 08:07:03 - INFO - === Starting sync for project: Blue River Monitoring === 
2025-11-11 08:07:03 - INFO - Pulling latest changes from GitHub... 
2025-11-11 08:07:04 - WARN - Pull failed: Failed to fetch upstream branch: C:\Users\ECI_LLC\Desktop\Live Data\projects\BlueRiver\repo/main 
2025-11-11 08:07:04 - INFO - File updated: IFA_Wyandotte_Lake_Wyandotte_15_min.dat 
2025-11-11 08:07:04 - INFO - File updated: IFA_Rothrocks_Rothrocks_15_min.dat 
2025-11-11 08:07:04 - INFO - Updated project metadata 
2025-11-11 08:07:04 - ERROR - Error in commit/push: failed to parse signature - malformed e-mail 
2025-11-11 08:07:04 - WARN - === Sync completed but push failed === 
2025-11-11 09:07:03 - INFO - === Starting sync for project: Blue River Monitoring === 
2025-11-11 09:07:03 - INFO - Pulling latest changes from GitHub... 
2025-11-11 09:07:03 - WARN - Pull failed: Failed to fetch upstream branch: C:\Users\ECI_LLC\Desktop\Live Data\projects\BlueRiver\repo/main 
2025-11-11 09:07:03 - INFO - File updated: IFA_Wyandotte_Lake_Wyandotte_15_min.dat 
2025-11-11 09:07:04 - INFO - File updated: IFA_Rothrocks_Rothrocks_15_min.dat 
2025-11-11 09:07:04 - INFO - Updated project metadata 
2025-11-11 09:07:04 - ERROR - Error in commit/push: failed to parse signature - malformed e-mail 
2025-11-11 09:07:04 - WARN - === Sync completed but push failed === 
2025-11-11 10:07:03 - INFO - === Starting sync for project: Blue River Monitoring === 
2025-11-11 10:07:03 - INFO - Pulling latest changes from GitHub... 
2025-11-11 10:07:03 - WARN - Pull failed: Failed to fetch upstream branch: C:\Users\ECI_LLC\Desktop\Live Data\projects\BlueRiver\repo/main 
2025-11-11 10:07:03 - INFO - File updated: IFA_Wyandotte_Lake_Wyandotte_15_min.dat 
2025-11-11 10:07:03 - INFO - File updated: IFA_Rothrocks_Rothrocks_15_min.dat 
2025-11-11 10:07:03 - INFO - Updated project metadata 
2025-11-11 10:07:03 - ERROR - Error in commit/push: failed to parse signature - malformed e-mail 
2025-11-11 10:07:03 - WARN - === Sync completed but push failed === 
2025-11-11 11:07:04 - INFO - === Starting sync for project: Blue River Monitoring === 
2025-11-11 11:07:04 - INFO - Pulling latest changes from GitHub... 
2025-11-11 11:07:04 - WARN - Pull failed: Failed to fetch upstream branch: C:\Users\ECI_LLC\Desktop\Live Data\projects\BlueRiver\repo/main 
2025-11-11 11:07:04 - INFO - File updated: IFA_Wyandotte_Lake_Wyandotte_15_min.dat 
2025-11-11 11:07:04 - INFO - File updated: IFA_Rothrocks_Rothrocks_15_min.dat 
2025-11-11 11:07:04 - INFO - Updated project metadata 
2025-11-11 11:07:04 - ERROR - Error in commit/push: failed to parse signature - malformed e-mail 
2025-11-11 11:07:04 - WARN - === Sync completed but push failed === 
2025-11-11 12:07:03 - INFO - === Starting sync for project: Blue River Monitoring === 
2025-11-11 12:07:03 - INFO - Pulling latest changes from GitHub... 
2025-11-11 12:07:03 - WARN - Pull failed: Failed to fetch upstream branch: C:\Users\ECI_LLC\Desktop\Live Data\projects\BlueRiver\repo/main 
2025-11-11 12:07:03 - INFO - File updated: IFA_Wyandotte_Lake_Wyandotte_15_min.dat 
2025-11-11 12:07:03 - INFO - File updated: IFA_Rothrocks_Rothrocks_15_min.dat 
2025-11-11 12:07:03 - INFO - Updated project metadata 
2025-11-11 12:07:03 - ERROR - Error in commit/push: failed to parse signature - malformed e-mail 
2025-11-11 12:07:04 - WARN - === Sync completed but push failed === 
2025-11-11 13:07:03 - INFO - === Starting sync for project: Blue River Monitoring === 
2025-11-11 13:07:03 - INFO - Pulling latest changes from GitHub... 
2025-11-11 13:07:03 - WARN - Pull failed: Failed to fetch upstream branch: C:\Users\ECI_LLC\Desktop\Live Data\projects\BlueRiver\repo/main 
2025-11-11 13:07:03 - INFO - File updated: IFA_Wyandotte_Lake_Wyandotte_15_min.dat 
2025-11-11 13:07:03 - INFO - File updated: IFA_Rothrocks_Rothrocks_15_min.dat 
2025-11-11 13:07:03 - INFO - Updated project metadata 
2025-11-11 13:07:03 - ERROR - Error in commit/push: failed to parse signature - malformed e-mail 
2025-11-11 13:07:03 - WARN - === Sync completed but push failed === 
2025-11-11 14:07:04 - INFO - === Starting sync for project: Blue River Monitoring === 
2025-11-11 14:07:04 - INFO - Pulling latest changes from GitHub... 
2025-11-11 14:07:04 - WARN - Pull failed: Failed to fetch upstream branch: C:\Users\ECI_LLC\Desktop\Live Data\projects\BlueRiver\repo/main 
2025-11-11 14:07:04 - INFO - File updated: IFA_Wyandotte_Lake_Wyandotte_15_min.dat 
2025-11-11 14:07:04 - INFO - File updated: IFA_Rothrocks_Rothrocks_15_min.dat 
2025-11-11 14:07:04 - INFO - Updated project metadata 
2025-11-11 14:07:04 - ERROR - Error in commit/push: failed to parse signature - malformed e-mail 
2025-11-11 14:07:04 - WARN - === Sync completed but push failed === 
2025-11-11 15:07:03 - INFO - === Starting sync for project: Blue River Monitoring === 
2025-11-11 15:07:03 - INFO - Pulling latest changes from GitHub... 
2025-11-11 15:07:03 - WARN - Pull failed: Failed to fetch upstream branch: C:\Users\ECI_LLC\Desktop\Live Data\projects\BlueRiver\repo/main 
2025-11-11 15:07:03 - INFO - File updated: IFA_Wyandotte_Lake_Wyandotte_15_min.dat 
2025-11-11 15:07:04 - INFO - File updated: IFA_Rothrocks_Rothrocks_15_min.dat 
2025-11-11 15:07:04 - INFO - Updated project metadata 
2025-11-11 15:07:04 - ERROR - Error in commit/push: failed to parse signature - malformed e-mail 
2025-11-11 15:07:04 - WARN - === Sync completed but push failed === 
2025-11-11 16:07:04 - INFO - === Starting sync for project: Blue River Monitoring === 
2025-11-11 16:07:04 - INFO - Pulling latest changes from GitHub... 
2025-11-11 16:07:04 - WARN - Pull failed: Failed to fetch upstream branch: C:\Users\ECI_LLC\Desktop\Live Data\projects\BlueRiver\repo/main 
2025-11-11 16:07:04 - INFO - File updated: IFA_Wyandotte_Lake_Wyandotte_15_min.dat 
2025-11-11 16:07:04 - INFO - File updated: IFA_Rothrocks_Rothrocks_15_min.dat 
2025-11-11 16:07:04 - INFO - Updated project metadata 
2025-11-11 16:07:04 - ERROR - Error in commit/push: failed to parse signature - malformed e-mail 
2025-11-11 16:07:04 - WARN - === Sync completed but push failed === 
2025-11-11 17:07:04 - INFO - === Starting sync for project: Blue River Monitoring === 
2025-11-11 17:07:04 - INFO - Pulling latest changes from GitHub... 
2025-11-11 17:07:04 - WARN - Pull failed: Failed to fetch upstream branch: C:\Users\ECI_LLC\Desktop\Live Data\projects\BlueRiver\repo/main 
2025-11-11 17:07:04 - INFO - File updated: IFA_Wyandotte_Lake_Wyandotte_15_min.dat 
2025-11-11 17:07:04 - INFO - File updated: IFA_Rothrocks_Rothrocks_15_min.dat 
2025-11-11 17:07:04 - INFO - Updated project metadata 
2025-11-11 17:07:05 - ERROR - Error in commit/push: failed to parse signature - malformed e-mail 
2025-11-11 17:07:05 - WARN - === Sync completed but push failed === 
2025-11-11 18:07:03 - INFO - === Starting sync for project: Blue River Monitoring === 
2025-11-11 18:07:03 - INFO - Pulling latest changes from GitHub... 
2025-11-11 18:07:03 - WARN - Pull failed: Failed to fetch upstream branch: C:\Users\ECI_LLC\Desktop\Live Data\projects\BlueRiver\repo/main 
2025-11-11 18:07:03 - INFO - File updated: IFA_Wyandotte_Lake_Wyandotte_15_min.dat 
2025-11-11 18:07:03 - INFO - File updated: IFA_Rothrocks_Rothrocks_15_min.dat 
2025-11-11 18:07:03 - INFO - Updated project metadata 
2025-11-11 18:07:03 - ERROR - Error in commit/push: failed to parse signature - malformed e-mail 
2025-11-11 18:07:03 - WARN - === Sync completed but push failed === 
2025-11-11 19:07:03 - INFO - === Starting sync for project: Blue River Monitoring === 
2025-11-11 19:07:03 - INFO - Pulling latest changes from GitHub... 
2025-11-11 19:07:03 - WARN - Pull failed: Failed to fetch upstream branch: C:\Users\ECI_LLC\Desktop\Live Data\projects\BlueRiver\repo/main 
2025-11-11 19:07:03 - INFO - File updated: IFA_Wyandotte_Lake_Wyandotte_15_min.dat 
2025-11-11 19:07:03 - INFO - File updated: IFA_Rothrocks_Rothrocks_15_min.dat 
2025-11-11 19:07:04 - INFO - Updated project metadata 
2025-11-11 19:07:04 - ERROR - Error in commit/push: failed to parse signature - malformed e-mail 
2025-11-11 19:07:04 - WARN - === Sync completed but push failed === 
2025-11-11 20:07:03 - INFO - === Starting sync for project: Blue River Monitoring === 
2025-11-11 20:07:03 - INFO - Pulling latest changes from GitHub... 
2025-11-11 20:07:03 - WARN - Pull failed: Failed to fetch upstream branch: C:\Users\ECI_LLC\Desktop\Live Data\projects\BlueRiver\repo/main 
2025-11-11 20:07:03 - INFO - File updated: IFA_Wyandotte_Lake_Wyandotte_15_min.dat 
2025-11-11 20:07:04 - INFO - File updated: IFA_Rothrocks_Rothrocks_15_min.dat 
2025-11-11 20:07:04 - INFO - Updated project metadata 
2025-11-11 20:07:04 - ERROR - Error in commit/push: failed to parse signature - malformed e-mail 
2025-11-11 20:07:04 - WARN - === Sync completed but push failed === 
2025-11-11 21:07:04 - INFO - === Starting sync for project: Blue River Monitoring === 
2025-11-11 21:07:04 - INFO - Pulling latest changes from GitHub... 
2025-11-11 21:07:04 - WARN - Pull failed: Failed to fetch upstream branch: C:\Users\ECI_LLC\Desktop\Live Data\projects\BlueRiver\repo/main 
2025-11-11 21:07:04 - INFO - File updated: IFA_Wyandotte_Lake_Wyandotte_15_min.dat 
2025-11-11 21:07:05 - INFO - File updated: IFA_Rothrocks_Rothrocks_15_min.dat 
2025-11-11 21:07:05 - INFO - Updated project metadata 
2025-11-11 21:07:05 - ERROR - Error in commit/push: failed to parse signature - malformed e-mail 
2025-11-11 21:07:05 - WARN - === Sync completed but push failed === 
2025-11-11 22:07:03 - INFO - === Starting sync for project: Blue River Monitoring === 
2025-11-11 22:07:03 - INFO - Pulling latest changes from GitHub... 
2025-11-11 22:07:03 - WARN - Pull failed: Failed to fetch upstream branch: C:\Users\ECI_LLC\Desktop\Live Data\projects\BlueRiver\repo/main 
2025-11-11 22:07:03 - INFO - File updated: IFA_Wyandotte_Lake_Wyandotte_15_min.dat 
2025-11-11 22:07:03 - INFO - File updated: IFA_Rothrocks_Rothrocks_15_min.dat 
2025-11-11 22:07:03 - INFO - Updated project metadata 
2025-11-11 22:07:04 - ERROR - Error in commit/push: failed to parse signature - malformed e-mail 
2025-11-11 22:07:04 - WARN - === Sync completed but push failed === 
2025-11-11 23:07:03 - INFO - === Starting sync for project: Blue River Monitoring === 
2025-11-11 23:07:03 - INFO - Pulling latest changes from GitHub... 
2025-11-11 23:07:03 - WARN - Pull failed: Failed to fetch upstream branch: C:\Users\ECI_LLC\Desktop\Live Data\projects\BlueRiver\repo/main 
2025-11-11 23:07:03 - INFO - File updated: IFA_Wyandotte_Lake_Wyandotte_15_min.dat 
2025-11-11 23:07:04 - INFO - File updated: IFA_Rothrocks_Rothrocks_15_min.dat 
2025-11-11 23:07:04 - INFO - Updated project metadata 
2025-11-11 23:07:04 - ERROR - Error in commit/push: failed to parse signature - malformed e-mail 
2025-11-11 23:07:04 - WARN - === Sync completed but push failed === 
2025-11-12 00:07:04 - INFO - === Starting sync for project: Blue River Monitoring === 
2025-11-12 00:07:04 - INFO - Pulling latest changes from GitHub... 
2025-11-12 00:07:04 - WARN - Pull failed: Failed to fetch upstream branch: C:\Users\ECI_LLC\Desktop\Live Data\projects\BlueRiver\repo/main 
2025-11-12 00:07:04 - INFO - File updated: IFA_Wyandotte_Lake_Wyandotte_15_min.dat 
2025-11-12 00:07:04 - INFO - File updated: IFA_Rothrocks_Rothrocks_15_min.dat 
2025-11-12 00:07:04 - INFO - Updated project metadata 
2025-11-12 00:07:05 - ERROR - Error in commit/push: failed to parse signature - malformed e-mail 
2025-11-12 00:07:05 - WARN - === Sync completed but push failed === 
2025-11-12 01:07:03 - INFO - === Starting sync for project: Blue River Monitoring === 
2025-11-12 01:07:03 - INFO - Pulling latest changes from GitHub... 
2025-11-12 01:07:03 - WARN - Pull failed: Failed to fetch upstream branch: C:\Users\ECI_LLC\Desktop\Live Data\projects\BlueRiver\repo/main 
2025-11-12 01:07:03 - INFO - File updated: IFA_Wyandotte_Lake_Wyandotte_15_min.dat 
2025-11-12 01:07:04 - INFO - File updated: IFA_Rothrocks_Rothrocks_15_min.dat 
2025-11-12 01:07:04 - INFO - Updated project metadata 
2025-11-12 01:07:04 - ERROR - Error in commit/push: failed to parse signature - malformed e-mail 
2025-11-12 01:07:04 - WARN - === Sync completed but push failed === 
2025-11-12 02:07:03 - INFO - === Starting sync for project: Blue River Monitoring === 
2025-11-12 02:07:03 - INFO - Pulling latest changes from GitHub... 
2025-11-12 02:07:03 - WARN - Pull failed: Failed to fetch upstream branch: C:\Users\ECI_LLC\Desktop\Live Data\projects\BlueRiver\repo/main 
2025-11-12 02:07:03 - INFO - File updated: IFA_Wyandotte_Lake_Wyandotte_15_min.dat 
2025-11-12 02:07:03 - INFO - File updated: IFA_Rothrocks_Rothrocks_15_min.dat 
2025-11-12 02:07:03 - INFO - Updated project metadata 
2025-11-12 02:07:03 - ERROR - Error in commit/push: failed to parse signature - malformed e-mail 
2025-11-12 02:07:03 - WARN - === Sync completed but push failed === 
2025-11-12 03:07:03 - INFO - === Starting sync for project: Blue River Monitoring === 
2025-11-12 03:07:03 - INFO - Pulling latest changes from GitHub... 
2025-11-12 03:07:03 - WARN - Pull failed: Failed to fetch upstream branch: C:\Users\ECI_LLC\Desktop\Live Data\projects\BlueRiver\repo/main 
2025-11-12 03:07:03 - INFO - File updated: IFA_Wyandotte_Lake_Wyandotte_15_min.dat 
2025-11-12 03:07:03 - INFO - File updated: IFA_Rothrocks_Rothrocks_15_min.dat 
2025-11-12 03:07:03 - INFO - Updated project metadata 
2025-11-12 03:07:04 - ERROR - Error in commit/push: failed to parse signature - malformed e-mail 
2025-11-12 03:07:04 - WARN - === Sync completed but push failed === 
2025-11-12 04:07:03 - INFO - === Starting sync for project: Blue River Monitoring === 
2025-11-12 04:07:03 - INFO - Pulling latest changes from GitHub... 
2025-11-12 04:07:03 - WARN - Pull failed: Failed to fetch upstream branch: C:\Users\ECI_LLC\Desktop\Live Data\projects\BlueRiver\repo/main 
2025-11-12 04:07:03 - INFO - File updated: IFA_Wyandotte_Lake_Wyandotte_15_min.dat 
2025-11-12 04:07:04 - INFO - File updated: IFA_Rothrocks_Rothrocks_15_min.dat 
2025-11-12 04:07:04 - INFO - Updated project metadata 
2025-11-12 04:07:04 - ERROR - Error in commit/push: failed to parse signature - malformed e-mail 
2025-11-12 04:07:04 - WARN - === Sync completed but push failed === 
2025-11-12 05:07:04 - INFO - === Starting sync for project: Blue River Monitoring === 
2025-11-12 05:07:04 - INFO - Pulling latest changes from GitHub... 
2025-11-12 05:07:04 - WARN - Pull failed: Failed to fetch upstream branch: C:\Users\ECI_LLC\Desktop\Live Data\projects\BlueRiver\repo/main 
2025-11-12 05:07:04 - INFO - File updated: IFA_Wyandotte_Lake_Wyandotte_15_min.dat 
2025-11-12 05:07:04 - INFO - File updated: IFA_Rothrocks_Rothrocks_15_min.dat 
2025-11-12 05:07:04 - INFO - Updated project metadata 
2025-11-12 05:07:04 - ERROR - Error in commit/push: failed to parse signature - malformed e-mail 
2025-11-12 05:07:04 - WARN - === Sync completed but push failed === 
2025-11-12 06:07:03 - INFO - === Starting sync for project: Blue River Monitoring === 
2025-11-12 06:07:03 - INFO - Pulling latest changes from GitHub... 
2025-11-12 06:07:03 - WARN - Pull failed: Failed to fetch upstream branch: C:\Users\ECI_LLC\Desktop\Live Data\projects\BlueRiver\repo/main 
2025-11-12 06:07:03 - INFO - File updated: IFA_Wyandotte_Lake_Wyandotte_15_min.dat 
2025-11-12 06:07:03 - INFO - File updated: IFA_Rothrocks_Rothrocks_15_min.dat 
2025-11-12 06:07:03 - INFO - Updated project metadata 
2025-11-12 06:07:03 - ERROR - Error in commit/push: failed to parse signature - malformed e-mail 
2025-11-12 06:07:03 - WARN - === Sync completed but push failed === 
2025-11-12 07:07:04 - INFO - === Starting sync for project: Blue River Monitoring === 
2025-11-12 07:07:04 - INFO - Pulling latest changes from GitHub... 
2025-11-12 07:07:04 - WARN - Pull failed: Failed to fetch upstream branch: C:\Users\ECI_LLC\Desktop\Live Data\projects\BlueRiver\repo/main 
2025-11-12 07:07:04 - INFO - File updated: IFA_Wyandotte_Lake_Wyandotte_15_min.dat 
2025-11-12 07:07:04 - INFO - File updated: IFA_Rothrocks_Rothrocks_15_min.dat 
2025-11-12 07:07:04 - INFO - Updated project metadata 
2025-11-12 07:07:04 - ERROR - Error in commit/push: failed to parse signature - malformed e-mail 
2025-11-12 07:07:04 - WARN - === Sync completed but push failed === 
2025-11-12 08:07:04 - INFO - === Starting sync for project: Blue River Monitoring === 
2025-11-12 08:07:04 - INFO - Pulling latest changes from GitHub... 
2025-11-12 08:07:04 - WARN - Pull failed: Failed to fetch upstream branch: C:\Users\ECI_LLC\Desktop\Live Data\projects\BlueRiver\repo/main 
2025-11-12 08:07:04 - INFO - File updated: IFA_Wyandotte_Lake_Wyandotte_15_min.dat 
2025-11-12 08:07:04 - INFO - File updated: IFA_Rothrocks_Rothrocks_15_min.dat 
2025-11-12 08:07:04 - INFO - Updated project metadata 
2025-11-12 08:07:04 - ERROR - Error in commit/push: failed to parse signature - malformed e-mail 
2025-11-12 08:07:04 - WARN - === Sync completed but push failed === 
2025-11-12 09:07:03 - INFO - === Starting sync for project: Blue River Monitoring === 
2025-11-12 09:07:03 - INFO - Pulling latest changes from GitHub... 
2025-11-12 09:07:03 - WARN - Pull failed: Failed to fetch upstream branch: C:\Users\ECI_LLC\Desktop\Live Data\projects\BlueRiver\repo/main 
2025-11-12 09:07:03 - INFO - File updated: IFA_Wyandotte_Lake_Wyandotte_15_min.dat 
2025-11-12 09:07:03 - INFO - File updated: IFA_Rothrocks_Rothrocks_15_min.dat 
2025-11-12 09:07:03 - INFO - Updated project metadata 
2025-11-12 09:07:04 - ERROR - Error in commit/push: failed to parse signature - malformed e-mail 
2025-11-12 09:07:04 - WARN - === Sync completed but push failed === 
2025-11-12 10:07:03 - INFO - === Starting sync for project: Blue River Monitoring === 
2025-11-12 10:07:03 - INFO - Pulling latest changes from GitHub... 
2025-11-12 10:07:03 - WARN - Pull failed: Failed to fetch upstream branch: C:\Users\ECI_LLC\Desktop\Live Data\projects\BlueRiver\repo/main 
2025-11-12 10:07:03 - INFO - File updated: IFA_Wyandotte_Lake_Wyandotte_15_min.dat 
2025-11-12 10:07:03 - INFO - File updated: IFA_Rothrocks_Rothrocks_15_min.dat 
2025-11-12 10:07:03 - INFO - Updated project metadata 
2025-11-12 10:07:03 - ERROR - Error in commit/push: failed to parse signature - malformed e-mail 
2025-11-12 10:07:04 - WARN - === Sync completed but push failed === 
2025-11-12 11:07:04 - INFO - === Starting sync for project: Blue River Monitoring === 
2025-11-12 11:07:04 - INFO - Pulling latest changes from GitHub... 
2025-11-12 11:07:04 - WARN - Pull failed: Failed to fetch upstream branch: C:\Users\ECI_LLC\Desktop\Live Data\projects\BlueRiver\repo/main 
2025-11-12 11:07:04 - INFO - File updated: IFA_Wyandotte_Lake_Wyandotte_15_min.dat 
2025-11-12 11:07:04 - INFO - File updated: IFA_Rothrocks_Rothrocks_15_min.dat 
2025-11-12 11:07:04 - INFO - Updated project metadata 
2025-11-12 11:07:04 - ERROR - Error in commit/push: failed to parse signature - malformed e-mail 
2025-11-12 11:07:04 - WARN - === Sync completed but push failed === 
2025-11-12 12:07:03 - INFO - === Starting sync for project: Blue River Monitoring === 
2025-11-12 12:07:03 - INFO - Pulling latest changes from GitHub... 
2025-11-12 12:07:03 - WARN - Pull failed: Failed to fetch upstream branch: C:\Users\ECI_LLC\Desktop\Live Data\projects\BlueRiver\repo/main 
2025-11-12 12:07:03 - INFO - File updated: IFA_Wyandotte_Lake_Wyandotte_15_min.dat 
2025-11-12 12:07:04 - INFO - File updated: IFA_Rothrocks_Rothrocks_15_min.dat 
2025-11-12 12:07:04 - INFO - Updated project metadata 
2025-11-12 12:07:04 - ERROR - Error in commit/push: failed to parse signature - malformed e-mail 
2025-11-12 12:07:04 - WARN - === Sync completed but push failed === 
2025-11-12 13:07:03 - INFO - === Starting sync for project: Blue River Monitoring === 
2025-11-12 13:07:03 - INFO - Pulling latest changes from GitHub... 
2025-11-12 13:07:03 - WARN - Pull failed: Failed to fetch upstream branch: C:\Users\ECI_LLC\Desktop\Live Data\projects\BlueRiver\repo/main 
2025-11-12 13:07:03 - INFO - File updated: IFA_Wyandotte_Lake_Wyandotte_15_min.dat 
2025-11-12 13:07:03 - INFO - File updated: IFA_Rothrocks_Rothrocks_15_min.dat 
2025-11-12 13:07:03 - INFO - Updated project metadata 
2025-11-12 13:07:04 - ERROR - Error in commit/push: failed to parse signature - malformed e-mail 
2025-11-12 13:07:04 - WARN - === Sync completed but push failed === 
2025-11-12 14:08:06 - INFO - === Starting sync for project: Blue River Monitoring === 
2025-11-12 14:08:07 - INFO - Pulling latest changes from GitHub... 
2025-11-12 14:08:07 - WARN - Pull failed: Failed to fetch upstream branch: C:\Users\ECI_LLC\Desktop\Live Data\projects\BlueRiver\repo/main 
2025-11-12 14:08:07 - INFO - File updated: IFA_Wyandotte_Lake_Wyandotte_15_min.dat 
2025-11-12 14:08:09 - INFO - File updated: IFA_Rothrocks_Rothrocks_15_min.dat 
2025-11-12 14:08:09 - INFO - Updated project metadata 
2025-11-12 14:08:09 - ERROR - Error in commit/push: failed to parse signature - malformed e-mail 
2025-11-12 14:08:09 - WARN - === Sync completed but push failed === 
2025-11-12 15:07:04 - INFO - === Starting sync for project: Blue River Monitoring === 
2025-11-12 15:07:04 - INFO - Pulling latest changes from GitHub... 
2025-11-12 15:07:04 - WARN - Pull failed: Failed to fetch upstream branch: C:\Users\ECI_LLC\Desktop\Live Data\projects\BlueRiver\repo/main 
2025-11-12 15:07:04 - INFO - File updated: IFA_Wyandotte_Lake_Wyandotte_15_min.dat 
2025-11-12 15:07:04 - INFO - File updated: IFA_Rothrocks_Rothrocks_15_min.dat 
2025-11-12 15:07:04 - INFO - Updated project metadata 
2025-11-12 15:07:05 - ERROR - Error in commit/push: failed to parse signature - malformed e-mail 
2025-11-12 15:07:05 - WARN - === Sync completed but push failed === 
2025-11-12 16:07:04 - INFO - === Starting sync for project: Blue River Monitoring === 
2025-11-12 16:07:04 - INFO - Pulling latest changes from GitHub... 
2025-11-12 16:07:04 - WARN - Pull failed: Failed to fetch upstream branch: C:\Users\ECI_LLC\Desktop\Live Data\projects\BlueRiver\repo/main 
2025-11-12 16:07:04 - INFO - File updated: IFA_Wyandotte_Lake_Wyandotte_15_min.dat 
2025-11-12 16:07:04 - INFO - File updated: IFA_Rothrocks_Rothrocks_15_min.dat 
2025-11-12 16:07:04 - INFO - Updated project metadata 
2025-11-12 16:07:04 - ERROR - Error in commit/push: failed to parse signature - malformed e-mail 
2025-11-12 16:07:04 - WARN - === Sync completed but push failed === 
2025-11-12 17:07:04 - INFO - === Starting sync for project: Blue River Monitoring === 
2025-11-12 17:07:04 - INFO - Pulling latest changes from GitHub... 
2025-11-12 17:07:04 - WARN - Pull failed: Failed to fetch upstream branch: C:\Users\ECI_LLC\Desktop\Live Data\projects\BlueRiver\repo/main 
2025-11-12 17:07:04 - INFO - File updated: IFA_Wyandotte_Lake_Wyandotte_15_min.dat 
2025-11-12 17:07:04 - INFO - File updated: IFA_Rothrocks_Rothrocks_15_min.dat 
2025-11-12 17:07:04 - INFO - Updated project metadata 
2025-11-12 17:07:04 - ERROR - Error in commit/push: failed to parse signature - malformed e-mail 
2025-11-12 17:07:05 - WARN - === Sync completed but push failed === 
2025-11-12 18:07:03 - INFO - === Starting sync for project: Blue River Monitoring === 
2025-11-12 18:07:03 - INFO - Pulling latest changes from GitHub... 
2025-11-12 18:07:03 - WARN - Pull failed: Failed to fetch upstream branch: C:\Users\ECI_LLC\Desktop\Live Data\projects\BlueRiver\repo/main 
2025-11-12 18:07:03 - INFO - File updated: IFA_Wyandotte_Lake_Wyandotte_15_min.dat 
2025-11-12 18:07:03 - INFO - File updated: IFA_Rothrocks_Rothrocks_15_min.dat 
2025-11-12 18:07:03 - INFO - Updated project metadata 
2025-11-12 18:07:04 - ERROR - Error in commit/push: failed to parse signature - malformed e-mail 
2025-11-12 18:07:04 - WARN - === Sync completed but push failed === 
2025-11-12 19:07:04 - INFO - === Starting sync for project: Blue River Monitoring === 
2025-11-12 19:07:04 - INFO - Pulling latest changes from GitHub... 
2025-11-12 19:07:04 - WARN - Pull failed: Failed to fetch upstream branch: C:\Users\ECI_LLC\Desktop\Live Data\projects\BlueRiver\repo/main 
2025-11-12 19:07:04 - INFO - File updated: IFA_Wyandotte_Lake_Wyandotte_15_min.dat 
2025-11-12 19:07:04 - INFO - File updated: IFA_Rothrocks_Rothrocks_15_min.dat 
2025-11-12 19:07:04 - INFO - Updated project metadata 
2025-11-12 19:07:04 - ERROR - Error in commit/push: failed to parse signature - malformed e-mail 
2025-11-12 19:07:04 - WARN - === Sync completed but push failed === 
2025-11-12 20:07:03 - INFO - === Starting sync for project: Blue River Monitoring === 
2025-11-12 20:07:03 - INFO - Pulling latest changes from GitHub... 
2025-11-12 20:07:03 - WARN - Pull failed: Failed to fetch upstream branch: C:\Users\ECI_LLC\Desktop\Live Data\projects\BlueRiver\repo/main 
2025-11-12 20:07:03 - INFO - File updated: IFA_Wyandotte_Lake_Wyandotte_15_min.dat 
2025-11-12 20:07:03 - INFO - File updated: IFA_Rothrocks_Rothrocks_15_min.dat 
2025-11-12 20:07:03 - INFO - Updated project metadata 
2025-11-12 20:07:03 - ERROR - Error in commit/push: failed to parse signature - malformed e-mail 
2025-11-12 20:07:03 - WARN - === Sync completed but push failed === 
2025-11-12 21:07:04 - INFO - === Starting sync for project: Blue River Monitoring === 
2025-11-12 21:07:04 - INFO - Pulling latest changes from GitHub... 
2025-11-12 21:07:04 - WARN - Pull failed: Failed to fetch upstream branch: C:\Users\ECI_LLC\Desktop\Live Data\projects\BlueRiver\repo/main 
2025-11-12 21:07:04 - INFO - File updated: IFA_Wyandotte_Lake_Wyandotte_15_min.dat 
2025-11-12 21:07:04 - INFO - File updated: IFA_Rothrocks_Rothrocks_15_min.dat 
2025-11-12 21:07:04 - INFO - Updated project metadata 
2025-11-12 21:07:04 - ERROR - Error in commit/push: failed to parse signature - malformed e-mail 
2025-11-12 21:07:04 - WARN - === Sync completed but push failed === 
2025-11-12 22:07:03 - INFO - === Starting sync for project: Blue River Monitoring === 
2025-11-12 22:07:03 - INFO - Pulling latest changes from GitHub... 
2025-11-12 22:07:03 - WARN - Pull failed: Failed to fetch upstream branch: C:\Users\ECI_LLC\Desktop\Live Data\projects\BlueRiver\repo/main 
2025-11-12 22:07:03 - INFO - File updated: IFA_Wyandotte_Lake_Wyandotte_15_min.dat 
2025-11-12 22:07:03 - INFO - File updated: IFA_Rothrocks_Rothrocks_15_min.dat 
2025-11-12 22:07:03 - INFO - Updated project metadata 
2025-11-12 22:07:03 - ERROR - Error in commit/push: failed to parse signature - malformed e-mail 
2025-11-12 22:07:03 - WARN - === Sync completed but push failed === 
2025-11-12 23:07:03 - INFO - === Starting sync for project: Blue River Monitoring === 
2025-11-12 23:07:03 - INFO - Pulling latest changes from GitHub... 
2025-11-12 23:07:03 - WARN - Pull failed: Failed to fetch upstream branch: C:\Users\ECI_LLC\Desktop\Live Data\projects\BlueRiver\repo/main 
2025-11-12 23:07:03 - INFO - File updated: IFA_Wyandotte_Lake_Wyandotte_15_min.dat 
2025-11-12 23:07:04 - INFO - File updated: IFA_Rothrocks_Rothrocks_15_min.dat 
2025-11-12 23:07:04 - INFO - Updated project metadata 
2025-11-12 23:07:04 - ERROR - Error in commit/push: failed to parse signature - malformed e-mail 
2025-11-12 23:07:04 - WARN - === Sync completed but push failed === 
2025-11-13 00:07:03 - INFO - === Starting sync for project: Blue River Monitoring === 
2025-11-13 00:07:03 - INFO - Pulling latest changes from GitHub... 
2025-11-13 00:07:03 - WARN - Pull failed: Failed to fetch upstream branch: C:\Users\ECI_LLC\Desktop\Live Data\projects\BlueRiver\repo/main 
2025-11-13 00:07:03 - INFO - File updated: IFA_Wyandotte_Lake_Wyandotte_15_min.dat 
2025-11-13 00:07:03 - INFO - File updated: IFA_Rothrocks_Rothrocks_15_min.dat 
2025-11-13 00:07:04 - INFO - Updated project metadata 
2025-11-13 00:07:04 - ERROR - Error in commit/push: failed to parse signature - malformed e-mail 
2025-11-13 00:07:04 - WARN - === Sync completed but push failed === 
2025-11-13 01:07:03 - INFO - === Starting sync for project: Blue River Monitoring === 
2025-11-13 01:07:03 - INFO - Pulling latest changes from GitHub... 
2025-11-13 01:07:03 - WARN - Pull failed: Failed to fetch upstream branch: C:\Users\ECI_LLC\Desktop\Live Data\projects\BlueRiver\repo/main 
2025-11-13 01:07:03 - INFO - File updated: IFA_Wyandotte_Lake_Wyandotte_15_min.dat 
2025-11-13 01:07:03 - INFO - File updated: IFA_Rothrocks_Rothrocks_15_min.dat 
2025-11-13 01:07:03 - INFO - Updated project metadata 
2025-11-13 01:07:04 - ERROR - Error in commit/push: failed to parse signature - malformed e-mail 
2025-11-13 01:07:04 - WARN - === Sync completed but push failed === 
2025-11-13 02:07:04 - INFO - === Starting sync for project: Blue River Monitoring === 
2025-11-13 02:07:04 - INFO - Pulling latest changes from GitHub... 
2025-11-13 02:07:04 - WARN - Pull failed: Failed to fetch upstream branch: C:\Users\ECI_LLC\Desktop\Live Data\projects\BlueRiver\repo/main 
2025-11-13 02:07:04 - INFO - File updated: IFA_Wyandotte_Lake_Wyandotte_15_min.dat 
2025-11-13 02:07:04 - INFO - File updated: IFA_Rothrocks_Rothrocks_15_min.dat 
2025-11-13 02:07:04 - INFO - Updated project metadata 
2025-11-13 02:07:04 - ERROR - Error in commit/push: failed to parse signature - malformed e-mail 
2025-11-13 02:07:04 - WARN - === Sync completed but push failed === 
2025-11-13 03:07:03 - INFO - === Starting sync for project: Blue River Monitoring === 
2025-11-13 03:07:03 - INFO - Pulling latest changes from GitHub... 
2025-11-13 03:07:03 - WARN - Pull failed: Failed to fetch upstream branch: C:\Users\ECI_LLC\Desktop\Live Data\projects\BlueRiver\repo/main 
2025-11-13 03:07:03 - INFO - File updated: IFA_Wyandotte_Lake_Wyandotte_15_min.dat 
2025-11-13 03:07:03 - INFO - File updated: IFA_Rothrocks_Rothrocks_15_min.dat 
2025-11-13 03:07:03 - INFO - Updated project metadata 
2025-11-13 03:07:03 - ERROR - Error in commit/push: failed to parse signature - malformed e-mail 
2025-11-13 03:07:03 - WARN - === Sync completed but push failed === 
2025-11-13 04:07:03 - INFO - === Starting sync for project: Blue River Monitoring === 
2025-11-13 04:07:03 - INFO - Pulling latest changes from GitHub... 
2025-11-13 04:07:03 - WARN - Pull failed: Failed to fetch upstream branch: C:\Users\ECI_LLC\Desktop\Live Data\projects\BlueRiver\repo/main 
2025-11-13 04:07:03 - INFO - File updated: IFA_Wyandotte_Lake_Wyandotte_15_min.dat 
2025-11-13 04:07:03 - INFO - File updated: IFA_Rothrocks_Rothrocks_15_min.dat 
2025-11-13 04:07:03 - INFO - Updated project metadata 
2025-11-13 04:07:03 - ERROR - Error in commit/push: failed to parse signature - malformed e-mail 
2025-11-13 04:07:03 - WARN - === Sync completed but push failed === 
2025-11-13 05:07:04 - INFO - === Starting sync for project: Blue River Monitoring === 
2025-11-13 05:07:04 - INFO - Pulling latest changes from GitHub... 
2025-11-13 05:07:04 - WARN - Pull failed: Failed to fetch upstream branch: C:\Users\ECI_LLC\Desktop\Live Data\projects\BlueRiver\repo/main 
2025-11-13 05:07:04 - INFO - File updated: IFA_Wyandotte_Lake_Wyandotte_15_min.dat 
2025-11-13 05:07:04 - INFO - File updated: IFA_Rothrocks_Rothrocks_15_min.dat 
2025-11-13 05:07:04 - INFO - Updated project metadata 
2025-11-13 05:07:05 - ERROR - Error in commit/push: failed to parse signature - malformed e-mail 
2025-11-13 05:07:05 - WARN - === Sync completed but push failed === 
2025-11-13 06:07:04 - INFO - === Starting sync for project: Blue River Monitoring === 
2025-11-13 06:07:04 - INFO - Pulling latest changes from GitHub... 
2025-11-13 06:07:04 - WARN - Pull failed: Failed to fetch upstream branch: C:\Users\ECI_LLC\Desktop\Live Data\projects\BlueRiver\repo/main 
2025-11-13 06:07:04 - INFO - File updated: IFA_Wyandotte_Lake_Wyandotte_15_min.dat 
2025-11-13 06:07:04 - INFO - File updated: IFA_Rothrocks_Rothrocks_15_min.dat 
2025-11-13 06:07:04 - INFO - Updated project metadata 
2025-11-13 06:07:04 - ERROR - Error in commit/push: failed to parse signature - malformed e-mail 
2025-11-13 06:07:04 - WARN - === Sync completed but push failed === 
2025-11-13 07:07:04 - INFO - === Starting sync for project: Blue River Monitoring === 
2025-11-13 07:07:04 - INFO - Pulling latest changes from GitHub... 
2025-11-13 07:07:04 - WARN - Pull failed: Failed to fetch upstream branch: C:\Users\ECI_LLC\Desktop\Live Data\projects\BlueRiver\repo/main 
2025-11-13 07:07:04 - INFO - File updated: IFA_Wyandotte_Lake_Wyandotte_15_min.dat 
2025-11-13 07:07:04 - INFO - File updated: IFA_Rothrocks_Rothrocks_15_min.dat 
2025-11-13 07:07:04 - INFO - Updated project metadata 
2025-11-13 07:07:04 - ERROR - Error in commit/push: failed to parse signature - malformed e-mail 
2025-11-13 07:07:04 - WARN - === Sync completed but push failed === 
2025-11-13 08:07:04 - INFO - === Starting sync for project: Blue River Monitoring === 
2025-11-13 08:07:04 - INFO - Pulling latest changes from GitHub... 
2025-11-13 08:07:04 - WARN - Pull failed: Failed to fetch upstream branch: C:\Users\ECI_LLC\Desktop\Live Data\projects\BlueRiver\repo/main 
2025-11-13 08:07:04 - INFO - File updated: IFA_Wyandotte_Lake_Wyandotte_15_min.dat 
2025-11-13 08:07:04 - INFO - File updated: IFA_Rothrocks_Rothrocks_15_min.dat 
2025-11-13 08:07:04 - INFO - Updated project metadata 
2025-11-13 08:07:04 - ERROR - Error in commit/push: failed to parse signature - malformed e-mail 
2025-11-13 08:07:04 - WARN - === Sync completed but push failed === 
2025-11-13 09:07:03 - INFO - === Starting sync for project: Blue River Monitoring === 
2025-11-13 09:07:03 - INFO - Pulling latest changes from GitHub... 
2025-11-13 09:07:03 - WARN - Pull failed: Failed to fetch upstream branch: C:\Users\ECI_LLC\Desktop\Live Data\projects\BlueRiver\repo/main 
2025-11-13 09:07:03 - INFO - File updated: IFA_Wyandotte_Lake_Wyandotte_15_min.dat 
2025-11-13 09:07:03 - INFO - File updated: IFA_Rothrocks_Rothrocks_15_min.dat 
2025-11-13 09:07:03 - INFO - Updated project metadata 
2025-11-13 09:07:03 - ERROR - Error in commit/push: failed to parse signature - malformed e-mail 
2025-11-13 09:07:03 - WARN - === Sync completed but push failed === 
2025-11-13 10:07:03 - INFO - === Starting sync for project: Blue River Monitoring === 
2025-11-13 10:07:03 - INFO - Pulling latest changes from GitHub... 
2025-11-13 10:07:03 - WARN - Pull failed: Failed to fetch upstream branch: C:\Users\ECI_LLC\Desktop\Live Data\projects\BlueRiver\repo/main 
2025-11-13 10:07:03 - INFO - File updated: IFA_Wyandotte_Lake_Wyandotte_15_min.dat 
2025-11-13 10:07:04 - INFO - File updated: IFA_Rothrocks_Rothrocks_15_min.dat 
2025-11-13 10:07:04 - INFO - Updated project metadata 
2025-11-13 10:07:04 - ERROR - Error in commit/push: failed to parse signature - malformed e-mail 
2025-11-13 10:07:04 - WARN - === Sync completed but push failed === 
2025-11-13 11:07:04 - INFO - === Starting sync for project: Blue River Monitoring === 
2025-11-13 11:07:04 - INFO - Pulling latest changes from GitHub... 
2025-11-13 11:07:04 - WARN - Pull failed: Failed to fetch upstream branch: C:\Users\ECI_LLC\Desktop\Live Data\projects\BlueRiver\repo/main 
2025-11-13 11:07:04 - INFO - File updated: IFA_Wyandotte_Lake_Wyandotte_15_min.dat 
2025-11-13 11:07:04 - INFO - File updated: IFA_Rothrocks_Rothrocks_15_min.dat 
2025-11-13 11:07:05 - INFO - Updated project metadata 
2025-11-13 11:07:06 - ERROR - Error in commit/push: failed to parse signature - malformed e-mail 
2025-11-13 11:07:06 - WARN - === Sync completed but push failed === 
2025-11-13 12:07:03 - INFO - === Starting sync for project: Blue River Monitoring === 
2025-11-13 12:07:03 - INFO - Pulling latest changes from GitHub... 
2025-11-13 12:07:03 - WARN - Pull failed: Failed to fetch upstream branch: C:\Users\ECI_LLC\Desktop\Live Data\projects\BlueRiver\repo/main 
2025-11-13 12:07:03 - INFO - File updated: IFA_Wyandotte_Lake_Wyandotte_15_min.dat 
2025-11-13 12:07:04 - INFO - File updated: IFA_Rothrocks_Rothrocks_15_min.dat 
2025-11-13 12:07:04 - INFO - Updated project metadata 
2025-11-13 12:07:04 - ERROR - Error in commit/push: failed to parse signature - malformed e-mail 
2025-11-13 12:07:04 - WARN - === Sync completed but push failed === 
2025-11-13 13:07:03 - INFO - === Starting sync for project: Blue River Monitoring === 
2025-11-13 13:07:03 - INFO - Pulling latest changes from GitHub... 
2025-11-13 13:07:03 - WARN - Pull failed: Failed to fetch upstream branch: C:\Users\ECI_LLC\Desktop\Live Data\projects\BlueRiver\repo/main 
2025-11-13 13:07:03 - INFO - File updated: IFA_Wyandotte_Lake_Wyandotte_15_min.dat 
2025-11-13 13:07:03 - INFO - File updated: IFA_Rothrocks_Rothrocks_15_min.dat 
2025-11-13 13:07:04 - INFO - Updated project metadata 
2025-11-13 13:07:04 - ERROR - Error in commit/push: failed to parse signature - malformed e-mail 
2025-11-13 13:07:04 - WARN - === Sync completed but push failed === 
2025-11-13 14:07:04 - INFO - === Starting sync for project: Blue River Monitoring === 
2025-11-13 14:07:04 - INFO - Pulling latest changes from GitHub... 
2025-11-13 14:07:04 - WARN - Pull failed: Failed to fetch upstream branch: C:\Users\ECI_LLC\Desktop\Live Data\projects\BlueRiver\repo/main 
2025-11-13 14:07:04 - INFO - File updated: IFA_Wyandotte_Lake_Wyandotte_15_min.dat 
2025-11-13 14:07:04 - INFO - File updated: IFA_Rothrocks_Rothrocks_15_min.dat 
2025-11-13 14:07:04 - INFO - Updated project metadata 
2025-11-13 14:07:04 - ERROR - Error in commit/push: failed to parse signature - malformed e-mail 
2025-11-13 14:07:04 - WARN - === Sync completed but push failed === 
2025-11-13 15:07:03 - INFO - === Starting sync for project: Blue River Monitoring === 
2025-11-13 15:07:03 - INFO - Pulling latest changes from GitHub... 
2025-11-13 15:07:03 - WARN - Pull failed: Failed to fetch upstream branch: C:\Users\ECI_LLC\Desktop\Live Data\projects\BlueRiver\repo/main 
2025-11-13 15:07:03 - INFO - File updated: IFA_Wyandotte_Lake_Wyandotte_15_min.dat 
2025-11-13 15:07:04 - INFO - File updated: IFA_Rothrocks_Rothrocks_15_min.dat 
2025-11-13 15:07:04 - INFO - Updated project metadata 
2025-11-13 15:07:04 - ERROR - Error in commit/push: failed to parse signature - malformed e-mail 
2025-11-13 15:07:04 - WARN - === Sync completed but push failed === 
2025-11-13 16:07:03 - INFO - === Starting sync for project: Blue River Monitoring === 
2025-11-13 16:07:03 - INFO - Pulling latest changes from GitHub... 
2025-11-13 16:07:03 - WARN - Pull failed: Failed to fetch upstream branch: C:\Users\ECI_LLC\Desktop\Live Data\projects\BlueRiver\repo/main 
2025-11-13 16:07:03 - INFO - File updated: IFA_Wyandotte_Lake_Wyandotte_15_min.dat 
2025-11-13 16:07:03 - INFO - File updated: IFA_Rothrocks_Rothrocks_15_min.dat 
2025-11-13 16:07:03 - INFO - Updated project metadata 
2025-11-13 16:07:04 - ERROR - Error in commit/push: failed to parse signature - malformed e-mail 
2025-11-13 16:07:04 - WARN - === Sync completed but push failed === 
2025-11-13 17:07:04 - INFO - === Starting sync for project: Blue River Monitoring === 
2025-11-13 17:07:04 - INFO - Pulling latest changes from GitHub... 
2025-11-13 17:07:04 - WARN - Pull failed: Failed to fetch upstream branch: C:\Users\ECI_LLC\Desktop\Live Data\projects\BlueRiver\repo/main 
2025-11-13 17:07:04 - INFO - File updated: IFA_Wyandotte_Lake_Wyandotte_15_min.dat 
2025-11-13 17:07:04 - INFO - File updated: IFA_Rothrocks_Rothrocks_15_min.dat 
2025-11-13 17:07:04 - INFO - Updated project metadata 
2025-11-13 17:07:04 - ERROR - Error in commit/push: failed to parse signature - malformed e-mail 
2025-11-13 17:07:04 - WARN - === Sync completed but push failed === 
2025-11-13 18:07:03 - INFO - === Starting sync for project: Blue River Monitoring === 
2025-11-13 18:07:03 - INFO - Pulling latest changes from GitHub... 
2025-11-13 18:07:03 - WARN - Pull failed: Failed to fetch upstream branch: C:\Users\ECI_LLC\Desktop\Live Data\projects\BlueRiver\repo/main 
2025-11-13 18:07:03 - INFO - File updated: IFA_Wyandotte_Lake_Wyandotte_15_min.dat 
2025-11-13 18:07:03 - INFO - File updated: IFA_Rothrocks_Rothrocks_15_min.dat 
2025-11-13 18:07:03 - INFO - Updated project metadata 
2025-11-13 18:07:03 - ERROR - Error in commit/push: failed to parse signature - malformed e-mail 
2025-11-13 18:07:03 - WARN - === Sync completed but push failed === 
2025-11-13 19:07:04 - INFO - === Starting sync for project: Blue River Monitoring === 
2025-11-13 19:07:04 - INFO - Pulling latest changes from GitHub... 
2025-11-13 19:07:04 - WARN - Pull failed: Failed to fetch upstream branch: C:\Users\ECI_LLC\Desktop\Live Data\projects\BlueRiver\repo/main 
2025-11-13 19:07:04 - INFO - File updated: IFA_Wyandotte_Lake_Wyandotte_15_min.dat 
2025-11-13 19:07:04 - INFO - File updated: IFA_Rothrocks_Rothrocks_15_min.dat 
2025-11-13 19:07:04 - INFO - Updated project metadata 
2025-11-13 19:07:04 - ERROR - Error in commit/push: failed to parse signature - malformed e-mail 
2025-11-13 19:07:04 - WARN - === Sync completed but push failed === 
2025-11-13 20:07:03 - INFO - === Starting sync for project: Blue River Monitoring === 
2025-11-13 20:07:03 - INFO - Pulling latest changes from GitHub... 
2025-11-13 20:07:03 - WARN - Pull failed: Failed to fetch upstream branch: C:\Users\ECI_LLC\Desktop\Live Data\projects\BlueRiver\repo/main 
2025-11-13 20:07:03 - INFO - File updated: IFA_Wyandotte_Lake_Wyandotte_15_min.dat 
2025-11-13 20:07:03 - INFO - File updated: IFA_Rothrocks_Rothrocks_15_min.dat 
2025-11-13 20:07:03 - INFO - Updated project metadata 
2025-11-13 20:07:04 - ERROR - Error in commit/push: failed to parse signature - malformed e-mail 
2025-11-13 20:07:04 - WARN - === Sync completed but push failed === 
2025-11-13 21:07:03 - INFO - === Starting sync for project: Blue River Monitoring === 
2025-11-13 21:07:03 - INFO - Pulling latest changes from GitHub... 
2025-11-13 21:07:03 - WARN - Pull failed: Failed to fetch upstream branch: C:\Users\ECI_LLC\Desktop\Live Data\projects\BlueRiver\repo/main 
2025-11-13 21:07:03 - INFO - File updated: IFA_Wyandotte_Lake_Wyandotte_15_min.dat 
2025-11-13 21:07:03 - INFO - File updated: IFA_Rothrocks_Rothrocks_15_min.dat 
2025-11-13 21:07:03 - INFO - Updated project metadata 
2025-11-13 21:07:03 - ERROR - Error in commit/push: failed to parse signature - malformed e-mail 
2025-11-13 21:07:03 - WARN - === Sync completed but push failed === 
2025-11-13 22:07:03 - INFO - === Starting sync for project: Blue River Monitoring === 
2025-11-13 22:07:03 - INFO - Pulling latest changes from GitHub... 
2025-11-13 22:07:03 - WARN - Pull failed: Failed to fetch upstream branch: C:\Users\ECI_LLC\Desktop\Live Data\projects\BlueRiver\repo/main 
2025-11-13 22:07:03 - INFO - File updated: IFA_Wyandotte_Lake_Wyandotte_15_min.dat 
2025-11-13 22:07:03 - INFO - File updated: IFA_Rothrocks_Rothrocks_15_min.dat 
2025-11-13 22:07:03 - INFO - Updated project metadata 
2025-11-13 22:07:04 - ERROR - Error in commit/push: failed to parse signature - malformed e-mail 
2025-11-13 22:07:04 - WARN - === Sync completed but push failed === 
2025-11-13 23:07:03 - INFO - === Starting sync for project: Blue River Monitoring === 
2025-11-13 23:07:03 - INFO - Pulling latest changes from GitHub... 
2025-11-13 23:07:03 - WARN - Pull failed: Failed to fetch upstream branch: C:\Users\ECI_LLC\Desktop\Live Data\projects\BlueRiver\repo/main 
2025-11-13 23:07:03 - INFO - File updated: IFA_Wyandotte_Lake_Wyandotte_15_min.dat 
2025-11-13 23:07:03 - INFO - File updated: IFA_Rothrocks_Rothrocks_15_min.dat 
2025-11-13 23:07:03 - INFO - Updated project metadata 
2025-11-13 23:07:04 - ERROR - Error in commit/push: failed to parse signature - malformed e-mail 
2025-11-13 23:07:04 - WARN - === Sync completed but push failed === 
2025-11-14 00:07:04 - INFO - === Starting sync for project: Blue River Monitoring === 
2025-11-14 00:07:04 - INFO - Pulling latest changes from GitHub... 
2025-11-14 00:07:04 - WARN - Pull failed: Failed to fetch upstream branch: C:\Users\ECI_LLC\Desktop\Live Data\projects\BlueRiver\repo/main 
2025-11-14 00:07:04 - INFO - File updated: IFA_Wyandotte_Lake_Wyandotte_15_min.dat 
2025-11-14 00:07:04 - INFO - File updated: IFA_Rothrocks_Rothrocks_15_min.dat 
2025-11-14 00:07:04 - INFO - Updated project metadata 
2025-11-14 00:07:04 - ERROR - Error in commit/push: failed to parse signature - malformed e-mail 
2025-11-14 00:07:04 - WARN - === Sync completed but push failed === 
2025-11-14 01:07:03 - INFO - === Starting sync for project: Blue River Monitoring === 
2025-11-14 01:07:03 - INFO - Pulling latest changes from GitHub... 
2025-11-14 01:07:03 - WARN - Pull failed: Failed to fetch upstream branch: C:\Users\ECI_LLC\Desktop\Live Data\projects\BlueRiver\repo/main 
2025-11-14 01:07:03 - INFO - File updated: IFA_Wyandotte_Lake_Wyandotte_15_min.dat 
2025-11-14 01:07:03 - INFO - File updated: IFA_Rothrocks_Rothrocks_15_min.dat 
2025-11-14 01:07:04 - INFO - Updated project metadata 
2025-11-14 01:07:04 - ERROR - Error in commit/push: failed to parse signature - malformed e-mail 
2025-11-14 01:07:04 - WARN - === Sync completed but push failed === 
2025-11-14 02:07:04 - INFO - === Starting sync for project: Blue River Monitoring === 
2025-11-14 02:07:04 - INFO - Pulling latest changes from GitHub... 
2025-11-14 02:07:04 - WARN - Pull failed: Failed to fetch upstream branch: C:\Users\ECI_LLC\Desktop\Live Data\projects\BlueRiver\repo/main 
2025-11-14 02:07:04 - INFO - File updated: IFA_Wyandotte_Lake_Wyandotte_15_min.dat 
2025-11-14 02:07:04 - INFO - File updated: IFA_Rothrocks_Rothrocks_15_min.dat 
2025-11-14 02:07:04 - INFO - Updated project metadata 
2025-11-14 02:07:04 - ERROR - Error in commit/push: failed to parse signature - malformed e-mail 
2025-11-14 02:07:04 - WARN - === Sync completed but push failed === 
2025-11-14 03:07:03 - INFO - === Starting sync for project: Blue River Monitoring === 
2025-11-14 03:07:03 - INFO - Pulling latest changes from GitHub... 
2025-11-14 03:07:03 - WARN - Pull failed: Failed to fetch upstream branch: C:\Users\ECI_LLC\Desktop\Live Data\projects\BlueRiver\repo/main 
2025-11-14 03:07:03 - INFO - File updated: IFA_Wyandotte_Lake_Wyandotte_15_min.dat 
2025-11-14 03:07:03 - INFO - File updated: IFA_Rothrocks_Rothrocks_15_min.dat 
2025-11-14 03:07:03 - INFO - Updated project metadata 
2025-11-14 03:07:04 - ERROR - Error in commit/push: failed to parse signature - malformed e-mail 
2025-11-14 03:07:04 - WARN - === Sync completed but push failed === 
2025-11-14 04:07:04 - INFO - === Starting sync for project: Blue River Monitoring === 
2025-11-14 04:07:04 - INFO - Pulling latest changes from GitHub... 
2025-11-14 04:07:04 - WARN - Pull failed: Failed to fetch upstream branch: C:\Users\ECI_LLC\Desktop\Live Data\projects\BlueRiver\repo/main 
2025-11-14 04:07:04 - INFO - File updated: IFA_Wyandotte_Lake_Wyandotte_15_min.dat 
2025-11-14 04:07:04 - INFO - File updated: IFA_Rothrocks_Rothrocks_15_min.dat 
2025-11-14 04:07:04 - INFO - Updated project metadata 
2025-11-14 04:07:04 - ERROR - Error in commit/push: failed to parse signature - malformed e-mail 
2025-11-14 04:07:04 - WARN - === Sync completed but push failed === 
2025-11-14 05:07:03 - INFO - === Starting sync for project: Blue River Monitoring === 
2025-11-14 05:07:03 - INFO - Pulling latest changes from GitHub... 
2025-11-14 05:07:03 - WARN - Pull failed: Failed to fetch upstream branch: C:\Users\ECI_LLC\Desktop\Live Data\projects\BlueRiver\repo/main 
2025-11-14 05:07:03 - INFO - File updated: IFA_Wyandotte_Lake_Wyandotte_15_min.dat 
2025-11-14 05:07:03 - INFO - File updated: IFA_Rothrocks_Rothrocks_15_min.dat 
2025-11-14 05:07:03 - INFO - Updated project metadata 
2025-11-14 05:07:04 - ERROR - Error in commit/push: failed to parse signature - malformed e-mail 
2025-11-14 05:07:04 - WARN - === Sync completed but push failed === 
2025-11-14 06:07:04 - INFO - === Starting sync for project: Blue River Monitoring === 
2025-11-14 06:07:04 - INFO - Pulling latest changes from GitHub... 
2025-11-14 06:07:04 - WARN - Pull failed: Failed to fetch upstream branch: C:\Users\ECI_LLC\Desktop\Live Data\projects\BlueRiver\repo/main 
2025-11-14 06:07:04 - INFO - File updated: IFA_Wyandotte_Lake_Wyandotte_15_min.dat 
2025-11-14 06:07:04 - INFO - File updated: IFA_Rothrocks_Rothrocks_15_min.dat 
2025-11-14 06:07:04 - INFO - Updated project metadata 
2025-11-14 06:07:04 - ERROR - Error in commit/push: failed to parse signature - malformed e-mail 
2025-11-14 06:07:04 - WARN - === Sync completed but push failed === 
2025-11-14 07:07:04 - INFO - === Starting sync for project: Blue River Monitoring === 
2025-11-14 07:07:04 - INFO - Pulling latest changes from GitHub... 
2025-11-14 07:07:04 - WARN - Pull failed: Failed to fetch upstream branch: C:\Users\ECI_LLC\Desktop\Live Data\projects\BlueRiver\repo/main 
2025-11-14 07:07:04 - INFO - File updated: IFA_Wyandotte_Lake_Wyandotte_15_min.dat 
2025-11-14 07:07:04 - INFO - File updated: IFA_Rothrocks_Rothrocks_15_min.dat 
2025-11-14 07:07:04 - INFO - Updated project metadata 
2025-11-14 07:07:04 - ERROR - Error in commit/push: failed to parse signature - malformed e-mail 
2025-11-14 07:07:04 - WARN - === Sync completed but push failed === 
2025-11-14 08:07:04 - INFO - === Starting sync for project: Blue River Monitoring === 
2025-11-14 08:07:04 - INFO - Pulling latest changes from GitHub... 
2025-11-14 08:07:04 - WARN - Pull failed: Failed to fetch upstream branch: C:\Users\ECI_LLC\Desktop\Live Data\projects\BlueRiver\repo/main 
2025-11-14 08:07:04 - INFO - File updated: IFA_Wyandotte_Lake_Wyandotte_15_min.dat 
2025-11-14 08:07:04 - INFO - File updated: IFA_Rothrocks_Rothrocks_15_min.dat 
2025-11-14 08:07:04 - INFO - Updated project metadata 
2025-11-14 08:07:04 - ERROR - Error in commit/push: failed to parse signature - malformed e-mail 
2025-11-14 08:07:04 - WARN - === Sync completed but push failed === 
2025-11-14 09:07:03 - INFO - === Starting sync for project: Blue River Monitoring === 
2025-11-14 09:07:03 - INFO - Pulling latest changes from GitHub... 
2025-11-14 09:07:03 - WARN - Pull failed: Failed to fetch upstream branch: C:\Users\ECI_LLC\Desktop\Live Data\projects\BlueRiver\repo/main 
2025-11-14 09:07:03 - INFO - File updated: IFA_Wyandotte_Lake_Wyandotte_15_min.dat 
2025-11-14 09:07:03 - INFO - File updated: IFA_Rothrocks_Rothrocks_15_min.dat 
2025-11-14 09:07:03 - INFO - Updated project metadata 
2025-11-14 09:07:04 - ERROR - Error in commit/push: failed to parse signature - malformed e-mail 
2025-11-14 09:07:04 - WARN - === Sync completed but push failed === 
2025-11-14 10:07:03 - INFO - === Starting sync for project: Blue River Monitoring === 
2025-11-14 10:07:03 - INFO - Pulling latest changes from GitHub... 
2025-11-14 10:07:03 - WARN - Pull failed: Failed to fetch upstream branch: C:\Users\ECI_LLC\Desktop\Live Data\projects\BlueRiver\repo/main 
2025-11-14 10:07:03 - INFO - File updated: IFA_Wyandotte_Lake_Wyandotte_15_min.dat 
2025-11-14 10:07:03 - INFO - File updated: IFA_Rothrocks_Rothrocks_15_min.dat 
2025-11-14 10:07:03 - INFO - Updated project metadata 
2025-11-14 10:07:03 - ERROR - Error in commit/push: failed to parse signature - malformed e-mail 
2025-11-14 10:07:03 - WARN - === Sync completed but push failed === 
2025-11-14 11:07:04 - INFO - === Starting sync for project: Blue River Monitoring === 
2025-11-14 11:07:04 - INFO - Pulling latest changes from GitHub... 
2025-11-14 11:07:04 - WARN - Pull failed: Failed to fetch upstream branch: C:\Users\ECI_LLC\Desktop\Live Data\projects\BlueRiver\repo/main 
2025-11-14 11:07:04 - INFO - File updated: IFA_Wyandotte_Lake_Wyandotte_15_min.dat 
2025-11-14 11:07:04 - INFO - File updated: IFA_Rothrocks_Rothrocks_15_min.dat 
2025-11-14 11:07:04 - INFO - Updated project metadata 
2025-11-14 11:07:04 - ERROR - Error in commit/push: failed to parse signature - malformed e-mail 
2025-11-14 11:07:04 - WARN - === Sync completed but push failed === 
2025-11-14 12:07:04 - INFO - === Starting sync for project: Blue River Monitoring === 
2025-11-14 12:07:04 - INFO - Pulling latest changes from GitHub... 
2025-11-14 12:07:04 - WARN - Pull failed: Failed to fetch upstream branch: C:\Users\ECI_LLC\Desktop\Live Data\projects\BlueRiver\repo/main 
2025-11-14 12:07:04 - INFO - File updated: IFA_Wyandotte_Lake_Wyandotte_15_min.dat 
2025-11-14 12:07:04 - INFO - File updated: IFA_Rothrocks_Rothrocks_15_min.dat 
2025-11-14 12:07:04 - INFO - Updated project metadata 
2025-11-14 12:07:04 - ERROR - Error in commit/push: failed to parse signature - malformed e-mail 
2025-11-14 12:07:04 - WARN - === Sync completed but push failed === 
2025-11-14 13:07:03 - INFO - === Starting sync for project: Blue River Monitoring === 
2025-11-14 13:07:03 - INFO - Pulling latest changes from GitHub... 
2025-11-14 13:07:03 - WARN - Pull failed: Failed to fetch upstream branch: C:\Users\ECI_LLC\Desktop\Live Data\projects\BlueRiver\repo/main 
2025-11-14 13:07:03 - INFO - File updated: IFA_Wyandotte_Lake_Wyandotte_15_min.dat 
2025-11-14 13:07:03 - INFO - File updated: IFA_Rothrocks_Rothrocks_15_min.dat 
2025-11-14 13:07:03 - INFO - Updated project metadata 
2025-11-14 13:07:04 - ERROR - Error in commit/push: failed to parse signature - malformed e-mail 
2025-11-14 13:07:04 - WARN - === Sync completed but push failed === 
2025-11-14 14:07:03 - INFO - === Starting sync for project: Blue River Monitoring === 
2025-11-14 14:07:03 - INFO - Pulling latest changes from GitHub... 
2025-11-14 14:07:03 - WARN - Pull failed: Failed to fetch upstream branch: C:\Users\ECI_LLC\Desktop\Live Data\projects\BlueRiver\repo/main 
2025-11-14 14:07:03 - INFO - File updated: IFA_Wyandotte_Lake_Wyandotte_15_min.dat 
2025-11-14 14:07:04 - INFO - File updated: IFA_Rothrocks_Rothrocks_15_min.dat 
2025-11-14 14:07:04 - INFO - Updated project metadata 
2025-11-14 14:07:04 - ERROR - Error in commit/push: failed to parse signature - malformed e-mail 
2025-11-14 14:07:04 - WARN - === Sync completed but push failed === 
2025-11-14 15:07:04 - INFO - === Starting sync for project: Blue River Monitoring === 
2025-11-14 15:07:04 - INFO - Pulling latest changes from GitHub... 
2025-11-14 15:07:04 - WARN - Pull failed: Failed to fetch upstream branch: C:\Users\ECI_LLC\Desktop\Live Data\projects\BlueRiver\repo/main 
2025-11-14 15:07:04 - INFO - File updated: IFA_Wyandotte_Lake_Wyandotte_15_min.dat 
2025-11-14 15:07:04 - INFO - File updated: IFA_Rothrocks_Rothrocks_15_min.dat 
2025-11-14 15:07:04 - INFO - Updated project metadata 
2025-11-14 15:07:04 - ERROR - Error in commit/push: failed to parse signature - malformed e-mail 
2025-11-14 15:07:04 - WARN - === Sync completed but push failed === 
2025-11-14 16:07:04 - INFO - === Starting sync for project: Blue River Monitoring === 
2025-11-14 16:07:04 - INFO - Pulling latest changes from GitHub... 
2025-11-14 16:07:04 - WARN - Pull failed: Failed to fetch upstream branch: C:\Users\ECI_LLC\Desktop\Live Data\projects\BlueRiver\repo/main 
2025-11-14 16:07:04 - INFO - File updated: IFA_Wyandotte_Lake_Wyandotte_15_min.dat 
2025-11-14 16:07:04 - INFO - File updated: IFA_Rothrocks_Rothrocks_15_min.dat 
2025-11-14 16:07:04 - INFO - Updated project metadata 
2025-11-14 16:07:04 - ERROR - Error in commit/push: failed to parse signature - malformed e-mail 
2025-11-14 16:07:04 - WARN - === Sync completed but push failed === 
2025-11-14 17:07:03 - INFO - === Starting sync for project: Blue River Monitoring === 
2025-11-14 17:07:03 - INFO - Pulling latest changes from GitHub... 
2025-11-14 17:07:03 - WARN - Pull failed: Failed to fetch upstream branch: C:\Users\ECI_LLC\Desktop\Live Data\projects\BlueRiver\repo/main 
2025-11-14 17:07:03 - INFO - File updated: IFA_Wyandotte_Lake_Wyandotte_15_min.dat 
2025-11-14 17:07:04 - INFO - File updated: IFA_Rothrocks_Rothrocks_15_min.dat 
2025-11-14 17:07:04 - INFO - Updated project metadata 
2025-11-14 17:07:04 - ERROR - Error in commit/push: failed to parse signature - malformed e-mail 
2025-11-14 17:07:04 - WARN - === Sync completed but push failed === 
2025-11-14 18:07:03 - INFO - === Starting sync for project: Blue River Monitoring === 
2025-11-14 18:07:03 - INFO - Pulling latest changes from GitHub... 
2025-11-14 18:07:03 - WARN - Pull failed: Failed to fetch upstream branch: C:\Users\ECI_LLC\Desktop\Live Data\projects\BlueRiver\repo/main 
2025-11-14 18:07:03 - INFO - File updated: IFA_Wyandotte_Lake_Wyandotte_15_min.dat 
2025-11-14 18:07:03 - INFO - File updated: IFA_Rothrocks_Rothrocks_15_min.dat 
2025-11-14 18:07:03 - INFO - Updated project metadata 
2025-11-14 18:07:03 - ERROR - Error in commit/push: failed to parse signature - malformed e-mail 
2025-11-14 18:07:04 - WARN - === Sync completed but push failed === 
2025-11-14 19:07:03 - INFO - === Starting sync for project: Blue River Monitoring === 
2025-11-14 19:07:03 - INFO - Pulling latest changes from GitHub... 
2025-11-14 19:07:03 - WARN - Pull failed: Failed to fetch upstream branch: C:\Users\ECI_LLC\Desktop\Live Data\projects\BlueRiver\repo/main 
2025-11-14 19:07:03 - INFO - File updated: IFA_Wyandotte_Lake_Wyandotte_15_min.dat 
2025-11-14 19:07:03 - INFO - File updated: IFA_Rothrocks_Rothrocks_15_min.dat 
2025-11-14 19:07:03 - INFO - Updated project metadata 
2025-11-14 19:07:03 - ERROR - Error in commit/push: failed to parse signature - malformed e-mail 
2025-11-14 19:07:03 - WARN - === Sync completed but push failed === 
2025-11-14 20:07:04 - INFO - === Starting sync for project: Blue River Monitoring === 
2025-11-14 20:07:04 - INFO - Pulling latest changes from GitHub... 
2025-11-14 20:07:04 - WARN - Pull failed: Failed to fetch upstream branch: C:\Users\ECI_LLC\Desktop\Live Data\projects\BlueRiver\repo/main 
2025-11-14 20:07:04 - INFO - File updated: IFA_Wyandotte_Lake_Wyandotte_15_min.dat 
2025-11-14 20:07:04 - INFO - File updated: IFA_Rothrocks_Rothrocks_15_min.dat 
2025-11-14 20:07:04 - INFO - Updated project metadata 
2025-11-14 20:07:04 - ERROR - Error in commit/push: failed to parse signature - malformed e-mail 
2025-11-14 20:07:04 - WARN - === Sync completed but push failed === 
2025-11-14 21:07:03 - INFO - === Starting sync for project: Blue River Monitoring === 
2025-11-14 21:07:03 - INFO - Pulling latest changes from GitHub... 
2025-11-14 21:07:03 - WARN - Pull failed: Failed to fetch upstream branch: C:\Users\ECI_LLC\Desktop\Live Data\projects\BlueRiver\repo/main 
2025-11-14 21:07:03 - INFO - File updated: IFA_Wyandotte_Lake_Wyandotte_15_min.dat 
2025-11-14 21:07:03 - INFO - File updated: IFA_Rothrocks_Rothrocks_15_min.dat 
2025-11-14 21:07:03 - INFO - Updated project metadata 
2025-11-14 21:07:04 - ERROR - Error in commit/push: failed to parse signature - malformed e-mail 
2025-11-14 21:07:04 - WARN - === Sync completed but push failed === 
2025-11-14 22:07:03 - INFO - === Starting sync for project: Blue River Monitoring === 
2025-11-14 22:07:03 - INFO - Pulling latest changes from GitHub... 
2025-11-14 22:07:04 - WARN - Pull failed: Failed to fetch upstream branch: C:\Users\ECI_LLC\Desktop\Live Data\projects\BlueRiver\repo/main 
2025-11-14 22:07:04 - INFO - File updated: IFA_Wyandotte_Lake_Wyandotte_15_min.dat 
2025-11-14 22:07:04 - INFO - File updated: IFA_Rothrocks_Rothrocks_15_min.dat 
2025-11-14 22:07:04 - INFO - Updated project metadata 
2025-11-14 22:07:04 - ERROR - Error in commit/push: failed to parse signature - malformed e-mail 
2025-11-14 22:07:04 - WARN - === Sync completed but push failed === 
2025-11-14 23:07:04 - INFO - === Starting sync for project: Blue River Monitoring === 
2025-11-14 23:07:04 - INFO - Pulling latest changes from GitHub... 
2025-11-14 23:07:04 - WARN - Pull failed: Failed to fetch upstream branch: C:\Users\ECI_LLC\Desktop\Live Data\projects\BlueRiver\repo/main 
2025-11-14 23:07:04 - INFO - File updated: IFA_Wyandotte_Lake_Wyandotte_15_min.dat 
2025-11-14 23:07:04 - INFO - File updated: IFA_Rothrocks_Rothrocks_15_min.dat 
2025-11-14 23:07:04 - INFO - Updated project metadata 
2025-11-14 23:07:04 - ERROR - Error in commit/push: failed to parse signature - malformed e-mail 
2025-11-14 23:07:04 - WARN - === Sync completed but push failed === 
2025-11-15 00:07:03 - INFO - === Starting sync for project: Blue River Monitoring === 
2025-11-15 00:07:03 - INFO - Pulling latest changes from GitHub... 
2025-11-15 00:07:03 - WARN - Pull failed: Failed to fetch upstream branch: C:\Users\ECI_LLC\Desktop\Live Data\projects\BlueRiver\repo/main 
2025-11-15 00:07:03 - INFO - File updated: IFA_Wyandotte_Lake_Wyandotte_15_min.dat 
2025-11-15 00:07:04 - INFO - File updated: IFA_Rothrocks_Rothrocks_15_min.dat 
2025-11-15 00:07:04 - INFO - Updated project metadata 
2025-11-15 00:07:04 - ERROR - Error in commit/push: failed to parse signature - malformed e-mail 
2025-11-15 00:07:04 - WARN - === Sync completed but push failed === 
2025-11-15 01:07:03 - INFO - === Starting sync for project: Blue River Monitoring === 
2025-11-15 01:07:03 - INFO - Pulling latest changes from GitHub... 
2025-11-15 01:07:03 - WARN - Pull failed: Failed to fetch upstream branch: C:\Users\ECI_LLC\Desktop\Live Data\projects\BlueRiver\repo/main 
2025-11-15 01:07:03 - INFO - File updated: IFA_Wyandotte_Lake_Wyandotte_15_min.dat 
2025-11-15 01:07:04 - INFO - File updated: IFA_Rothrocks_Rothrocks_15_min.dat 
2025-11-15 01:07:04 - INFO - Updated project metadata 
2025-11-15 01:07:04 - ERROR - Error in commit/push: failed to parse signature - malformed e-mail 
2025-11-15 01:07:04 - WARN - === Sync completed but push failed === 
2025-11-15 02:07:03 - INFO - === Starting sync for project: Blue River Monitoring === 
2025-11-15 02:07:03 - INFO - Pulling latest changes from GitHub... 
2025-11-15 02:07:03 - WARN - Pull failed: Failed to fetch upstream branch: C:\Users\ECI_LLC\Desktop\Live Data\projects\BlueRiver\repo/main 
2025-11-15 02:07:03 - INFO - File updated: IFA_Wyandotte_Lake_Wyandotte_15_min.dat 
2025-11-15 02:07:04 - INFO - File updated: IFA_Rothrocks_Rothrocks_15_min.dat 
2025-11-15 02:07:04 - INFO - Updated project metadata 
2025-11-15 02:07:04 - ERROR - Error in commit/push: failed to parse signature - malformed e-mail 
2025-11-15 02:07:04 - WARN - === Sync completed but push failed === 
2025-11-15 03:07:03 - INFO - === Starting sync for project: Blue River Monitoring === 
2025-11-15 03:07:03 - INFO - Pulling latest changes from GitHub... 
2025-11-15 03:07:03 - WARN - Pull failed: Failed to fetch upstream branch: C:\Users\ECI_LLC\Desktop\Live Data\projects\BlueRiver\repo/main 
2025-11-15 03:07:03 - INFO - File updated: IFA_Wyandotte_Lake_Wyandotte_15_min.dat 
2025-11-15 03:07:04 - INFO - File updated: IFA_Rothrocks_Rothrocks_15_min.dat 
2025-11-15 03:07:04 - INFO - Updated project metadata 
2025-11-15 03:07:04 - ERROR - Error in commit/push: failed to parse signature - malformed e-mail 
2025-11-15 03:07:04 - WARN - === Sync completed but push failed === 
2025-11-15 04:07:03 - INFO - === Starting sync for project: Blue River Monitoring === 
2025-11-15 04:07:03 - INFO - Pulling latest changes from GitHub... 
2025-11-15 04:07:03 - WARN - Pull failed: Failed to fetch upstream branch: C:\Users\ECI_LLC\Desktop\Live Data\projects\BlueRiver\repo/main 
2025-11-15 04:07:03 - INFO - File updated: IFA_Wyandotte_Lake_Wyandotte_15_min.dat 
2025-11-15 04:07:03 - INFO - File updated: IFA_Rothrocks_Rothrocks_15_min.dat 
2025-11-15 04:07:04 - INFO - Updated project metadata 
2025-11-15 04:07:04 - ERROR - Error in commit/push: failed to parse signature - malformed e-mail 
2025-11-15 04:07:04 - WARN - === Sync completed but push failed === 
2025-11-15 05:07:03 - INFO - === Starting sync for project: Blue River Monitoring === 
2025-11-15 05:07:03 - INFO - Pulling latest changes from GitHub... 
2025-11-15 05:07:03 - WARN - Pull failed: Failed to fetch upstream branch: C:\Users\ECI_LLC\Desktop\Live Data\projects\BlueRiver\repo/main 
2025-11-15 05:07:03 - INFO - File updated: IFA_Wyandotte_Lake_Wyandotte_15_min.dat 
2025-11-15 05:07:03 - INFO - File updated: IFA_Rothrocks_Rothrocks_15_min.dat 
2025-11-15 05:07:03 - INFO - Updated project metadata 
2025-11-15 05:07:04 - ERROR - Error in commit/push: failed to parse signature - malformed e-mail 
2025-11-15 05:07:04 - WARN - === Sync completed but push failed === 
2025-11-15 06:07:03 - INFO - === Starting sync for project: Blue River Monitoring === 
2025-11-15 06:07:03 - INFO - Pulling latest changes from GitHub... 
2025-11-15 06:07:03 - WARN - Pull failed: Failed to fetch upstream branch: C:\Users\ECI_LLC\Desktop\Live Data\projects\BlueRiver\repo/main 
2025-11-15 06:07:03 - INFO - File updated: IFA_Wyandotte_Lake_Wyandotte_15_min.dat 
2025-11-15 06:07:03 - INFO - File updated: IFA_Rothrocks_Rothrocks_15_min.dat 
2025-11-15 06:07:03 - INFO - Updated project metadata 
2025-11-15 06:07:04 - ERROR - Error in commit/push: failed to parse signature - malformed e-mail 
2025-11-15 06:07:04 - WARN - === Sync completed but push failed === 
2025-11-15 07:07:03 - INFO - === Starting sync for project: Blue River Monitoring === 
2025-11-15 07:07:03 - INFO - Pulling latest changes from GitHub... 
2025-11-15 07:07:03 - WARN - Pull failed: Failed to fetch upstream branch: C:\Users\ECI_LLC\Desktop\Live Data\projects\BlueRiver\repo/main 
2025-11-15 07:07:03 - INFO - File updated: IFA_Wyandotte_Lake_Wyandotte_15_min.dat 
2025-11-15 07:07:04 - INFO - File updated: IFA_Rothrocks_Rothrocks_15_min.dat 
2025-11-15 07:07:04 - INFO - Updated project metadata 
2025-11-15 07:07:04 - ERROR - Error in commit/push: failed to parse signature - malformed e-mail 
2025-11-15 07:07:04 - WARN - === Sync completed but push failed === 
2025-11-15 08:07:03 - INFO - === Starting sync for project: Blue River Monitoring === 
2025-11-15 08:07:03 - INFO - Pulling latest changes from GitHub... 
2025-11-15 08:07:03 - WARN - Pull failed: Failed to fetch upstream branch: C:\Users\ECI_LLC\Desktop\Live Data\projects\BlueRiver\repo/main 
2025-11-15 08:07:03 - INFO - File updated: IFA_Wyandotte_Lake_Wyandotte_15_min.dat 
2025-11-15 08:07:04 - INFO - File updated: IFA_Rothrocks_Rothrocks_15_min.dat 
2025-11-15 08:07:04 - INFO - Updated project metadata 
2025-11-15 08:07:04 - ERROR - Error in commit/push: failed to parse signature - malformed e-mail 
2025-11-15 08:07:04 - WARN - === Sync completed but push failed === 
2025-11-15 09:07:03 - INFO - === Starting sync for project: Blue River Monitoring === 
2025-11-15 09:07:03 - INFO - Pulling latest changes from GitHub... 
2025-11-15 09:07:03 - WARN - Pull failed: Failed to fetch upstream branch: C:\Users\ECI_LLC\Desktop\Live Data\projects\BlueRiver\repo/main 
2025-11-15 09:07:03 - INFO - File updated: IFA_Wyandotte_Lake_Wyandotte_15_min.dat 
2025-11-15 09:07:04 - INFO - File updated: IFA_Rothrocks_Rothrocks_15_min.dat 
2025-11-15 09:07:04 - INFO - Updated project metadata 
2025-11-15 09:07:04 - ERROR - Error in commit/push: failed to parse signature - malformed e-mail 
2025-11-15 09:07:04 - WARN - === Sync completed but push failed === 
2025-11-15 10:07:03 - INFO - === Starting sync for project: Blue River Monitoring === 
2025-11-15 10:07:03 - INFO - Pulling latest changes from GitHub... 
2025-11-15 10:07:03 - WARN - Pull failed: Failed to fetch upstream branch: C:\Users\ECI_LLC\Desktop\Live Data\projects\BlueRiver\repo/main 
2025-11-15 10:07:03 - INFO - File updated: IFA_Wyandotte_Lake_Wyandotte_15_min.dat 
2025-11-15 10:07:03 - INFO - File updated: IFA_Rothrocks_Rothrocks_15_min.dat 
2025-11-15 10:07:04 - INFO - Updated project metadata 
2025-11-15 10:07:04 - ERROR - Error in commit/push: failed to parse signature - malformed e-mail 
2025-11-15 10:07:04 - WARN - === Sync completed but push failed === 
2025-11-15 11:07:03 - INFO - === Starting sync for project: Blue River Monitoring === 
2025-11-15 11:07:03 - INFO - Pulling latest changes from GitHub... 
2025-11-15 11:07:03 - WARN - Pull failed: Failed to fetch upstream branch: C:\Users\ECI_LLC\Desktop\Live Data\projects\BlueRiver\repo/main 
2025-11-15 11:07:03 - INFO - File updated: IFA_Wyandotte_Lake_Wyandotte_15_min.dat 
2025-11-15 11:07:04 - INFO - File updated: IFA_Rothrocks_Rothrocks_15_min.dat 
2025-11-15 11:07:04 - INFO - Updated project metadata 
2025-11-15 11:07:04 - ERROR - Error in commit/push: failed to parse signature - malformed e-mail 
2025-11-15 11:07:04 - WARN - === Sync completed but push failed === 
2025-11-15 12:07:03 - INFO - === Starting sync for project: Blue River Monitoring === 
2025-11-15 12:07:03 - INFO - Pulling latest changes from GitHub... 
2025-11-15 12:07:03 - WARN - Pull failed: Failed to fetch upstream branch: C:\Users\ECI_LLC\Desktop\Live Data\projects\BlueRiver\repo/main 
2025-11-15 12:07:03 - INFO - File updated: IFA_Wyandotte_Lake_Wyandotte_15_min.dat 
2025-11-15 12:07:03 - INFO - File updated: IFA_Rothrocks_Rothrocks_15_min.dat 
2025-11-15 12:07:04 - INFO - Updated project metadata 
2025-11-15 12:07:04 - ERROR - Error in commit/push: failed to parse signature - malformed e-mail 
2025-11-15 12:07:04 - WARN - === Sync completed but push failed === 
2025-11-15 13:07:03 - INFO - === Starting sync for project: Blue River Monitoring === 
2025-11-15 13:07:03 - INFO - Pulling latest changes from GitHub... 
2025-11-15 13:07:03 - WARN - Pull failed: Failed to fetch upstream branch: C:\Users\ECI_LLC\Desktop\Live Data\projects\BlueRiver\repo/main 
2025-11-15 13:07:03 - INFO - File updated: IFA_Wyandotte_Lake_Wyandotte_15_min.dat 
2025-11-15 13:07:03 - INFO - File updated: IFA_Rothrocks_Rothrocks_15_min.dat 
2025-11-15 13:07:03 - INFO - Updated project metadata 
2025-11-15 13:07:04 - ERROR - Error in commit/push: failed to parse signature - malformed e-mail 
2025-11-15 13:07:04 - WARN - === Sync completed but push failed === 
2025-11-15 14:07:04 - INFO - === Starting sync for project: Blue River Monitoring === 
2025-11-15 14:07:04 - INFO - Pulling latest changes from GitHub... 
2025-11-15 14:07:04 - WARN - Pull failed: Failed to fetch upstream branch: C:\Users\ECI_LLC\Desktop\Live Data\projects\BlueRiver\repo/main 
2025-11-15 14:07:04 - INFO - File updated: IFA_Wyandotte_Lake_Wyandotte_15_min.dat 
2025-11-15 14:07:04 - INFO - File updated: IFA_Rothrocks_Rothrocks_15_min.dat 
2025-11-15 14:07:04 - INFO - Updated project metadata 
2025-11-15 14:07:04 - ERROR - Error in commit/push: failed to parse signature - malformed e-mail 
2025-11-15 14:07:04 - WARN - === Sync completed but push failed === 
2025-11-15 15:07:03 - INFO - === Starting sync for project: Blue River Monitoring === 
2025-11-15 15:07:03 - INFO - Pulling latest changes from GitHub... 
2025-11-15 15:07:03 - WARN - Pull failed: Failed to fetch upstream branch: C:\Users\ECI_LLC\Desktop\Live Data\projects\BlueRiver\repo/main 
2025-11-15 15:07:03 - INFO - File updated: IFA_Wyandotte_Lake_Wyandotte_15_min.dat 
2025-11-15 15:07:04 - INFO - File updated: IFA_Rothrocks_Rothrocks_15_min.dat 
2025-11-15 15:07:04 - INFO - Updated project metadata 
2025-11-15 15:07:04 - ERROR - Error in commit/push: failed to parse signature - malformed e-mail 
2025-11-15 15:07:04 - WARN - === Sync completed but push failed === 
2025-11-15 16:07:03 - INFO - === Starting sync for project: Blue River Monitoring === 
2025-11-15 16:07:03 - INFO - Pulling latest changes from GitHub... 
2025-11-15 16:07:03 - WARN - Pull failed: Failed to fetch upstream branch: C:\Users\ECI_LLC\Desktop\Live Data\projects\BlueRiver\repo/main 
2025-11-15 16:07:03 - INFO - File updated: IFA_Wyandotte_Lake_Wyandotte_15_min.dat 
2025-11-15 16:07:04 - INFO - File updated: IFA_Rothrocks_Rothrocks_15_min.dat 
2025-11-15 16:07:04 - INFO - Updated project metadata 
2025-11-15 16:07:04 - ERROR - Error in commit/push: failed to parse signature - malformed e-mail 
2025-11-15 16:07:04 - WARN - === Sync completed but push failed === 
2025-11-15 17:07:03 - INFO - === Starting sync for project: Blue River Monitoring === 
2025-11-15 17:07:03 - INFO - Pulling latest changes from GitHub... 
2025-11-15 17:07:03 - WARN - Pull failed: Failed to fetch upstream branch: C:\Users\ECI_LLC\Desktop\Live Data\projects\BlueRiver\repo/main 
2025-11-15 17:07:03 - INFO - File updated: IFA_Wyandotte_Lake_Wyandotte_15_min.dat 
2025-11-15 17:07:04 - INFO - File updated: IFA_Rothrocks_Rothrocks_15_min.dat 
2025-11-15 17:07:04 - INFO - Updated project metadata 
2025-11-15 17:07:04 - ERROR - Error in commit/push: failed to parse signature - malformed e-mail 
2025-11-15 17:07:04 - WARN - === Sync completed but push failed === 
2025-11-15 18:07:04 - INFO - === Starting sync for project: Blue River Monitoring === 
2025-11-15 18:07:04 - INFO - Pulling latest changes from GitHub... 
2025-11-15 18:07:04 - WARN - Pull failed: Failed to fetch upstream branch: C:\Users\ECI_LLC\Desktop\Live Data\projects\BlueRiver\repo/main 
2025-11-15 18:07:04 - INFO - File updated: IFA_Wyandotte_Lake_Wyandotte_15_min.dat 
2025-11-15 18:07:04 - INFO - File updated: IFA_Rothrocks_Rothrocks_15_min.dat 
2025-11-15 18:07:04 - INFO - Updated project metadata 
2025-11-15 18:07:04 - ERROR - Error in commit/push: failed to parse signature - malformed e-mail 
2025-11-15 18:07:04 - WARN - === Sync completed but push failed === 
2025-11-15 19:07:03 - INFO - === Starting sync for project: Blue River Monitoring === 
2025-11-15 19:07:03 - INFO - Pulling latest changes from GitHub... 
2025-11-15 19:07:03 - WARN - Pull failed: Failed to fetch upstream branch: C:\Users\ECI_LLC\Desktop\Live Data\projects\BlueRiver\repo/main 
2025-11-15 19:07:03 - INFO - File updated: IFA_Wyandotte_Lake_Wyandotte_15_min.dat 
2025-11-15 19:07:03 - INFO - File updated: IFA_Rothrocks_Rothrocks_15_min.dat 
2025-11-15 19:07:04 - INFO - Updated project metadata 
2025-11-15 19:07:04 - ERROR - Error in commit/push: failed to parse signature - malformed e-mail 
2025-11-15 19:07:04 - WARN - === Sync completed but push failed === 
2025-11-15 20:07:03 - INFO - === Starting sync for project: Blue River Monitoring === 
2025-11-15 20:07:03 - INFO - Pulling latest changes from GitHub... 
2025-11-15 20:07:03 - WARN - Pull failed: Failed to fetch upstream branch: C:\Users\ECI_LLC\Desktop\Live Data\projects\BlueRiver\repo/main 
2025-11-15 20:07:03 - INFO - File updated: IFA_Wyandotte_Lake_Wyandotte_15_min.dat 
2025-11-15 20:07:04 - INFO - File updated: IFA_Rothrocks_Rothrocks_15_min.dat 
2025-11-15 20:07:04 - INFO - Updated project metadata 
2025-11-15 20:07:04 - ERROR - Error in commit/push: failed to parse signature - malformed e-mail 
2025-11-15 20:07:04 - WARN - === Sync completed but push failed === 
2025-11-15 21:07:03 - INFO - === Starting sync for project: Blue River Monitoring === 
2025-11-15 21:07:03 - INFO - Pulling latest changes from GitHub... 
2025-11-15 21:07:03 - WARN - Pull failed: Failed to fetch upstream branch: C:\Users\ECI_LLC\Desktop\Live Data\projects\BlueRiver\repo/main 
2025-11-15 21:07:03 - INFO - File updated: IFA_Wyandotte_Lake_Wyandotte_15_min.dat 
2025-11-15 21:07:04 - INFO - File updated: IFA_Rothrocks_Rothrocks_15_min.dat 
2025-11-15 21:07:04 - INFO - Updated project metadata 
2025-11-15 21:07:04 - ERROR - Error in commit/push: failed to parse signature - malformed e-mail 
2025-11-15 21:07:04 - WARN - === Sync completed but push failed === 
2025-11-15 22:07:03 - INFO - === Starting sync for project: Blue River Monitoring === 
2025-11-15 22:07:03 - INFO - Pulling latest changes from GitHub... 
2025-11-15 22:07:03 - WARN - Pull failed: Failed to fetch upstream branch: C:\Users\ECI_LLC\Desktop\Live Data\projects\BlueRiver\repo/main 
2025-11-15 22:07:03 - INFO - File updated: IFA_Wyandotte_Lake_Wyandotte_15_min.dat 
2025-11-15 22:07:03 - INFO - File updated: IFA_Rothrocks_Rothrocks_15_min.dat 
2025-11-15 22:07:03 - INFO - Updated project metadata 
2025-11-15 22:07:04 - ERROR - Error in commit/push: failed to parse signature - malformed e-mail 
2025-11-15 22:07:04 - WARN - === Sync completed but push failed === 
2025-11-15 23:07:03 - INFO - === Starting sync for project: Blue River Monitoring === 
2025-11-15 23:07:03 - INFO - Pulling latest changes from GitHub... 
2025-11-15 23:07:03 - WARN - Pull failed: Failed to fetch upstream branch: C:\Users\ECI_LLC\Desktop\Live Data\projects\BlueRiver\repo/main 
2025-11-15 23:07:03 - INFO - File updated: IFA_Wyandotte_Lake_Wyandotte_15_min.dat 
2025-11-15 23:07:04 - INFO - File updated: IFA_Rothrocks_Rothrocks_15_min.dat 
2025-11-15 23:07:04 - INFO - Updated project metadata 
2025-11-15 23:07:04 - ERROR - Error in commit/push: failed to parse signature - malformed e-mail 
2025-11-15 23:07:04 - WARN - === Sync completed but push failed === 
2025-11-16 00:07:03 - INFO - === Starting sync for project: Blue River Monitoring === 
2025-11-16 00:07:03 - INFO - Pulling latest changes from GitHub... 
2025-11-16 00:07:03 - WARN - Pull failed: Failed to fetch upstream branch: C:\Users\ECI_LLC\Desktop\Live Data\projects\BlueRiver\repo/main 
2025-11-16 00:07:03 - INFO - File updated: IFA_Wyandotte_Lake_Wyandotte_15_min.dat 
2025-11-16 00:07:04 - INFO - File updated: IFA_Rothrocks_Rothrocks_15_min.dat 
2025-11-16 00:07:04 - INFO - Updated project metadata 
2025-11-16 00:07:04 - ERROR - Error in commit/push: failed to parse signature - malformed e-mail 
2025-11-16 00:07:04 - WARN - === Sync completed but push failed === 
2025-11-16 01:07:03 - INFO - === Starting sync for project: Blue River Monitoring === 
2025-11-16 01:07:03 - INFO - Pulling latest changes from GitHub... 
2025-11-16 01:07:03 - WARN - Pull failed: Failed to fetch upstream branch: C:\Users\ECI_LLC\Desktop\Live Data\projects\BlueRiver\repo/main 
2025-11-16 01:07:03 - INFO - File updated: IFA_Wyandotte_Lake_Wyandotte_15_min.dat 
2025-11-16 01:07:04 - INFO - File updated: IFA_Rothrocks_Rothrocks_15_min.dat 
2025-11-16 01:07:04 - INFO - Updated project metadata 
2025-11-16 01:07:04 - ERROR - Error in commit/push: failed to parse signature - malformed e-mail 
2025-11-16 01:07:04 - WARN - === Sync completed but push failed === 
2025-11-16 02:07:03 - INFO - === Starting sync for project: Blue River Monitoring === 
2025-11-16 02:07:03 - INFO - Pulling latest changes from GitHub... 
2025-11-16 02:07:03 - WARN - Pull failed: Failed to fetch upstream branch: C:\Users\ECI_LLC\Desktop\Live Data\projects\BlueRiver\repo/main 
2025-11-16 02:07:03 - INFO - File updated: IFA_Wyandotte_Lake_Wyandotte_15_min.dat 
2025-11-16 02:07:04 - INFO - File updated: IFA_Rothrocks_Rothrocks_15_min.dat 
2025-11-16 02:07:04 - INFO - Updated project metadata 
2025-11-16 02:07:04 - ERROR - Error in commit/push: failed to parse signature - malformed e-mail 
2025-11-16 02:07:04 - WARN - === Sync completed but push failed === 
2025-11-16 03:07:03 - INFO - === Starting sync for project: Blue River Monitoring === 
2025-11-16 03:07:03 - INFO - Pulling latest changes from GitHub... 
2025-11-16 03:07:03 - WARN - Pull failed: Failed to fetch upstream branch: C:\Users\ECI_LLC\Desktop\Live Data\projects\BlueRiver\repo/main 
2025-11-16 03:07:03 - INFO - File updated: IFA_Wyandotte_Lake_Wyandotte_15_min.dat 
2025-11-16 03:07:03 - INFO - File updated: IFA_Rothrocks_Rothrocks_15_min.dat 
2025-11-16 03:07:04 - INFO - Updated project metadata 
2025-11-16 03:07:04 - ERROR - Error in commit/push: failed to parse signature - malformed e-mail 
2025-11-16 03:07:04 - WARN - === Sync completed but push failed === 
2025-11-16 04:07:03 - INFO - === Starting sync for project: Blue River Monitoring === 
2025-11-16 04:07:03 - INFO - Pulling latest changes from GitHub... 
2025-11-16 04:07:03 - WARN - Pull failed: Failed to fetch upstream branch: C:\Users\ECI_LLC\Desktop\Live Data\projects\BlueRiver\repo/main 
2025-11-16 04:07:03 - INFO - File updated: IFA_Wyandotte_Lake_Wyandotte_15_min.dat 
2025-11-16 04:07:04 - INFO - File updated: IFA_Rothrocks_Rothrocks_15_min.dat 
2025-11-16 04:07:04 - INFO - Updated project metadata 
2025-11-16 04:07:04 - ERROR - Error in commit/push: failed to parse signature - malformed e-mail 
2025-11-16 04:07:04 - WARN - === Sync completed but push failed === 
2025-11-16 05:07:03 - INFO - === Starting sync for project: Blue River Monitoring === 
2025-11-16 05:07:03 - INFO - Pulling latest changes from GitHub... 
2025-11-16 05:07:03 - WARN - Pull failed: Failed to fetch upstream branch: C:\Users\ECI_LLC\Desktop\Live Data\projects\BlueRiver\repo/main 
2025-11-16 05:07:03 - INFO - File updated: IFA_Wyandotte_Lake_Wyandotte_15_min.dat 
2025-11-16 05:07:03 - INFO - File updated: IFA_Rothrocks_Rothrocks_15_min.dat 
2025-11-16 05:07:04 - INFO - Updated project metadata 
2025-11-16 05:07:04 - ERROR - Error in commit/push: failed to parse signature - malformed e-mail 
2025-11-16 05:07:04 - WARN - === Sync completed but push failed === 
2025-11-16 06:07:03 - INFO - === Starting sync for project: Blue River Monitoring === 
2025-11-16 06:07:03 - INFO - Pulling latest changes from GitHub... 
2025-11-16 06:07:03 - WARN - Pull failed: Failed to fetch upstream branch: C:\Users\ECI_LLC\Desktop\Live Data\projects\BlueRiver\repo/main 
2025-11-16 06:07:03 - INFO - File updated: IFA_Wyandotte_Lake_Wyandotte_15_min.dat 
2025-11-16 06:07:03 - INFO - File updated: IFA_Rothrocks_Rothrocks_15_min.dat 
2025-11-16 06:07:03 - INFO - Updated project metadata 
2025-11-16 06:07:04 - ERROR - Error in commit/push: failed to parse signature - malformed e-mail 
2025-11-16 06:07:04 - WARN - === Sync completed but push failed === 
2025-11-16 07:07:03 - INFO - === Starting sync for project: Blue River Monitoring === 
2025-11-16 07:07:03 - INFO - Pulling latest changes from GitHub... 
2025-11-16 07:07:03 - WARN - Pull failed: Failed to fetch upstream branch: C:\Users\ECI_LLC\Desktop\Live Data\projects\BlueRiver\repo/main 
2025-11-16 07:07:03 - INFO - File updated: IFA_Wyandotte_Lake_Wyandotte_15_min.dat 
2025-11-16 07:07:04 - INFO - File updated: IFA_Rothrocks_Rothrocks_15_min.dat 
2025-11-16 07:07:04 - INFO - Updated project metadata 
2025-11-16 07:07:04 - ERROR - Error in commit/push: failed to parse signature - malformed e-mail 
2025-11-16 07:07:04 - WARN - === Sync completed but push failed === 
2025-11-16 08:07:03 - INFO - === Starting sync for project: Blue River Monitoring === 
2025-11-16 08:07:03 - INFO - Pulling latest changes from GitHub... 
2025-11-16 08:07:03 - WARN - Pull failed: Failed to fetch upstream branch: C:\Users\ECI_LLC\Desktop\Live Data\projects\BlueRiver\repo/main 
2025-11-16 08:07:03 - INFO - File updated: IFA_Wyandotte_Lake_Wyandotte_15_min.dat 
2025-11-16 08:07:03 - INFO - File updated: IFA_Rothrocks_Rothrocks_15_min.dat 
2025-11-16 08:07:04 - INFO - Updated project metadata 
2025-11-16 08:07:04 - ERROR - Error in commit/push: failed to parse signature - malformed e-mail 
2025-11-16 08:07:04 - WARN - === Sync completed but push failed === 
2025-11-16 09:07:03 - INFO - === Starting sync for project: Blue River Monitoring === 
2025-11-16 09:07:03 - INFO - Pulling latest changes from GitHub... 
2025-11-16 09:07:03 - WARN - Pull failed: Failed to fetch upstream branch: C:\Users\ECI_LLC\Desktop\Live Data\projects\BlueRiver\repo/main 
2025-11-16 09:07:03 - INFO - File updated: IFA_Wyandotte_Lake_Wyandotte_15_min.dat 
2025-11-16 09:07:04 - INFO - File updated: IFA_Rothrocks_Rothrocks_15_min.dat 
2025-11-16 09:07:04 - INFO - Updated project metadata 
2025-11-16 09:07:04 - ERROR - Error in commit/push: failed to parse signature - malformed e-mail 
2025-11-16 09:07:04 - WARN - === Sync completed but push failed === 
2025-11-16 10:07:03 - INFO - === Starting sync for project: Blue River Monitoring === 
2025-11-16 10:07:03 - INFO - Pulling latest changes from GitHub... 
2025-11-16 10:07:03 - WARN - Pull failed: Failed to fetch upstream branch: C:\Users\ECI_LLC\Desktop\Live Data\projects\BlueRiver\repo/main 
2025-11-16 10:07:03 - INFO - File updated: IFA_Wyandotte_Lake_Wyandotte_15_min.dat 
2025-11-16 10:07:03 - INFO - File updated: IFA_Rothrocks_Rothrocks_15_min.dat 
2025-11-16 10:07:04 - INFO - Updated project metadata 
2025-11-16 10:07:04 - ERROR - Error in commit/push: failed to parse signature - malformed e-mail 
2025-11-16 10:07:04 - WARN - === Sync completed but push failed === 
2025-11-16 11:07:04 - INFO - === Starting sync for project: Blue River Monitoring === 
2025-11-16 11:07:04 - INFO - Pulling latest changes from GitHub... 
2025-11-16 11:07:04 - WARN - Pull failed: Failed to fetch upstream branch: C:\Users\ECI_LLC\Desktop\Live Data\projects\BlueRiver\repo/main 
2025-11-16 11:07:04 - INFO - File updated: IFA_Wyandotte_Lake_Wyandotte_15_min.dat 
2025-11-16 11:07:04 - INFO - File updated: IFA_Rothrocks_Rothrocks_15_min.dat 
2025-11-16 11:07:04 - INFO - Updated project metadata 
2025-11-16 11:07:04 - ERROR - Error in commit/push: failed to parse signature - malformed e-mail 
2025-11-16 11:07:04 - WARN - === Sync completed but push failed === 
2025-11-16 12:07:03 - INFO - === Starting sync for project: Blue River Monitoring === 
2025-11-16 12:07:03 - INFO - Pulling latest changes from GitHub... 
2025-11-16 12:07:04 - WARN - Pull failed: Failed to fetch upstream branch: C:\Users\ECI_LLC\Desktop\Live Data\projects\BlueRiver\repo/main 
2025-11-16 12:07:04 - INFO - File updated: IFA_Wyandotte_Lake_Wyandotte_15_min.dat 
2025-11-16 12:07:04 - INFO - File updated: IFA_Rothrocks_Rothrocks_15_min.dat 
2025-11-16 12:07:04 - INFO - Updated project metadata 
2025-11-16 12:07:04 - ERROR - Error in commit/push: failed to parse signature - malformed e-mail 
2025-11-16 12:07:04 - WARN - === Sync completed but push failed === 
2025-11-16 13:07:03 - INFO - === Starting sync for project: Blue River Monitoring === 
2025-11-16 13:07:03 - INFO - Pulling latest changes from GitHub... 
2025-11-16 13:07:03 - WARN - Pull failed: Failed to fetch upstream branch: C:\Users\ECI_LLC\Desktop\Live Data\projects\BlueRiver\repo/main 
2025-11-16 13:07:03 - INFO - File updated: IFA_Wyandotte_Lake_Wyandotte_15_min.dat 
2025-11-16 13:07:05 - INFO - File updated: IFA_Rothrocks_Rothrocks_15_min.dat 
2025-11-16 13:07:05 - INFO - Updated project metadata 
2025-11-16 13:07:05 - ERROR - Error in commit/push: failed to parse signature - malformed e-mail 
2025-11-16 13:07:05 - WARN - === Sync completed but push failed === 
2025-11-16 14:07:04 - INFO - === Starting sync for project: Blue River Monitoring === 
2025-11-16 14:07:04 - INFO - Pulling latest changes from GitHub... 
2025-11-16 14:07:04 - WARN - Pull failed: Failed to fetch upstream branch: C:\Users\ECI_LLC\Desktop\Live Data\projects\BlueRiver\repo/main 
2025-11-16 14:07:04 - INFO - File updated: IFA_Wyandotte_Lake_Wyandotte_15_min.dat 
2025-11-16 14:07:04 - INFO - File updated: IFA_Rothrocks_Rothrocks_15_min.dat 
2025-11-16 14:07:04 - INFO - Updated project metadata 
2025-11-16 14:07:04 - ERROR - Error in commit/push: failed to parse signature - malformed e-mail 
2025-11-16 14:07:04 - WARN - === Sync completed but push failed === 
2025-11-16 15:07:03 - INFO - === Starting sync for project: Blue River Monitoring === 
2025-11-16 15:07:03 - INFO - Pulling latest changes from GitHub... 
2025-11-16 15:07:03 - WARN - Pull failed: Failed to fetch upstream branch: C:\Users\ECI_LLC\Desktop\Live Data\projects\BlueRiver\repo/main 
2025-11-16 15:07:03 - INFO - File updated: IFA_Wyandotte_Lake_Wyandotte_15_min.dat 
2025-11-16 15:07:04 - INFO - File updated: IFA_Rothrocks_Rothrocks_15_min.dat 
2025-11-16 15:07:04 - INFO - Updated project metadata 
2025-11-16 15:07:04 - ERROR - Error in commit/push: failed to parse signature - malformed e-mail 
2025-11-16 15:07:04 - WARN - === Sync completed but push failed === 
2025-11-16 16:07:03 - INFO - === Starting sync for project: Blue River Monitoring === 
2025-11-16 16:07:03 - INFO - Pulling latest changes from GitHub... 
2025-11-16 16:07:03 - WARN - Pull failed: Failed to fetch upstream branch: C:\Users\ECI_LLC\Desktop\Live Data\projects\BlueRiver\repo/main 
2025-11-16 16:07:03 - INFO - File updated: IFA_Wyandotte_Lake_Wyandotte_15_min.dat 
2025-11-16 16:07:04 - INFO - File updated: IFA_Rothrocks_Rothrocks_15_min.dat 
2025-11-16 16:07:04 - INFO - Updated project metadata 
2025-11-16 16:07:04 - ERROR - Error in commit/push: failed to parse signature - malformed e-mail 
2025-11-16 16:07:04 - WARN - === Sync completed but push failed === 
2025-11-16 17:07:03 - INFO - === Starting sync for project: Blue River Monitoring === 
2025-11-16 17:07:03 - INFO - Pulling latest changes from GitHub... 
2025-11-16 17:07:03 - WARN - Pull failed: Failed to fetch upstream branch: C:\Users\ECI_LLC\Desktop\Live Data\projects\BlueRiver\repo/main 
2025-11-16 17:07:03 - INFO - File updated: IFA_Wyandotte_Lake_Wyandotte_15_min.dat 
2025-11-16 17:07:04 - INFO - File updated: IFA_Rothrocks_Rothrocks_15_min.dat 
2025-11-16 17:07:04 - INFO - Updated project metadata 
2025-11-16 17:07:04 - ERROR - Error in commit/push: failed to parse signature - malformed e-mail 
2025-11-16 17:07:04 - WARN - === Sync completed but push failed === 
2025-11-16 18:07:03 - INFO - === Starting sync for project: Blue River Monitoring === 
2025-11-16 18:07:03 - INFO - Pulling latest changes from GitHub... 
2025-11-16 18:07:03 - WARN - Pull failed: Failed to fetch upstream branch: C:\Users\ECI_LLC\Desktop\Live Data\projects\BlueRiver\repo/main 
2025-11-16 18:07:03 - INFO - File updated: IFA_Wyandotte_Lake_Wyandotte_15_min.dat 
2025-11-16 18:07:04 - INFO - File updated: IFA_Rothrocks_Rothrocks_15_min.dat 
2025-11-16 18:07:04 - INFO - Updated project metadata 
2025-11-16 18:07:04 - ERROR - Error in commit/push: failed to parse signature - malformed e-mail 
2025-11-16 18:07:04 - WARN - === Sync completed but push failed === 
2025-11-16 19:07:03 - INFO - === Starting sync for project: Blue River Monitoring === 
2025-11-16 19:07:03 - INFO - Pulling latest changes from GitHub... 
2025-11-16 19:07:03 - WARN - Pull failed: Failed to fetch upstream branch: C:\Users\ECI_LLC\Desktop\Live Data\projects\BlueRiver\repo/main 
2025-11-16 19:07:03 - INFO - File updated: IFA_Wyandotte_Lake_Wyandotte_15_min.dat 
2025-11-16 19:07:04 - INFO - File updated: IFA_Rothrocks_Rothrocks_15_min.dat 
2025-11-16 19:07:04 - INFO - Updated project metadata 
2025-11-16 19:07:04 - ERROR - Error in commit/push: failed to parse signature - malformed e-mail 
2025-11-16 19:07:04 - WARN - === Sync completed but push failed === 
2025-11-16 20:07:03 - INFO - === Starting sync for project: Blue River Monitoring === 
2025-11-16 20:07:03 - INFO - Pulling latest changes from GitHub... 
2025-11-16 20:07:03 - WARN - Pull failed: Failed to fetch upstream branch: C:\Users\ECI_LLC\Desktop\Live Data\projects\BlueRiver\repo/main 
2025-11-16 20:07:03 - INFO - File updated: IFA_Wyandotte_Lake_Wyandotte_15_min.dat 
2025-11-16 20:07:03 - INFO - File updated: IFA_Rothrocks_Rothrocks_15_min.dat 
2025-11-16 20:07:04 - INFO - Updated project metadata 
2025-11-16 20:07:04 - ERROR - Error in commit/push: failed to parse signature - malformed e-mail 
2025-11-16 20:07:04 - WARN - === Sync completed but push failed === 
2025-11-16 21:07:03 - INFO - === Starting sync for project: Blue River Monitoring === 
2025-11-16 21:07:03 - INFO - Pulling latest changes from GitHub... 
2025-11-16 21:07:03 - WARN - Pull failed: Failed to fetch upstream branch: C:\Users\ECI_LLC\Desktop\Live Data\projects\BlueRiver\repo/main 
2025-11-16 21:07:03 - INFO - File updated: IFA_Wyandotte_Lake_Wyandotte_15_min.dat 
2025-11-16 21:07:03 - INFO - File updated: IFA_Rothrocks_Rothrocks_15_min.dat 
2025-11-16 21:07:03 - INFO - Updated project metadata 
2025-11-16 21:07:04 - ERROR - Error in commit/push: failed to parse signature - malformed e-mail 
2025-11-16 21:07:04 - WARN - === Sync completed but push failed === 
2025-11-16 22:07:04 - INFO - === Starting sync for project: Blue River Monitoring === 
2025-11-16 22:07:04 - INFO - Pulling latest changes from GitHub... 
2025-11-16 22:07:04 - WARN - Pull failed: Failed to fetch upstream branch: C:\Users\ECI_LLC\Desktop\Live Data\projects\BlueRiver\repo/main 
2025-11-16 22:07:04 - INFO - File updated: IFA_Wyandotte_Lake_Wyandotte_15_min.dat 
2025-11-16 22:07:05 - INFO - File updated: IFA_Rothrocks_Rothrocks_15_min.dat 
2025-11-16 22:07:05 - INFO - Updated project metadata 
2025-11-16 22:07:05 - ERROR - Error in commit/push: failed to parse signature - malformed e-mail 
2025-11-16 22:07:05 - WARN - === Sync completed but push failed === 
2025-11-16 23:07:04 - INFO - === Starting sync for project: Blue River Monitoring === 
2025-11-16 23:07:04 - INFO - Pulling latest changes from GitHub... 
2025-11-16 23:07:04 - WARN - Pull failed: Failed to fetch upstream branch: C:\Users\ECI_LLC\Desktop\Live Data\projects\BlueRiver\repo/main 
2025-11-16 23:07:04 - INFO - File updated: IFA_Wyandotte_Lake_Wyandotte_15_min.dat 
2025-11-16 23:07:04 - INFO - File updated: IFA_Rothrocks_Rothrocks_15_min.dat 
2025-11-16 23:07:04 - INFO - Updated project metadata 
2025-11-16 23:07:04 - ERROR - Error in commit/push: failed to parse signature - malformed e-mail 
2025-11-16 23:07:04 - WARN - === Sync completed but push failed === 
2025-11-17 00:07:04 - INFO - === Starting sync for project: Blue River Monitoring === 
2025-11-17 00:07:04 - INFO - Pulling latest changes from GitHub... 
2025-11-17 00:07:04 - WARN - Pull failed: Failed to fetch upstream branch: C:\Users\ECI_LLC\Desktop\Live Data\projects\BlueRiver\repo/main 
2025-11-17 00:07:04 - INFO - File updated: IFA_Wyandotte_Lake_Wyandotte_15_min.dat 
2025-11-17 00:07:04 - INFO - File updated: IFA_Rothrocks_Rothrocks_15_min.dat 
2025-11-17 00:07:04 - INFO - Updated project metadata 
2025-11-17 00:07:04 - ERROR - Error in commit/push: failed to parse signature - malformed e-mail 
2025-11-17 00:07:04 - WARN - === Sync completed but push failed === 
2025-11-17 01:07:04 - INFO - === Starting sync for project: Blue River Monitoring === 
2025-11-17 01:07:04 - INFO - Pulling latest changes from GitHub... 
2025-11-17 01:07:04 - WARN - Pull failed: Failed to fetch upstream branch: C:\Users\ECI_LLC\Desktop\Live Data\projects\BlueRiver\repo/main 
2025-11-17 01:07:04 - INFO - File updated: IFA_Wyandotte_Lake_Wyandotte_15_min.dat 
2025-11-17 01:07:05 - INFO - File updated: IFA_Rothrocks_Rothrocks_15_min.dat 
2025-11-17 01:07:05 - INFO - Updated project metadata 
2025-11-17 01:07:05 - ERROR - Error in commit/push: failed to parse signature - malformed e-mail 
2025-11-17 01:07:05 - WARN - === Sync completed but push failed === 
2025-11-17 02:07:04 - INFO - === Starting sync for project: Blue River Monitoring === 
2025-11-17 02:07:04 - INFO - Pulling latest changes from GitHub... 
2025-11-17 02:07:04 - WARN - Pull failed: Failed to fetch upstream branch: C:\Users\ECI_LLC\Desktop\Live Data\projects\BlueRiver\repo/main 
2025-11-17 02:07:04 - INFO - File updated: IFA_Wyandotte_Lake_Wyandotte_15_min.dat 
2025-11-17 02:07:04 - INFO - File updated: IFA_Rothrocks_Rothrocks_15_min.dat 
2025-11-17 02:07:04 - INFO - Updated project metadata 
2025-11-17 02:07:04 - ERROR - Error in commit/push: failed to parse signature - malformed e-mail 
2025-11-17 02:07:04 - WARN - === Sync completed but push failed === 
2025-11-17 03:07:04 - INFO - === Starting sync for project: Blue River Monitoring === 
2025-11-17 03:07:04 - INFO - Pulling latest changes from GitHub... 
2025-11-17 03:07:04 - WARN - Pull failed: Failed to fetch upstream branch: C:\Users\ECI_LLC\Desktop\Live Data\projects\BlueRiver\repo/main 
2025-11-17 03:07:04 - INFO - File updated: IFA_Wyandotte_Lake_Wyandotte_15_min.dat 
2025-11-17 03:07:04 - INFO - File updated: IFA_Rothrocks_Rothrocks_15_min.dat 
2025-11-17 03:07:04 - INFO - Updated project metadata 
2025-11-17 03:07:04 - ERROR - Error in commit/push: failed to parse signature - malformed e-mail 
2025-11-17 03:07:04 - WARN - === Sync completed but push failed === 
2025-11-17 04:07:04 - INFO - === Starting sync for project: Blue River Monitoring === 
2025-11-17 04:07:04 - INFO - Pulling latest changes from GitHub... 
2025-11-17 04:07:04 - WARN - Pull failed: Failed to fetch upstream branch: C:\Users\ECI_LLC\Desktop\Live Data\projects\BlueRiver\repo/main 
2025-11-17 04:07:04 - INFO - File updated: IFA_Wyandotte_Lake_Wyandotte_15_min.dat 
2025-11-17 04:07:05 - INFO - File updated: IFA_Rothrocks_Rothrocks_15_min.dat 
2025-11-17 04:07:05 - INFO - Updated project metadata 
2025-11-17 04:07:05 - ERROR - Error in commit/push: failed to parse signature - malformed e-mail 
2025-11-17 04:07:05 - WARN - === Sync completed but push failed === 
2025-11-17 05:07:04 - INFO - === Starting sync for project: Blue River Monitoring === 
2025-11-17 05:07:04 - INFO - Pulling latest changes from GitHub... 
2025-11-17 05:07:04 - WARN - Pull failed: Failed to fetch upstream branch: C:\Users\ECI_LLC\Desktop\Live Data\projects\BlueRiver\repo/main 
2025-11-17 05:07:04 - INFO - File updated: IFA_Wyandotte_Lake_Wyandotte_15_min.dat 
2025-11-17 05:07:05 - INFO - File updated: IFA_Rothrocks_Rothrocks_15_min.dat 
2025-11-17 05:07:05 - INFO - Updated project metadata 
2025-11-17 05:07:05 - ERROR - Error in commit/push: failed to parse signature - malformed e-mail 
2025-11-17 05:07:05 - WARN - === Sync completed but push failed === 
2025-11-17 06:07:04 - INFO - === Starting sync for project: Blue River Monitoring === 
2025-11-17 06:07:04 - INFO - Pulling latest changes from GitHub... 
2025-11-17 06:07:04 - WARN - Pull failed: Failed to fetch upstream branch: C:\Users\ECI_LLC\Desktop\Live Data\projects\BlueRiver\repo/main 
2025-11-17 06:07:04 - INFO - File updated: IFA_Wyandotte_Lake_Wyandotte_15_min.dat 
2025-11-17 06:07:05 - INFO - File updated: IFA_Rothrocks_Rothrocks_15_min.dat 
2025-11-17 06:07:05 - INFO - Updated project metadata 
2025-11-17 06:07:05 - ERROR - Error in commit/push: failed to parse signature - malformed e-mail 
2025-11-17 06:07:05 - WARN - === Sync completed but push failed === 
2025-11-17 07:07:04 - INFO - === Starting sync for project: Blue River Monitoring === 
2025-11-17 07:07:04 - INFO - Pulling latest changes from GitHub... 
2025-11-17 07:07:04 - WARN - Pull failed: Failed to fetch upstream branch: C:\Users\ECI_LLC\Desktop\Live Data\projects\BlueRiver\repo/main 
2025-11-17 07:07:04 - INFO - File updated: IFA_Wyandotte_Lake_Wyandotte_15_min.dat 
2025-11-17 07:07:05 - INFO - File updated: IFA_Rothrocks_Rothrocks_15_min.dat 
2025-11-17 07:07:05 - INFO - Updated project metadata 
2025-11-17 07:07:05 - ERROR - Error in commit/push: failed to parse signature - malformed e-mail 
2025-11-17 07:07:05 - WARN - === Sync completed but push failed === 
2025-11-17 08:07:04 - INFO - === Starting sync for project: Blue River Monitoring === 
2025-11-17 08:07:04 - INFO - Pulling latest changes from GitHub... 
2025-11-17 08:07:04 - WARN - Pull failed: Failed to fetch upstream branch: C:\Users\ECI_LLC\Desktop\Live Data\projects\BlueRiver\repo/main 
2025-11-17 08:07:04 - INFO - File updated: IFA_Wyandotte_Lake_Wyandotte_15_min.dat 
2025-11-17 08:07:05 - INFO - File updated: IFA_Rothrocks_Rothrocks_15_min.dat 
2025-11-17 08:07:05 - INFO - Updated project metadata 
2025-11-17 08:07:05 - ERROR - Error in commit/push: failed to parse signature - malformed e-mail 
2025-11-17 08:07:05 - WARN - === Sync completed but push failed === 
2025-11-17 09:07:04 - INFO - === Starting sync for project: Blue River Monitoring === 
2025-11-17 09:07:04 - INFO - Pulling latest changes from GitHub... 
2025-11-17 09:07:04 - WARN - Pull failed: Failed to fetch upstream branch: C:\Users\ECI_LLC\Desktop\Live Data\projects\BlueRiver\repo/main 
2025-11-17 09:07:04 - INFO - File updated: IFA_Wyandotte_Lake_Wyandotte_15_min.dat 
2025-11-17 09:07:04 - INFO - File updated: IFA_Rothrocks_Rothrocks_15_min.dat 
2025-11-17 09:07:04 - INFO - Updated project metadata 
2025-11-17 09:07:04 - ERROR - Error in commit/push: failed to parse signature - malformed e-mail 
2025-11-17 09:07:04 - WARN - === Sync completed but push failed === 
2025-11-17 10:07:04 - INFO - === Starting sync for project: Blue River Monitoring === 
2025-11-17 10:07:04 - INFO - Pulling latest changes from GitHub... 
2025-11-17 10:07:04 - WARN - Pull failed: Failed to fetch upstream branch: C:\Users\ECI_LLC\Desktop\Live Data\projects\BlueRiver\repo/main 
2025-11-17 10:07:04 - INFO - File updated: IFA_Wyandotte_Lake_Wyandotte_15_min.dat 
2025-11-17 10:07:04 - INFO - File updated: IFA_Rothrocks_Rothrocks_15_min.dat 
2025-11-17 10:07:04 - INFO - Updated project metadata 
2025-11-17 10:07:04 - ERROR - Error in commit/push: failed to parse signature - malformed e-mail 
2025-11-17 10:07:04 - WARN - === Sync completed but push failed === 
2025-11-17 11:07:04 - INFO - === Starting sync for project: Blue River Monitoring === 
2025-11-17 11:07:04 - INFO - Pulling latest changes from GitHub... 
2025-11-17 11:07:04 - WARN - Pull failed: Failed to fetch upstream branch: C:\Users\ECI_LLC\Desktop\Live Data\projects\BlueRiver\repo/main 
2025-11-17 11:07:04 - INFO - File updated: IFA_Wyandotte_Lake_Wyandotte_15_min.dat 
2025-11-17 11:07:04 - INFO - File updated: IFA_Rothrocks_Rothrocks_15_min.dat 
2025-11-17 11:07:04 - INFO - Updated project metadata 
2025-11-17 11:07:04 - ERROR - Error in commit/push: failed to parse signature - malformed e-mail 
2025-11-17 11:07:04 - WARN - === Sync completed but push failed === 
2025-11-17 12:07:04 - INFO - === Starting sync for project: Blue River Monitoring === 
2025-11-17 12:07:04 - INFO - Pulling latest changes from GitHub... 
2025-11-17 12:07:04 - WARN - Pull failed: Failed to fetch upstream branch: C:\Users\ECI_LLC\Desktop\Live Data\projects\BlueRiver\repo/main 
2025-11-17 12:07:04 - INFO - File updated: IFA_Wyandotte_Lake_Wyandotte_15_min.dat 
2025-11-17 12:07:05 - INFO - File updated: IFA_Rothrocks_Rothrocks_15_min.dat 
2025-11-17 12:07:05 - INFO - Updated project metadata 
2025-11-17 12:07:05 - ERROR - Error in commit/push: failed to parse signature - malformed e-mail 
2025-11-17 12:07:05 - WARN - === Sync completed but push failed === 
2025-11-17 13:07:04 - INFO - === Starting sync for project: Blue River Monitoring === 
2025-11-17 13:07:04 - INFO - Pulling latest changes from GitHub... 
2025-11-17 13:07:04 - WARN - Pull failed: Failed to fetch upstream branch: C:\Users\ECI_LLC\Desktop\Live Data\projects\BlueRiver\repo/main 
2025-11-17 13:07:04 - INFO - File updated: IFA_Wyandotte_Lake_Wyandotte_15_min.dat 
2025-11-17 13:07:05 - INFO - File updated: IFA_Rothrocks_Rothrocks_15_min.dat 
2025-11-17 13:07:05 - INFO - Updated project metadata 
2025-11-17 13:07:05 - ERROR - Error in commit/push: failed to parse signature - malformed e-mail 
2025-11-17 13:07:05 - WARN - === Sync completed but push failed === 
2025-11-17 14:07:04 - INFO - === Starting sync for project: Blue River Monitoring === 
2025-11-17 14:07:04 - INFO - Pulling latest changes from GitHub... 
2025-11-17 14:07:04 - WARN - Pull failed: Failed to fetch upstream branch: C:\Users\ECI_LLC\Desktop\Live Data\projects\BlueRiver\repo/main 
2025-11-17 14:07:04 - INFO - File updated: IFA_Wyandotte_Lake_Wyandotte_15_min.dat 
2025-11-17 14:07:05 - INFO - File updated: IFA_Rothrocks_Rothrocks_15_min.dat 
2025-11-17 14:07:05 - INFO - Updated project metadata 
2025-11-17 14:07:05 - ERROR - Error in commit/push: failed to parse signature - malformed e-mail 
2025-11-17 14:07:05 - WARN - === Sync completed but push failed === 
2025-11-17 15:07:04 - INFO - === Starting sync for project: Blue River Monitoring === 
2025-11-17 15:07:04 - INFO - Pulling latest changes from GitHub... 
2025-11-17 15:07:04 - WARN - Pull failed: Failed to fetch upstream branch: C:\Users\ECI_LLC\Desktop\Live Data\projects\BlueRiver\repo/main 
2025-11-17 15:07:04 - INFO - File updated: IFA_Wyandotte_Lake_Wyandotte_15_min.dat 
2025-11-17 15:07:04 - INFO - File updated: IFA_Rothrocks_Rothrocks_15_min.dat 
2025-11-17 15:07:04 - INFO - Updated project metadata 
2025-11-17 15:07:04 - ERROR - Error in commit/push: failed to parse signature - malformed e-mail 
2025-11-17 15:07:04 - WARN - === Sync completed but push failed === 
2025-11-17 16:07:04 - INFO - === Starting sync for project: Blue River Monitoring === 
2025-11-17 16:07:04 - INFO - Pulling latest changes from GitHub... 
2025-11-17 16:07:04 - WARN - Pull failed: Failed to fetch upstream branch: C:\Users\ECI_LLC\Desktop\Live Data\projects\BlueRiver\repo/main 
2025-11-17 16:07:04 - INFO - File updated: IFA_Wyandotte_Lake_Wyandotte_15_min.dat 
2025-11-17 16:07:04 - INFO - File updated: IFA_Rothrocks_Rothrocks_15_min.dat 
2025-11-17 16:07:04 - INFO - Updated project metadata 
2025-11-17 16:07:04 - ERROR - Error in commit/push: failed to parse signature - malformed e-mail 
2025-11-17 16:07:04 - WARN - === Sync completed but push failed === 
2025-11-17 17:07:04 - INFO - === Starting sync for project: Blue River Monitoring === 
2025-11-17 17:07:04 - INFO - Pulling latest changes from GitHub... 
2025-11-17 17:07:04 - WARN - Pull failed: Failed to fetch upstream branch: C:\Users\ECI_LLC\Desktop\Live Data\projects\BlueRiver\repo/main 
2025-11-17 17:07:04 - INFO - File updated: IFA_Wyandotte_Lake_Wyandotte_15_min.dat 
2025-11-17 17:07:04 - INFO - File updated: IFA_Rothrocks_Rothrocks_15_min.dat 
2025-11-17 17:07:04 - INFO - Updated project metadata 
2025-11-17 17:07:04 - ERROR - Error in commit/push: failed to parse signature - malformed e-mail 
2025-11-17 17:07:04 - WARN - === Sync completed but push failed === 
2025-11-17 18:07:04 - INFO - === Starting sync for project: Blue River Monitoring === 
2025-11-17 18:07:04 - INFO - Pulling latest changes from GitHub... 
2025-11-17 18:07:04 - WARN - Pull failed: Failed to fetch upstream branch: C:\Users\ECI_LLC\Desktop\Live Data\projects\BlueRiver\repo/main 
2025-11-17 18:07:04 - INFO - File updated: IFA_Wyandotte_Lake_Wyandotte_15_min.dat 
2025-11-17 18:07:04 - INFO - File updated: IFA_Rothrocks_Rothrocks_15_min.dat 
2025-11-17 18:07:05 - INFO - Updated project metadata 
2025-11-17 18:07:05 - ERROR - Error in commit/push: failed to parse signature - malformed e-mail 
2025-11-17 18:07:05 - WARN - === Sync completed but push failed === 
2025-11-17 19:07:04 - INFO - === Starting sync for project: Blue River Monitoring === 
2025-11-17 19:07:04 - INFO - Pulling latest changes from GitHub... 
2025-11-17 19:07:04 - WARN - Pull failed: Failed to fetch upstream branch: C:\Users\ECI_LLC\Desktop\Live Data\projects\BlueRiver\repo/main 
2025-11-17 19:07:04 - INFO - File updated: IFA_Wyandotte_Lake_Wyandotte_15_min.dat 
2025-11-17 19:07:04 - INFO - File updated: IFA_Rothrocks_Rothrocks_15_min.dat 
2025-11-17 19:07:04 - INFO - Updated project metadata 
2025-11-17 19:07:04 - ERROR - Error in commit/push: failed to parse signature - malformed e-mail 
2025-11-17 19:07:04 - WARN - === Sync completed but push failed === 
2025-11-17 20:07:03 - INFO - === Starting sync for project: Blue River Monitoring === 
2025-11-17 20:07:03 - INFO - Pulling latest changes from GitHub... 
2025-11-17 20:07:04 - WARN - Pull failed: Failed to fetch upstream branch: C:\Users\ECI_LLC\Desktop\Live Data\projects\BlueRiver\repo/main 
2025-11-17 20:07:04 - INFO - File updated: IFA_Wyandotte_Lake_Wyandotte_15_min.dat 
2025-11-17 20:07:04 - INFO - File updated: IFA_Rothrocks_Rothrocks_15_min.dat 
2025-11-17 20:07:04 - INFO - Updated project metadata 
2025-11-17 20:07:04 - ERROR - Error in commit/push: failed to parse signature - malformed e-mail 
2025-11-17 20:07:04 - WARN - === Sync completed but push failed === 
2025-11-17 21:07:04 - INFO - === Starting sync for project: Blue River Monitoring === 
2025-11-17 21:07:04 - INFO - Pulling latest changes from GitHub... 
2025-11-17 21:07:04 - WARN - Pull failed: Failed to fetch upstream branch: C:\Users\ECI_LLC\Desktop\Live Data\projects\BlueRiver\repo/main 
2025-11-17 21:07:04 - INFO - File updated: IFA_Wyandotte_Lake_Wyandotte_15_min.dat 
2025-11-17 21:07:04 - INFO - File updated: IFA_Rothrocks_Rothrocks_15_min.dat 
2025-11-17 21:07:04 - INFO - Updated project metadata 
2025-11-17 21:07:04 - ERROR - Error in commit/push: failed to parse signature - malformed e-mail 
2025-11-17 21:07:04 - WARN - === Sync completed but push failed === 
2025-11-17 22:07:04 - INFO - === Starting sync for project: Blue River Monitoring === 
2025-11-17 22:07:04 - INFO - Pulling latest changes from GitHub... 
2025-11-17 22:07:04 - WARN - Pull failed: Failed to fetch upstream branch: C:\Users\ECI_LLC\Desktop\Live Data\projects\BlueRiver\repo/main 
2025-11-17 22:07:04 - INFO - File updated: IFA_Wyandotte_Lake_Wyandotte_15_min.dat 
2025-11-17 22:07:04 - INFO - File updated: IFA_Rothrocks_Rothrocks_15_min.dat 
2025-11-17 22:07:04 - INFO - Updated project metadata 
2025-11-17 22:07:04 - ERROR - Error in commit/push: failed to parse signature - malformed e-mail 
2025-11-17 22:07:04 - WARN - === Sync completed but push failed === 
2025-11-17 23:07:04 - INFO - === Starting sync for project: Blue River Monitoring === 
2025-11-17 23:07:04 - INFO - Pulling latest changes from GitHub... 
2025-11-17 23:07:04 - WARN - Pull failed: Failed to fetch upstream branch: C:\Users\ECI_LLC\Desktop\Live Data\projects\BlueRiver\repo/main 
2025-11-17 23:07:04 - INFO - File updated: IFA_Wyandotte_Lake_Wyandotte_15_min.dat 
2025-11-17 23:07:04 - INFO - File updated: IFA_Rothrocks_Rothrocks_15_min.dat 
2025-11-17 23:07:05 - INFO - Updated project metadata 
2025-11-17 23:07:05 - ERROR - Error in commit/push: failed to parse signature - malformed e-mail 
2025-11-17 23:07:05 - WARN - === Sync completed but push failed === 
2025-11-18 00:07:04 - INFO - === Starting sync for project: Blue River Monitoring === 
2025-11-18 00:07:04 - INFO - Pulling latest changes from GitHub... 
2025-11-18 00:07:04 - WARN - Pull failed: Failed to fetch upstream branch: C:\Users\ECI_LLC\Desktop\Live Data\projects\BlueRiver\repo/main 
2025-11-18 00:07:04 - INFO - File updated: IFA_Wyandotte_Lake_Wyandotte_15_min.dat 
2025-11-18 00:07:05 - INFO - File updated: IFA_Rothrocks_Rothrocks_15_min.dat 
2025-11-18 00:07:05 - INFO - Updated project metadata 
2025-11-18 00:07:05 - ERROR - Error in commit/push: failed to parse signature - malformed e-mail 
2025-11-18 00:07:05 - WARN - === Sync completed but push failed === 
2025-11-18 01:07:04 - INFO - === Starting sync for project: Blue River Monitoring === 
2025-11-18 01:07:04 - INFO - Pulling latest changes from GitHub... 
2025-11-18 01:07:04 - WARN - Pull failed: Failed to fetch upstream branch: C:\Users\ECI_LLC\Desktop\Live Data\projects\BlueRiver\repo/main 
2025-11-18 01:07:04 - INFO - File updated: IFA_Wyandotte_Lake_Wyandotte_15_min.dat 
2025-11-18 01:07:04 - INFO - File updated: IFA_Rothrocks_Rothrocks_15_min.dat 
2025-11-18 01:07:04 - INFO - Updated project metadata 
2025-11-18 01:07:04 - ERROR - Error in commit/push: failed to parse signature - malformed e-mail 
2025-11-18 01:07:04 - WARN - === Sync completed but push failed === 
2025-11-18 02:07:04 - INFO - === Starting sync for project: Blue River Monitoring === 
2025-11-18 02:07:04 - INFO - Pulling latest changes from GitHub... 
2025-11-18 02:07:04 - WARN - Pull failed: Failed to fetch upstream branch: C:\Users\ECI_LLC\Desktop\Live Data\projects\BlueRiver\repo/main 
2025-11-18 02:07:04 - INFO - File updated: IFA_Wyandotte_Lake_Wyandotte_15_min.dat 
2025-11-18 02:07:05 - INFO - File updated: IFA_Rothrocks_Rothrocks_15_min.dat 
2025-11-18 02:07:05 - INFO - Updated project metadata 
2025-11-18 02:07:05 - ERROR - Error in commit/push: failed to parse signature - malformed e-mail 
2025-11-18 02:07:05 - WARN - === Sync completed but push failed === 
2025-11-18 03:07:04 - INFO - === Starting sync for project: Blue River Monitoring === 
2025-11-18 03:07:04 - INFO - Pulling latest changes from GitHub... 
2025-11-18 03:07:04 - WARN - Pull failed: Failed to fetch upstream branch: C:\Users\ECI_LLC\Desktop\Live Data\projects\BlueRiver\repo/main 
2025-11-18 03:07:04 - INFO - File updated: IFA_Wyandotte_Lake_Wyandotte_15_min.dat 
2025-11-18 03:07:04 - INFO - File updated: IFA_Rothrocks_Rothrocks_15_min.dat 
2025-11-18 03:07:04 - INFO - Updated project metadata 
2025-11-18 03:07:04 - ERROR - Error in commit/push: failed to parse signature - malformed e-mail 
2025-11-18 03:07:04 - WARN - === Sync completed but push failed === 
2025-11-18 04:07:04 - INFO - === Starting sync for project: Blue River Monitoring === 
2025-11-18 04:07:04 - INFO - Pulling latest changes from GitHub... 
2025-11-18 04:07:04 - WARN - Pull failed: Failed to fetch upstream branch: C:\Users\ECI_LLC\Desktop\Live Data\projects\BlueRiver\repo/main 
2025-11-18 04:07:04 - INFO - File updated: IFA_Wyandotte_Lake_Wyandotte_15_min.dat 
2025-11-18 04:07:04 - INFO - File updated: IFA_Rothrocks_Rothrocks_15_min.dat 
2025-11-18 04:07:04 - INFO - Updated project metadata 
2025-11-18 04:07:04 - ERROR - Error in commit/push: failed to parse signature - malformed e-mail 
2025-11-18 04:07:04 - WARN - === Sync completed but push failed === 
2025-11-18 05:07:04 - INFO - === Starting sync for project: Blue River Monitoring === 
2025-11-18 05:07:04 - INFO - Pulling latest changes from GitHub... 
2025-11-18 05:07:04 - WARN - Pull failed: Failed to fetch upstream branch: C:\Users\ECI_LLC\Desktop\Live Data\projects\BlueRiver\repo/main 
2025-11-18 05:07:04 - INFO - File updated: IFA_Wyandotte_Lake_Wyandotte_15_min.dat 
2025-11-18 05:07:04 - INFO - File updated: IFA_Rothrocks_Rothrocks_15_min.dat 
2025-11-18 05:07:04 - INFO - Updated project metadata 
2025-11-18 05:07:04 - ERROR - Error in commit/push: failed to parse signature - malformed e-mail 
2025-11-18 05:07:04 - WARN - === Sync completed but push failed === 
2025-11-18 06:07:04 - INFO - === Starting sync for project: Blue River Monitoring === 
2025-11-18 06:07:04 - INFO - Pulling latest changes from GitHub... 
2025-11-18 06:07:04 - WARN - Pull failed: Failed to fetch upstream branch: C:\Users\ECI_LLC\Desktop\Live Data\projects\BlueRiver\repo/main 
2025-11-18 06:07:04 - INFO - File updated: IFA_Wyandotte_Lake_Wyandotte_15_min.dat 
2025-11-18 06:07:05 - INFO - File updated: IFA_Rothrocks_Rothrocks_15_min.dat 
2025-11-18 06:07:05 - INFO - Updated project metadata 
2025-11-18 06:07:05 - ERROR - Error in commit/push: failed to parse signature - malformed e-mail 
2025-11-18 06:07:05 - WARN - === Sync completed but push failed === 
2025-11-18 07:07:04 - INFO - === Starting sync for project: Blue River Monitoring === 
2025-11-18 07:07:04 - INFO - Pulling latest changes from GitHub... 
2025-11-18 07:07:04 - WARN - Pull failed: Failed to fetch upstream branch: C:\Users\ECI_LLC\Desktop\Live Data\projects\BlueRiver\repo/main 
2025-11-18 07:07:04 - INFO - File updated: IFA_Wyandotte_Lake_Wyandotte_15_min.dat 
2025-11-18 07:07:04 - INFO - File updated: IFA_Rothrocks_Rothrocks_15_min.dat 
2025-11-18 07:07:04 - INFO - Updated project metadata 
2025-11-18 07:07:04 - ERROR - Error in commit/push: failed to parse signature - malformed e-mail 
2025-11-18 07:07:04 - WARN - === Sync completed but push failed === 
2025-11-18 08:07:04 - INFO - === Starting sync for project: Blue River Monitoring === 
2025-11-18 08:07:04 - INFO - Pulling latest changes from GitHub... 
2025-11-18 08:07:04 - WARN - Pull failed: Failed to fetch upstream branch: C:\Users\ECI_LLC\Desktop\Live Data\projects\BlueRiver\repo/main 
2025-11-18 08:07:04 - INFO - File updated: IFA_Wyandotte_Lake_Wyandotte_15_min.dat 
2025-11-18 08:07:04 - INFO - File updated: IFA_Rothrocks_Rothrocks_15_min.dat 
2025-11-18 08:07:05 - INFO - Updated project metadata 
2025-11-18 08:07:05 - ERROR - Error in commit/push: failed to parse signature - malformed e-mail 
2025-11-18 08:07:05 - WARN - === Sync completed but push failed === 
2025-11-18 09:07:04 - INFO - === Starting sync for project: Blue River Monitoring === 
2025-11-18 09:07:04 - INFO - Pulling latest changes from GitHub... 
2025-11-18 09:07:04 - WARN - Pull failed: Failed to fetch upstream branch: C:\Users\ECI_LLC\Desktop\Live Data\projects\BlueRiver\repo/main 
2025-11-18 09:07:04 - INFO - File updated: IFA_Wyandotte_Lake_Wyandotte_15_min.dat 
2025-11-18 09:07:05 - INFO - File updated: IFA_Rothrocks_Rothrocks_15_min.dat 
2025-11-18 09:07:05 - INFO - Updated project metadata 
2025-11-18 09:07:05 - ERROR - Error in commit/push: failed to parse signature - malformed e-mail 
2025-11-18 09:07:05 - WARN - === Sync completed but push failed === 
2025-11-18 10:07:04 - INFO - === Starting sync for project: Blue River Monitoring === 
2025-11-18 10:07:04 - INFO - Pulling latest changes from GitHub... 
2025-11-18 10:07:04 - WARN - Pull failed: Failed to fetch upstream branch: C:\Users\ECI_LLC\Desktop\Live Data\projects\BlueRiver\repo/main 
2025-11-18 10:07:04 - INFO - File updated: IFA_Wyandotte_Lake_Wyandotte_15_min.dat 
2025-11-18 10:07:04 - INFO - File updated: IFA_Rothrocks_Rothrocks_15_min.dat 
2025-11-18 10:07:04 - INFO - Updated project metadata 
2025-11-18 10:07:04 - ERROR - Error in commit/push: failed to parse signature - malformed e-mail 
2025-11-18 10:07:04 - WARN - === Sync completed but push failed === 
2025-11-18 11:07:04 - INFO - === Starting sync for project: Blue River Monitoring === 
2025-11-18 11:07:04 - INFO - Pulling latest changes from GitHub... 
2025-11-18 11:07:04 - WARN - Pull failed: Failed to fetch upstream branch: C:\Users\ECI_LLC\Desktop\Live Data\projects\BlueRiver\repo/main 
2025-11-18 11:07:04 - INFO - File updated: IFA_Wyandotte_Lake_Wyandotte_15_min.dat 
2025-11-18 11:07:04 - INFO - File updated: IFA_Rothrocks_Rothrocks_15_min.dat 
2025-11-18 11:07:04 - INFO - Updated project metadata 
2025-11-18 11:07:04 - ERROR - Error in commit/push: failed to parse signature - malformed e-mail 
2025-11-18 11:07:04 - WARN - === Sync completed but push failed === 
2025-11-18 12:07:03 - INFO - === Starting sync for project: Blue River Monitoring === 
2025-11-18 12:07:03 - INFO - Pulling latest changes from GitHub... 
2025-11-18 12:07:04 - WARN - Pull failed: Failed to fetch upstream branch: C:\Users\ECI_LLC\Desktop\Live Data\projects\BlueRiver\repo/main 
2025-11-18 12:07:04 - INFO - File updated: IFA_Wyandotte_Lake_Wyandotte_15_min.dat 
2025-11-18 12:07:04 - INFO - File updated: IFA_Rothrocks_Rothrocks_15_min.dat 
2025-11-18 12:07:04 - INFO - Updated project metadata 
2025-11-18 12:07:04 - ERROR - Error in commit/push: failed to parse signature - malformed e-mail 
2025-11-18 12:07:04 - WARN - === Sync completed but push failed === 
2025-11-18 13:07:04 - INFO - === Starting sync for project: Blue River Monitoring === 
2025-11-18 13:07:04 - INFO - Pulling latest changes from GitHub... 
2025-11-18 13:07:04 - WARN - Pull failed: Failed to fetch upstream branch: C:\Users\ECI_LLC\Desktop\Live Data\projects\BlueRiver\repo/main 
2025-11-18 13:07:04 - INFO - File updated: IFA_Wyandotte_Lake_Wyandotte_15_min.dat 
2025-11-18 13:07:05 - INFO - File updated: IFA_Rothrocks_Rothrocks_15_min.dat 
2025-11-18 13:07:05 - INFO - Updated project metadata 
2025-11-18 13:07:05 - ERROR - Error in commit/push: failed to parse signature - malformed e-mail 
2025-11-18 13:07:05 - WARN - === Sync completed but push failed === 
2025-11-18 14:07:04 - INFO - === Starting sync for project: Blue River Monitoring === 
2025-11-18 14:07:04 - INFO - Pulling latest changes from GitHub... 
2025-11-18 14:07:04 - WARN - Pull failed: Failed to fetch upstream branch: C:\Users\ECI_LLC\Desktop\Live Data\projects\BlueRiver\repo/main 
2025-11-18 14:07:04 - INFO - File updated: IFA_Wyandotte_Lake_Wyandotte_15_min.dat 
2025-11-18 14:07:04 - INFO - File updated: IFA_Rothrocks_Rothrocks_15_min.dat 
2025-11-18 14:07:05 - INFO - Updated project metadata 
2025-11-18 14:07:05 - ERROR - Error in commit/push: failed to parse signature - malformed e-mail 
2025-11-18 14:07:05 - WARN - === Sync completed but push failed === 
2025-11-18 15:07:04 - INFO - === Starting sync for project: Blue River Monitoring === 
2025-11-18 15:07:04 - INFO - Pulling latest changes from GitHub... 
2025-11-18 15:07:04 - WARN - Pull failed: Failed to fetch upstream branch: C:\Users\ECI_LLC\Desktop\Live Data\projects\BlueRiver\repo/main 
2025-11-18 15:07:04 - INFO - File updated: IFA_Wyandotte_Lake_Wyandotte_15_min.dat 
2025-11-18 15:07:04 - INFO - File updated: IFA_Rothrocks_Rothrocks_15_min.dat 
2025-11-18 15:07:04 - INFO - Updated project metadata 
2025-11-18 15:07:04 - ERROR - Error in commit/push: failed to parse signature - malformed e-mail 
2025-11-18 15:07:04 - WARN - === Sync completed but push failed === 
2025-11-18 16:07:04 - INFO - === Starting sync for project: Blue River Monitoring === 
2025-11-18 16:07:04 - INFO - Pulling latest changes from GitHub... 
2025-11-18 16:07:04 - WARN - Pull failed: Failed to fetch upstream branch: C:\Users\ECI_LLC\Desktop\Live Data\projects\BlueRiver\repo/main 
2025-11-18 16:07:04 - INFO - File updated: IFA_Wyandotte_Lake_Wyandotte_15_min.dat 
2025-11-18 16:07:04 - INFO - File updated: IFA_Rothrocks_Rothrocks_15_min.dat 
2025-11-18 16:07:04 - INFO - Updated project metadata 
2025-11-18 16:07:04 - ERROR - Error in commit/push: failed to parse signature - malformed e-mail 
2025-11-18 16:07:04 - WARN - === Sync completed but push failed === 
2025-11-18 17:07:04 - INFO - === Starting sync for project: Blue River Monitoring === 
2025-11-18 17:07:04 - INFO - Pulling latest changes from GitHub... 
2025-11-18 17:07:04 - WARN - Pull failed: Failed to fetch upstream branch: C:\Users\ECI_LLC\Desktop\Live Data\projects\BlueRiver\repo/main 
2025-11-18 17:07:04 - INFO - File updated: IFA_Wyandotte_Lake_Wyandotte_15_min.dat 
2025-11-18 17:07:05 - INFO - File updated: IFA_Rothrocks_Rothrocks_15_min.dat 
2025-11-18 17:07:05 - INFO - Updated project metadata 
2025-11-18 17:07:05 - ERROR - Error in commit/push: failed to parse signature - malformed e-mail 
2025-11-18 17:07:05 - WARN - === Sync completed but push failed === 
2025-11-18 18:07:04 - INFO - === Starting sync for project: Blue River Monitoring === 
2025-11-18 18:07:04 - INFO - Pulling latest changes from GitHub... 
2025-11-18 18:07:04 - WARN - Pull failed: Failed to fetch upstream branch: C:\Users\ECI_LLC\Desktop\Live Data\projects\BlueRiver\repo/main 
2025-11-18 18:07:04 - INFO - File updated: IFA_Wyandotte_Lake_Wyandotte_15_min.dat 
2025-11-18 18:07:04 - INFO - File updated: IFA_Rothrocks_Rothrocks_15_min.dat 
2025-11-18 18:07:04 - INFO - Updated project metadata 
2025-11-18 18:07:04 - ERROR - Error in commit/push: failed to parse signature - malformed e-mail 
2025-11-18 18:07:04 - WARN - === Sync completed but push failed === 
2025-11-18 19:07:04 - INFO - === Starting sync for project: Blue River Monitoring === 
2025-11-18 19:07:04 - INFO - Pulling latest changes from GitHub... 
2025-11-18 19:07:04 - WARN - Pull failed: Failed to fetch upstream branch: C:\Users\ECI_LLC\Desktop\Live Data\projects\BlueRiver\repo/main 
2025-11-18 19:07:04 - INFO - File updated: IFA_Wyandotte_Lake_Wyandotte_15_min.dat 
2025-11-18 19:07:04 - INFO - File updated: IFA_Rothrocks_Rothrocks_15_min.dat 
2025-11-18 19:07:04 - INFO - Updated project metadata 
2025-11-18 19:07:04 - ERROR - Error in commit/push: failed to parse signature - malformed e-mail 
2025-11-18 19:07:04 - WARN - === Sync completed but push failed === 
2025-11-18 20:07:03 - INFO - === Starting sync for project: Blue River Monitoring === 
2025-11-18 20:07:03 - INFO - Pulling latest changes from GitHub... 
2025-11-18 20:07:03 - WARN - Pull failed: Failed to fetch upstream branch: C:\Users\ECI_LLC\Desktop\Live Data\projects\BlueRiver\repo/main 
2025-11-18 20:07:03 - INFO - File updated: IFA_Wyandotte_Lake_Wyandotte_15_min.dat 
2025-11-18 20:07:04 - INFO - File updated: IFA_Rothrocks_Rothrocks_15_min.dat 
2025-11-18 20:07:04 - INFO - Updated project metadata 
2025-11-18 20:07:04 - ERROR - Error in commit/push: failed to parse signature - malformed e-mail 
2025-11-18 20:07:04 - WARN - === Sync completed but push failed === 
2025-11-18 22:07:03 - INFO - === Starting sync for project: Blue River Monitoring === 
2025-11-18 22:07:03 - INFO - Pulling latest changes from GitHub... 
2025-11-18 22:07:03 - WARN - Pull failed: Failed to fetch upstream branch: C:\Users\ECI_LLC\Desktop\Live Data\projects\BlueRiver\repo/main 
2025-11-18 22:07:03 - INFO - File updated: IFA_Wyandotte_Lake_Wyandotte_15_min.dat 
2025-11-18 22:07:04 - INFO - File updated: IFA_Rothrocks_Rothrocks_15_min.dat 
2025-11-18 22:07:04 - INFO - Updated project metadata 
2025-11-18 22:07:04 - ERROR - Error in commit/push: failed to parse signature - malformed e-mail 
2025-11-18 22:07:04 - WARN - === Sync completed but push failed === 
2025-11-19 00:07:03 - INFO - === Starting sync for project: Blue River Monitoring === 
2025-11-19 00:07:03 - INFO - Pulling latest changes from GitHub... 
2025-11-19 00:07:04 - WARN - Pull failed: Failed to fetch upstream branch: C:\Users\ECI_LLC\Desktop\Live Data\projects\BlueRiver\repo/main 
2025-11-19 00:07:04 - INFO - File updated: IFA_Wyandotte_Lake_Wyandotte_15_min.dat 
2025-11-19 00:07:04 - INFO - File updated: IFA_Rothrocks_Rothrocks_15_min.dat 
2025-11-19 00:07:04 - INFO - Updated project metadata 
2025-11-19 00:07:04 - ERROR - Error in commit/push: failed to parse signature - malformed e-mail 
2025-11-19 00:07:04 - WARN - === Sync completed but push failed === 
2025-11-19 02:07:03 - INFO - === Starting sync for project: Blue River Monitoring === 
2025-11-19 02:07:03 - INFO - Pulling latest changes from GitHub... 
2025-11-19 02:07:03 - WARN - Pull failed: Failed to fetch upstream branch: C:\Users\ECI_LLC\Desktop\Live Data\projects\BlueRiver\repo/main 
2025-11-19 02:07:03 - INFO - File updated: IFA_Wyandotte_Lake_Wyandotte_15_min.dat 
2025-11-19 02:07:04 - INFO - File updated: IFA_Rothrocks_Rothrocks_15_min.dat 
2025-11-19 02:07:04 - INFO - Updated project metadata 
2025-11-19 02:07:04 - ERROR - Error in commit/push: failed to parse signature - malformed e-mail 
2025-11-19 02:07:04 - WARN - === Sync completed but push failed === 
2025-11-19 04:07:04 - INFO - === Starting sync for project: Blue River Monitoring === 
2025-11-19 04:07:04 - INFO - Pulling latest changes from GitHub... 
2025-11-19 04:07:04 - WARN - Pull failed: Failed to fetch upstream branch: C:\Users\ECI_LLC\Desktop\Live Data\projects\BlueRiver\repo/main 
2025-11-19 04:07:04 - INFO - File updated: IFA_Wyandotte_Lake_Wyandotte_15_min.dat 
2025-11-19 04:07:04 - INFO - File updated: IFA_Rothrocks_Rothrocks_15_min.dat 
2025-11-19 04:07:04 - INFO - Updated project metadata 
2025-11-19 04:07:04 - ERROR - Error in commit/push: failed to parse signature - malformed e-mail 
2025-11-19 04:07:04 - WARN - === Sync completed but push failed === 
2025-11-19 06:07:04 - INFO - === Starting sync for project: Blue River Monitoring === 
2025-11-19 06:07:04 - INFO - Pulling latest changes from GitHub... 
2025-11-19 06:07:04 - WARN - Pull failed: Failed to fetch upstream branch: C:\Users\ECI_LLC\Desktop\Live Data\projects\BlueRiver\repo/main 
2025-11-19 06:07:04 - INFO - File updated: IFA_Wyandotte_Lake_Wyandotte_15_min.dat 
2025-11-19 06:07:05 - INFO - File updated: IFA_Rothrocks_Rothrocks_15_min.dat 
2025-11-19 06:07:05 - INFO - Updated project metadata 
2025-11-19 06:07:05 - ERROR - Error in commit/push: failed to parse signature - malformed e-mail 
2025-11-19 06:07:05 - WARN - === Sync completed but push failed === 
2025-11-19 08:07:04 - INFO - === Starting sync for project: Blue River Monitoring === 
2025-11-19 08:07:04 - INFO - Pulling latest changes from GitHub... 
2025-11-19 08:07:04 - WARN - Pull failed: Failed to fetch upstream branch: C:\Users\ECI_LLC\Desktop\Live Data\projects\BlueRiver\repo/main 
2025-11-19 08:07:04 - INFO - File updated: IFA_Wyandotte_Lake_Wyandotte_15_min.dat 
2025-11-19 08:07:04 - INFO - File updated: IFA_Rothrocks_Rothrocks_15_min.dat 
2025-11-19 08:07:05 - INFO - Updated project metadata 
2025-11-19 08:07:05 - ERROR - Error in commit/push: failed to parse signature - malformed e-mail 
2025-11-19 08:07:05 - WARN - === Sync completed but push failed === 
2025-11-19 10:07:03 - INFO - === Starting sync for project: Blue River Monitoring === 
2025-11-19 10:07:03 - INFO - Pulling latest changes from GitHub... 
2025-11-19 10:07:04 - WARN - Pull failed: Failed to fetch upstream branch: C:\Users\ECI_LLC\Desktop\Live Data\projects\BlueRiver\repo/main 
2025-11-19 10:07:04 - INFO - File updated: IFA_Wyandotte_Lake_Wyandotte_15_min.dat 
2025-11-19 10:07:04 - INFO - File updated: IFA_Rothrocks_Rothrocks_15_min.dat 
2025-11-19 10:07:04 - INFO - Updated project metadata 
2025-11-19 10:07:04 - ERROR - Error in commit/push: failed to parse signature - malformed e-mail 
2025-11-19 10:07:04 - WARN - === Sync completed but push failed === 
2025-11-19 12:07:04 - INFO - === Starting sync for project: Blue River Monitoring === 
2025-11-19 12:07:04 - INFO - Pulling latest changes from GitHub... 
2025-11-19 12:07:04 - WARN - Pull failed: Failed to fetch upstream branch: C:\Users\ECI_LLC\Desktop\Live Data\projects\BlueRiver\repo/main 
2025-11-19 12:07:04 - INFO - File updated: IFA_Wyandotte_Lake_Wyandotte_15_min.dat 
2025-11-19 12:07:05 - INFO - File updated: IFA_Rothrocks_Rothrocks_15_min.dat 
2025-11-19 12:07:05 - INFO - Updated project metadata 
2025-11-19 12:07:05 - ERROR - Error in commit/push: failed to parse signature - malformed e-mail 
2025-11-19 12:07:05 - WARN - === Sync completed but push failed === 
2025-11-19 14:07:04 - INFO - === Starting sync for project: Blue River Monitoring === 
2025-11-19 14:07:04 - INFO - Pulling latest changes from GitHub... 
2025-11-19 14:07:04 - WARN - Pull failed: Failed to fetch upstream branch: C:\Users\ECI_LLC\Desktop\Live Data\projects\BlueRiver\repo/main 
2025-11-19 14:07:04 - INFO - File updated: IFA_Wyandotte_Lake_Wyandotte_15_min.dat 
2025-11-19 14:07:04 - INFO - File updated: IFA_Rothrocks_Rothrocks_15_min.dat 
2025-11-19 14:07:04 - INFO - Updated project metadata 
2025-11-19 14:07:04 - ERROR - Error in commit/push: failed to parse signature - malformed e-mail 
2025-11-19 14:07:04 - WARN - === Sync completed but push failed === 
2025-11-19 16:07:04 - INFO - === Starting sync for project: Blue River Monitoring === 
2025-11-19 16:07:04 - INFO - Pulling latest changes from GitHub... 
2025-11-19 16:07:04 - WARN - Pull failed: Failed to fetch upstream branch: C:\Users\ECI_LLC\Desktop\Live Data\projects\BlueRiver\repo/main 
2025-11-19 16:07:04 - INFO - File updated: IFA_Wyandotte_Lake_Wyandotte_15_min.dat 
2025-11-19 16:07:05 - INFO - File updated: IFA_Rothrocks_Rothrocks_15_min.dat 
2025-11-19 16:07:05 - INFO - Updated project metadata 
2025-11-19 16:07:05 - ERROR - Error in commit/push: failed to parse signature - malformed e-mail 
2025-11-19 16:07:05 - WARN - === Sync completed but push failed === 
2025-11-19 18:07:04 - INFO - === Starting sync for project: Blue River Monitoring === 
2025-11-19 18:07:04 - INFO - Pulling latest changes from GitHub... 
2025-11-19 18:07:04 - WARN - Pull failed: Failed to fetch upstream branch: C:\Users\ECI_LLC\Desktop\Live Data\projects\BlueRiver\repo/main 
2025-11-19 18:07:04 - INFO - File updated: IFA_Wyandotte_Lake_Wyandotte_15_min.dat 
2025-11-19 18:07:04 - INFO - File updated: IFA_Rothrocks_Rothrocks_15_min.dat 
2025-11-19 18:07:04 - INFO - Updated project metadata 
2025-11-19 18:07:04 - ERROR - Error in commit/push: failed to parse signature - malformed e-mail 
2025-11-19 18:07:04 - WARN - === Sync completed but push failed === 
2025-11-19 20:07:04 - INFO - === Starting sync for project: Blue River Monitoring === 
2025-11-19 20:07:04 - INFO - Pulling latest changes from GitHub... 
2025-11-19 20:07:04 - WARN - Pull failed: Failed to fetch upstream branch: C:\Users\ECI_LLC\Desktop\Live Data\projects\BlueRiver\repo/main 
2025-11-19 20:07:04 - INFO - File updated: IFA_Wyandotte_Lake_Wyandotte_15_min.dat 
2025-11-19 20:07:04 - INFO - File updated: IFA_Rothrocks_Rothrocks_15_min.dat 
2025-11-19 20:07:04 - INFO - Updated project metadata 
2025-11-19 20:07:04 - ERROR - Error in commit/push: failed to parse signature - malformed e-mail 
2025-11-19 20:07:04 - WARN - === Sync completed but push failed === 
2025-11-19 22:07:03 - INFO - === Starting sync for project: Blue River Monitoring === 
2025-11-19 22:07:03 - INFO - Pulling latest changes from GitHub... 
2025-11-19 22:07:03 - WARN - Pull failed: Failed to fetch upstream branch: C:\Users\ECI_LLC\Desktop\Live Data\projects\BlueRiver\repo/main 
2025-11-19 22:07:03 - INFO - File updated: IFA_Wyandotte_Lake_Wyandotte_15_min.dat 
2025-11-19 22:07:04 - INFO - File updated: IFA_Rothrocks_Rothrocks_15_min.dat 
2025-11-19 22:07:04 - INFO - Updated project metadata 
2025-11-19 22:07:04 - ERROR - Error in commit/push: failed to parse signature - malformed e-mail 
2025-11-19 22:07:04 - WARN - === Sync completed but push failed === 
2025-11-20 00:07:04 - INFO - === Starting sync for project: Blue River Monitoring === 
2025-11-20 00:07:04 - INFO - Pulling latest changes from GitHub... 
2025-11-20 00:07:04 - WARN - Pull failed: Failed to fetch upstream branch: C:\Users\ECI_LLC\Desktop\Live Data\projects\BlueRiver\repo/main 
2025-11-20 00:07:04 - INFO - File updated: IFA_Wyandotte_Lake_Wyandotte_15_min.dat 
2025-11-20 00:07:04 - INFO - File updated: IFA_Rothrocks_Rothrocks_15_min.dat 
2025-11-20 00:07:04 - INFO - Updated project metadata 
2025-11-20 00:07:04 - ERROR - Error in commit/push: failed to parse signature - malformed e-mail 
2025-11-20 00:07:04 - WARN - === Sync completed but push failed === 
2025-11-20 02:07:04 - INFO - === Starting sync for project: Blue River Monitoring === 
2025-11-20 02:07:04 - INFO - Pulling latest changes from GitHub... 
2025-11-20 02:07:04 - WARN - Pull failed: Failed to fetch upstream branch: C:\Users\ECI_LLC\Desktop\Live Data\projects\BlueRiver\repo/main 
2025-11-20 02:07:04 - INFO - File updated: IFA_Wyandotte_Lake_Wyandotte_15_min.dat 
2025-11-20 02:07:04 - INFO - File updated: IFA_Rothrocks_Rothrocks_15_min.dat 
2025-11-20 02:07:04 - INFO - Updated project metadata 
2025-11-20 02:07:04 - ERROR - Error in commit/push: failed to parse signature - malformed e-mail 
2025-11-20 02:07:04 - WARN - === Sync completed but push failed === 
2025-11-20 04:07:04 - INFO - === Starting sync for project: Blue River Monitoring === 
2025-11-20 04:07:04 - INFO - Pulling latest changes from GitHub... 
2025-11-20 04:07:04 - WARN - Pull failed: Failed to fetch upstream branch: C:\Users\ECI_LLC\Desktop\Live Data\projects\BlueRiver\repo/main 
2025-11-20 04:07:04 - INFO - File updated: IFA_Wyandotte_Lake_Wyandotte_15_min.dat 
2025-11-20 04:07:04 - INFO - File updated: IFA_Rothrocks_Rothrocks_15_min.dat 
2025-11-20 04:07:04 - INFO - Updated project metadata 
2025-11-20 04:07:04 - ERROR - Error in commit/push: failed to parse signature - malformed e-mail 
2025-11-20 04:07:04 - WARN - === Sync completed but push failed === 
2025-11-20 06:07:04 - INFO - === Starting sync for project: Blue River Monitoring === 
2025-11-20 06:07:04 - INFO - Pulling latest changes from GitHub... 
2025-11-20 06:07:04 - WARN - Pull failed: Failed to fetch upstream branch: C:\Users\ECI_LLC\Desktop\Live Data\projects\BlueRiver\repo/main 
2025-11-20 06:07:04 - INFO - File updated: IFA_Wyandotte_Lake_Wyandotte_15_min.dat 
2025-11-20 06:07:05 - INFO - File updated: IFA_Rothrocks_Rothrocks_15_min.dat 
2025-11-20 06:07:05 - INFO - Updated project metadata 
2025-11-20 06:07:05 - ERROR - Error in commit/push: failed to parse signature - malformed e-mail 
2025-11-20 06:07:05 - WARN - === Sync completed but push failed === 
2025-11-20 08:07:04 - INFO - === Starting sync for project: Blue River Monitoring === 
2025-11-20 08:07:04 - INFO - Pulling latest changes from GitHub... 
2025-11-20 08:07:04 - WARN - Pull failed: Failed to fetch upstream branch: C:\Users\ECI_LLC\Desktop\Live Data\projects\BlueRiver\repo/main 
2025-11-20 08:07:04 - INFO - File updated: IFA_Wyandotte_Lake_Wyandotte_15_min.dat 
2025-11-20 08:07:04 - INFO - File updated: IFA_Rothrocks_Rothrocks_15_min.dat 
2025-11-20 08:07:04 - INFO - Updated project metadata 
2025-11-20 08:07:04 - ERROR - Error in commit/push: failed to parse signature - malformed e-mail 
2025-11-20 08:07:04 - WARN - === Sync completed but push failed === 
2025-11-20 10:07:04 - INFO - === Starting sync for project: Blue River Monitoring === 
2025-11-20 10:07:04 - INFO - Pulling latest changes from GitHub... 
2025-11-20 10:07:04 - WARN - Pull failed: Failed to fetch upstream branch: C:\Users\ECI_LLC\Desktop\Live Data\projects\BlueRiver\repo/main 
2025-11-20 10:07:04 - INFO - File updated: IFA_Wyandotte_Lake_Wyandotte_15_min.dat 
2025-11-20 10:07:05 - INFO - File updated: IFA_Rothrocks_Rothrocks_15_min.dat 
2025-11-20 10:07:05 - INFO - Updated project metadata 
2025-11-20 10:07:05 - ERROR - Error in commit/push: failed to parse signature - malformed e-mail 
2025-11-20 10:07:05 - WARN - === Sync completed but push failed === 
2025-11-20 12:07:04 - INFO - === Starting sync for project: Blue River Monitoring === 
2025-11-20 12:07:04 - INFO - Pulling latest changes from GitHub... 
2025-11-20 12:07:04 - WARN - Pull failed: Failed to fetch upstream branch: C:\Users\ECI_LLC\Desktop\Live Data\projects\BlueRiver\repo/main 
2025-11-20 12:07:04 - INFO - File updated: IFA_Wyandotte_Lake_Wyandotte_15_min.dat 
2025-11-20 12:07:04 - INFO - File updated: IFA_Rothrocks_Rothrocks_15_min.dat 
2025-11-20 12:07:04 - INFO - Updated project metadata 
2025-11-20 12:07:04 - ERROR - Error in commit/push: failed to parse signature - malformed e-mail 
2025-11-20 12:07:04 - WARN - === Sync completed but push failed === 
2025-11-20 14:07:04 - INFO - === Starting sync for project: Blue River Monitoring === 
2025-11-20 14:07:04 - INFO - Pulling latest changes from GitHub... 
2025-11-20 14:07:04 - WARN - Pull failed: Failed to fetch upstream branch: C:\Users\ECI_LLC\Desktop\Live Data\projects\BlueRiver\repo/main 
2025-11-20 14:07:04 - INFO - File updated: IFA_Wyandotte_Lake_Wyandotte_15_min.dat 
2025-11-20 14:07:04 - INFO - File updated: IFA_Rothrocks_Rothrocks_15_min.dat 
2025-11-20 14:07:04 - INFO - Updated project metadata 
2025-11-20 14:07:04 - ERROR - Error in commit/push: failed to parse signature - malformed e-mail 
2025-11-20 14:07:04 - WARN - === Sync completed but push failed === 
2025-11-20 16:07:04 - INFO - === Starting sync for project: Blue River Monitoring === 
2025-11-20 16:07:05 - INFO - Pulling latest changes from GitHub... 
2025-11-20 16:07:05 - WARN - Pull failed: Failed to fetch upstream branch: C:\Users\ECI_LLC\Desktop\Live Data\projects\BlueRiver\repo/main 
2025-11-20 16:07:05 - INFO - File updated: IFA_Wyandotte_Lake_Wyandotte_15_min.dat 
2025-11-20 16:07:05 - INFO - File updated: IFA_Rothrocks_Rothrocks_15_min.dat 
2025-11-20 16:07:05 - INFO - Updated project metadata 
2025-11-20 16:07:05 - ERROR - Error in commit/push: failed to parse signature - malformed e-mail 
2025-11-20 16:07:05 - WARN - === Sync completed but push failed === 
2025-11-20 18:07:04 - INFO - === Starting sync for project: Blue River Monitoring === 
2025-11-20 18:07:04 - INFO - Pulling latest changes from GitHub... 
2025-11-20 18:07:04 - WARN - Pull failed: Failed to fetch upstream branch: C:\Users\ECI_LLC\Desktop\Live Data\projects\BlueRiver\repo/main 
2025-11-20 18:07:04 - INFO - File updated: IFA_Wyandotte_Lake_Wyandotte_15_min.dat 
2025-11-20 18:07:05 - INFO - File updated: IFA_Rothrocks_Rothrocks_15_min.dat 
2025-11-20 18:07:05 - INFO - Updated project metadata 
2025-11-20 18:07:05 - ERROR - Error in commit/push: failed to parse signature - malformed e-mail 
2025-11-20 18:07:05 - WARN - === Sync completed but push failed === 
2025-11-20 20:07:04 - INFO - === Starting sync for project: Blue River Monitoring === 
2025-11-20 20:07:04 - INFO - Pulling latest changes from GitHub... 
2025-11-20 20:07:04 - WARN - Pull failed: Failed to fetch upstream branch: C:\Users\ECI_LLC\Desktop\Live Data\projects\BlueRiver\repo/main 
2025-11-20 20:07:04 - INFO - File updated: IFA_Wyandotte_Lake_Wyandotte_15_min.dat 
2025-11-20 20:07:04 - INFO - File updated: IFA_Rothrocks_Rothrocks_15_min.dat 
2025-11-20 20:07:04 - INFO - Updated project metadata 
2025-11-20 20:07:04 - ERROR - Error in commit/push: failed to parse signature - malformed e-mail 
2025-11-20 20:07:04 - WARN - === Sync completed but push failed === 
2025-11-20 22:07:04 - INFO - === Starting sync for project: Blue River Monitoring === 
2025-11-20 22:07:04 - INFO - Pulling latest changes from GitHub... 
2025-11-20 22:07:04 - WARN - Pull failed: Failed to fetch upstream branch: C:\Users\ECI_LLC\Desktop\Live Data\projects\BlueRiver\repo/main 
2025-11-20 22:07:04 - INFO - File updated: IFA_Wyandotte_Lake_Wyandotte_15_min.dat 
2025-11-20 22:07:04 - INFO - File updated: IFA_Rothrocks_Rothrocks_15_min.dat 
2025-11-20 22:07:04 - INFO - Updated project metadata 
2025-11-20 22:07:04 - ERROR - Error in commit/push: failed to parse signature - malformed e-mail 
2025-11-20 22:07:04 - WARN - === Sync completed but push failed === 
2025-11-20 23:07:04 - INFO - === Starting sync for project: Blue River Monitoring === 
2025-11-20 23:07:04 - INFO - Pulling latest changes from GitHub... 
2025-11-20 23:07:04 - WARN - Pull failed: Failed to fetch upstream branch: C:\Users\ECI_LLC\Desktop\Live Data\projects\BlueRiver\repo/main 
2025-11-20 23:07:04 - INFO - File updated: IFA_Wyandotte_Lake_Wyandotte_15_min.dat 
2025-11-20 23:07:04 - INFO - File updated: IFA_Rothrocks_Rothrocks_15_min.dat 
2025-11-20 23:07:04 - INFO - Updated project metadata 
2025-11-20 23:07:05 - ERROR - Error in commit/push: failed to parse signature - malformed e-mail 
2025-11-20 23:07:05 - WARN - === Sync completed but push failed === 
2025-11-21 01:07:03 - INFO - === Starting sync for project: Blue River Monitoring === 
2025-11-21 01:07:03 - INFO - Pulling latest changes from GitHub... 
2025-11-21 01:07:04 - WARN - Pull failed: Failed to fetch upstream branch: C:\Users\ECI_LLC\Desktop\Live Data\projects\BlueRiver\repo/main 
2025-11-21 01:07:04 - INFO - File updated: IFA_Wyandotte_Lake_Wyandotte_15_min.dat 
2025-11-21 01:07:04 - INFO - File updated: IFA_Rothrocks_Rothrocks_15_min.dat 
2025-11-21 01:07:04 - INFO - Updated project metadata 
2025-11-21 01:07:04 - ERROR - Error in commit/push: failed to parse signature - malformed e-mail 
2025-11-21 01:07:04 - WARN - === Sync completed but push failed === 
2025-11-21 03:07:03 - INFO - === Starting sync for project: Blue River Monitoring === 
2025-11-21 03:07:04 - INFO - Pulling latest changes from GitHub... 
2025-11-21 03:07:04 - WARN - Pull failed: Failed to fetch upstream branch: C:\Users\ECI_LLC\Desktop\Live Data\projects\BlueRiver\repo/main 
2025-11-21 03:07:04 - INFO - File updated: IFA_Wyandotte_Lake_Wyandotte_15_min.dat 
2025-11-21 03:07:04 - INFO - File updated: IFA_Rothrocks_Rothrocks_15_min.dat 
2025-11-21 03:07:04 - INFO - Updated project metadata 
2025-11-21 03:07:04 - ERROR - Error in commit/push: failed to parse signature - malformed e-mail 
2025-11-21 03:07:04 - WARN - === Sync completed but push failed === 
2025-11-21 05:07:04 - INFO - === Starting sync for project: Blue River Monitoring === 
2025-11-21 05:07:04 - INFO - Pulling latest changes from GitHub... 
2025-11-21 05:07:04 - WARN - Pull failed: Failed to fetch upstream branch: C:\Users\ECI_LLC\Desktop\Live Data\projects\BlueRiver\repo/main 
2025-11-21 05:07:04 - INFO - File updated: IFA_Wyandotte_Lake_Wyandotte_15_min.dat 
2025-11-21 05:07:04 - INFO - File updated: IFA_Rothrocks_Rothrocks_15_min.dat 
2025-11-21 05:07:04 - INFO - Updated project metadata 
2025-11-21 05:07:04 - ERROR - Error in commit/push: failed to parse signature - malformed e-mail 
2025-11-21 05:07:04 - WARN - === Sync completed but push failed === 
2025-11-21 07:07:04 - INFO - === Starting sync for project: Blue River Monitoring === 
2025-11-21 07:07:04 - INFO - Pulling latest changes from GitHub... 
2025-11-21 07:07:04 - WARN - Pull failed: Failed to fetch upstream branch: C:\Users\ECI_LLC\Desktop\Live Data\projects\BlueRiver\repo/main 
2025-11-21 07:07:04 - INFO - File updated: IFA_Wyandotte_Lake_Wyandotte_15_min.dat 
2025-11-21 07:07:04 - INFO - File updated: IFA_Rothrocks_Rothrocks_15_min.dat 
2025-11-21 07:07:04 - INFO - Updated project metadata 
2025-11-21 07:07:05 - ERROR - Error in commit/push: failed to parse signature - malformed e-mail 
2025-11-21 07:07:05 - WARN - === Sync completed but push failed === 
2025-11-21 09:07:03 - INFO - === Starting sync for project: Blue River Monitoring === 
2025-11-21 09:07:03 - INFO - Pulling latest changes from GitHub... 
2025-11-21 09:07:03 - WARN - Pull failed: Failed to fetch upstream branch: C:\Users\ECI_LLC\Desktop\Live Data\projects\BlueRiver\repo/main 
2025-11-21 09:07:03 - INFO - File updated: IFA_Wyandotte_Lake_Wyandotte_15_min.dat 
2025-11-21 09:07:04 - INFO - File updated: IFA_Rothrocks_Rothrocks_15_min.dat 
2025-11-21 09:07:04 - INFO - Updated project metadata 
2025-11-21 09:07:04 - ERROR - Error in commit/push: failed to parse signature - malformed e-mail 
2025-11-21 09:07:04 - WARN - === Sync completed but push failed === 
2025-11-21 11:07:04 - INFO - === Starting sync for project: Blue River Monitoring === 
2025-11-21 11:07:04 - INFO - Pulling latest changes from GitHub... 
2025-11-21 11:07:04 - WARN - Pull failed: Failed to fetch upstream branch: C:\Users\ECI_LLC\Desktop\Live Data\projects\BlueRiver\repo/main 
2025-11-21 11:07:04 - INFO - File updated: IFA_Wyandotte_Lake_Wyandotte_15_min.dat 
2025-11-21 11:07:05 - INFO - File updated: IFA_Rothrocks_Rothrocks_15_min.dat 
2025-11-21 11:07:05 - INFO - Updated project metadata 
2025-11-21 11:07:05 - ERROR - Error in commit/push: failed to parse signature - malformed e-mail 
2025-11-21 11:07:05 - WARN - === Sync completed but push failed === 
2025-11-21 13:07:04 - INFO - === Starting sync for project: Blue River Monitoring === 
2025-11-21 13:07:04 - INFO - Pulling latest changes from GitHub... 
2025-11-21 13:07:04 - WARN - Pull failed: Failed to fetch upstream branch: C:\Users\ECI_LLC\Desktop\Live Data\projects\BlueRiver\repo/main 
2025-11-21 13:07:04 - INFO - File updated: IFA_Wyandotte_Lake_Wyandotte_15_min.dat 
2025-11-21 13:07:04 - INFO - File updated: IFA_Rothrocks_Rothrocks_15_min.dat 
2025-11-21 13:07:05 - INFO - Updated project metadata 
2025-11-21 13:07:05 - ERROR - Error in commit/push: failed to parse signature - malformed e-mail 
2025-11-21 13:07:05 - WARN - === Sync completed but push failed === 
2025-11-21 15:07:04 - INFO - === Starting sync for project: Blue River Monitoring === 
2025-11-21 15:07:04 - INFO - Pulling latest changes from GitHub... 
2025-11-21 15:07:04 - WARN - Pull failed: Failed to fetch upstream branch: C:\Users\ECI_LLC\Desktop\Live Data\projects\BlueRiver\repo/main 
2025-11-21 15:07:04 - INFO - File updated: IFA_Wyandotte_Lake_Wyandotte_15_min.dat 
2025-11-21 15:07:05 - INFO - File updated: IFA_Rothrocks_Rothrocks_15_min.dat 
2025-11-21 15:07:05 - INFO - Updated project metadata 
2025-11-21 15:07:05 - ERROR - Error in commit/push: failed to parse signature - malformed e-mail 
2025-11-21 15:07:05 - WARN - === Sync completed but push failed === 
2025-11-21 17:07:04 - INFO - === Starting sync for project: Blue River Monitoring === 
2025-11-21 17:07:04 - INFO - Pulling latest changes from GitHub... 
2025-11-21 17:07:04 - WARN - Pull failed: Failed to fetch upstream branch: C:\Users\ECI_LLC\Desktop\Live Data\projects\BlueRiver\repo/main 
2025-11-21 17:07:04 - INFO - File updated: IFA_Wyandotte_Lake_Wyandotte_15_min.dat 
2025-11-21 17:07:04 - INFO - File updated: IFA_Rothrocks_Rothrocks_15_min.dat 
2025-11-21 17:07:04 - INFO - Updated project metadata 
2025-11-21 17:07:04 - ERROR - Error in commit/push: failed to parse signature - malformed e-mail 
2025-11-21 17:07:04 - WARN - === Sync completed but push failed === 
2025-11-21 17:36:59 - INFO - === Starting sync for project: Blue River Monitoring === 
2025-11-21 17:36:59 - INFO - Pulling latest changes from GitHub... 
2025-11-21 17:36:59 - WARN - Pull failed: Failed to fetch upstream branch: C:\Users\ECI_LLC\Desktop\Live Data\projects\BlueRiver\repo/main 
2025-11-21 17:36:59 - INFO - === No changes detected === 
2025-11-21 17:38:09 - INFO - === Starting sync for project: Blue River Monitoring === 
2025-11-21 17:38:09 - INFO - Pulling latest changes from GitHub... 
2025-11-21 17:38:09 - WARN - Pull failed: Failed to fetch upstream branch: C:\Users\ECI_LLC\Desktop\Live Data\projects\BlueRiver\repo/main 
2025-11-21 17:38:09 - INFO - === No changes detected === 
2025-11-21 17:39:33 - INFO - === Starting sync for project: Blue River Monitoring === 
2025-11-21 17:39:33 - INFO - Pulling latest changes from GitHub... 
2025-11-21 17:39:33 - WARN - Pull failed: Failed to fetch upstream branch: C:\Users\ECI_LLC\Desktop\Live Data\projects\BlueRiver\repo/main 
2025-11-21 17:39:33 - INFO - === No changes detected === 
2025-11-21 18:07:03 - INFO - === Starting sync for project: Blue River Monitoring === 
2025-11-21 18:07:03 - INFO - Pulling latest changes from GitHub... 
2025-11-21 18:07:04 - WARN - Pull failed: Failed to fetch upstream branch: C:\Users\ECI_LLC\Desktop\Live Data\projects\BlueRiver\repo/main 
2025-11-21 18:07:04 - INFO - File updated: IFA_Wyandotte_Lake_Wyandotte_15_min.dat 
2025-11-21 18:07:04 - INFO - File updated: IFA_Rothrocks_Rothrocks_15_min.dat 
2025-11-21 18:07:04 - INFO - Updated project metadata 
2025-11-21 18:07:04 - ERROR - Error in commit/push: failed to parse signature - malformed e-mail 
2025-11-21 18:07:04 - WARN - === Sync completed but push failed === 
2025-11-21 19:07:03 - INFO - === Starting sync for project: Blue River Monitoring === 
2025-11-21 19:07:03 - INFO - Pulling latest changes from GitHub... 
2025-11-21 19:07:03 - WARN - Pull failed: Failed to fetch upstream branch: C:\Users\ECI_LLC\Desktop\Live Data\projects\BlueRiver\repo/main 
2025-11-21 19:07:03 - INFO - File updated: IFA_Wyandotte_Lake_Wyandotte_15_min.dat 
2025-11-21 19:07:04 - INFO - File updated: IFA_Rothrocks_Rothrocks_15_min.dat 
2025-11-21 19:07:04 - INFO - Updated project metadata 
2025-11-21 19:07:04 - ERROR - Error in commit/push: failed to parse signature - malformed e-mail 
2025-11-21 19:07:04 - WARN - === Sync completed but push failed === 
2025-11-21 20:07:04 - INFO - === Starting sync for project: Blue River Monitoring === 
2025-11-21 20:07:04 - INFO - Pulling latest changes from GitHub... 
2025-11-21 20:07:04 - WARN - Pull failed: Failed to fetch upstream branch: C:\Users\ECI_LLC\Desktop\Live Data\projects\BlueRiver\repo/main 
2025-11-21 20:07:04 - INFO - File updated: IFA_Wyandotte_Lake_Wyandotte_15_min.dat 
2025-11-21 20:07:05 - INFO - File updated: IFA_Rothrocks_Rothrocks_15_min.dat 
2025-11-21 20:07:05 - INFO - Updated project metadata 
2025-11-21 20:07:05 - ERROR - Error in commit/push: failed to parse signature - malformed e-mail 
2025-11-21 20:07:05 - WARN - === Sync completed but push failed === 
2025-11-21 21:07:04 - INFO - === Starting sync for project: Blue River Monitoring === 
2025-11-21 21:07:04 - INFO - Pulling latest changes from GitHub... 
2025-11-21 21:07:04 - WARN - Pull failed: Failed to fetch upstream branch: C:\Users\ECI_LLC\Desktop\Live Data\projects\BlueRiver\repo/main 
2025-11-21 21:07:04 - INFO - File updated: IFA_Wyandotte_Lake_Wyandotte_15_min.dat 
2025-11-21 21:07:04 - INFO - File updated: IFA_Rothrocks_Rothrocks_15_min.dat 
2025-11-21 21:07:04 - INFO - Updated project metadata 
2025-11-21 21:07:04 - ERROR - Error in commit/push: failed to parse signature - malformed e-mail 
2025-11-21 21:07:05 - WARN - === Sync completed but push failed === 
2025-11-21 22:07:03 - INFO - === Starting sync for project: Blue River Monitoring === 
2025-11-21 22:07:03 - INFO - Pulling latest changes from GitHub... 
2025-11-21 22:07:03 - WARN - Pull failed: Failed to fetch upstream branch: C:\Users\ECI_LLC\Desktop\Live Data\projects\BlueRiver\repo/main 
2025-11-21 22:07:03 - INFO - File updated: IFA_Wyandotte_Lake_Wyandotte_15_min.dat 
2025-11-21 22:07:04 - INFO - File updated: IFA_Rothrocks_Rothrocks_15_min.dat 
2025-11-21 22:07:04 - INFO - Updated project metadata 
2025-11-21 22:07:04 - ERROR - Error in commit/push: failed to parse signature - malformed e-mail 
2025-11-21 22:07:04 - WARN - === Sync completed but push failed === 
2025-11-21 23:07:04 - INFO - === Starting sync for project: Blue River Monitoring === 
2025-11-21 23:07:04 - INFO - Pulling latest changes from GitHub... 
2025-11-21 23:07:04 - WARN - Pull failed: Failed to fetch upstream branch: C:\Users\ECI_LLC\Desktop\Live Data\projects\BlueRiver\repo/main 
2025-11-21 23:07:04 - INFO - File updated: IFA_Wyandotte_Lake_Wyandotte_15_min.dat 
2025-11-21 23:07:04 - INFO - File updated: IFA_Rothrocks_Rothrocks_15_min.dat 
2025-11-21 23:07:04 - INFO - Updated project metadata 
2025-11-21 23:07:04 - ERROR - Error in commit/push: failed to parse signature - malformed e-mail 
2025-11-21 23:07:04 - WARN - === Sync completed but push failed === 
2025-11-22 00:07:03 - INFO - === Starting sync for project: Blue River Monitoring === 
2025-11-22 00:07:03 - INFO - Pulling latest changes from GitHub... 
2025-11-22 00:07:03 - WARN - Pull failed: Failed to fetch upstream branch: C:\Users\ECI_LLC\Desktop\Live Data\projects\BlueRiver\repo/main 
2025-11-22 00:07:03 - INFO - File updated: IFA_Wyandotte_Lake_Wyandotte_15_min.dat 
2025-11-22 00:07:04 - INFO - File updated: IFA_Rothrocks_Rothrocks_15_min.dat 
2025-11-22 00:07:04 - INFO - Updated project metadata 
2025-11-22 00:07:04 - ERROR - Error in commit/push: failed to parse signature - malformed e-mail 
2025-11-22 00:07:04 - WARN - === Sync completed but push failed === 
2025-11-22 01:07:03 - INFO - === Starting sync for project: Blue River Monitoring === 
2025-11-22 01:07:03 - INFO - Pulling latest changes from GitHub... 
2025-11-22 01:07:03 - WARN - Pull failed: Failed to fetch upstream branch: C:\Users\ECI_LLC\Desktop\Live Data\projects\BlueRiver\repo/main 
2025-11-22 01:07:03 - INFO - File updated: IFA_Wyandotte_Lake_Wyandotte_15_min.dat 
2025-11-22 01:07:04 - INFO - File updated: IFA_Rothrocks_Rothrocks_15_min.dat 
2025-11-22 01:07:04 - INFO - Updated project metadata 
2025-11-22 01:07:04 - ERROR - Error in commit/push: failed to parse signature - malformed e-mail 
2025-11-22 01:07:04 - WARN - === Sync completed but push failed === 
2025-11-22 02:07:04 - INFO - === Starting sync for project: Blue River Monitoring === 
2025-11-22 02:07:04 - INFO - Pulling latest changes from GitHub... 
2025-11-22 02:07:04 - WARN - Pull failed: Failed to fetch upstream branch: C:\Users\ECI_LLC\Desktop\Live Data\projects\BlueRiver\repo/main 
2025-11-22 02:07:04 - INFO - File updated: IFA_Wyandotte_Lake_Wyandotte_15_min.dat 
2025-11-22 02:07:05 - INFO - File updated: IFA_Rothrocks_Rothrocks_15_min.dat 
2025-11-22 02:07:05 - INFO - Updated project metadata 
2025-11-22 02:07:05 - ERROR - Error in commit/push: failed to parse signature - malformed e-mail 
2025-11-22 02:07:05 - WARN - === Sync completed but push failed === 
2025-11-22 03:07:04 - INFO - === Starting sync for project: Blue River Monitoring === 
2025-11-22 03:07:04 - INFO - Pulling latest changes from GitHub... 
2025-11-22 03:07:04 - WARN - Pull failed: Failed to fetch upstream branch: C:\Users\ECI_LLC\Desktop\Live Data\projects\BlueRiver\repo/main 
2025-11-22 03:07:04 - INFO - File updated: IFA_Wyandotte_Lake_Wyandotte_15_min.dat 
2025-11-22 03:07:04 - INFO - File updated: IFA_Rothrocks_Rothrocks_15_min.dat 
2025-11-22 03:07:04 - INFO - Updated project metadata 
2025-11-22 03:07:04 - ERROR - Error in commit/push: failed to parse signature - malformed e-mail 
2025-11-22 03:07:04 - WARN - === Sync completed but push failed === 
2025-11-22 04:07:04 - INFO - === Starting sync for project: Blue River Monitoring === 
2025-11-22 04:07:04 - INFO - Pulling latest changes from GitHub... 
2025-11-22 04:07:04 - WARN - Pull failed: Failed to fetch upstream branch: C:\Users\ECI_LLC\Desktop\Live Data\projects\BlueRiver\repo/main 
2025-11-22 04:07:04 - INFO - File updated: IFA_Wyandotte_Lake_Wyandotte_15_min.dat 
2025-11-22 04:07:05 - INFO - File updated: IFA_Rothrocks_Rothrocks_15_min.dat 
2025-11-22 04:07:05 - INFO - Updated project metadata 
2025-11-22 04:07:05 - ERROR - Error in commit/push: failed to parse signature - malformed e-mail 
2025-11-22 04:07:05 - WARN - === Sync completed but push failed === 
2025-11-22 05:07:04 - INFO - === Starting sync for project: Blue River Monitoring === 
2025-11-22 05:07:04 - INFO - Pulling latest changes from GitHub... 
2025-11-22 05:07:04 - WARN - Pull failed: Failed to fetch upstream branch: C:\Users\ECI_LLC\Desktop\Live Data\projects\BlueRiver\repo/main 
2025-11-22 05:07:04 - INFO - File updated: IFA_Wyandotte_Lake_Wyandotte_15_min.dat 
2025-11-22 05:07:04 - INFO - File updated: IFA_Rothrocks_Rothrocks_15_min.dat 
2025-11-22 05:07:05 - INFO - Updated project metadata 
2025-11-22 05:07:05 - ERROR - Error in commit/push: failed to parse signature - malformed e-mail 
2025-11-22 05:07:05 - WARN - === Sync completed but push failed === 
2025-11-22 06:07:04 - INFO - === Starting sync for project: Blue River Monitoring === 
2025-11-22 06:07:04 - INFO - Pulling latest changes from GitHub... 
2025-11-22 06:07:04 - WARN - Pull failed: Failed to fetch upstream branch: C:\Users\ECI_LLC\Desktop\Live Data\projects\BlueRiver\repo/main 
2025-11-22 06:07:04 - INFO - File updated: IFA_Wyandotte_Lake_Wyandotte_15_min.dat 
2025-11-22 06:07:04 - INFO - File updated: IFA_Rothrocks_Rothrocks_15_min.dat 
2025-11-22 06:07:04 - INFO - Updated project metadata 
2025-11-22 06:07:05 - ERROR - Error in commit/push: failed to parse signature - malformed e-mail 
2025-11-22 06:07:05 - WARN - === Sync completed but push failed === 
2025-11-22 07:07:04 - INFO - === Starting sync for project: Blue River Monitoring === 
2025-11-22 07:07:04 - INFO - Pulling latest changes from GitHub... 
2025-11-22 07:07:04 - WARN - Pull failed: Failed to fetch upstream branch: C:\Users\ECI_LLC\Desktop\Live Data\projects\BlueRiver\repo/main 
2025-11-22 07:07:04 - INFO - File updated: IFA_Wyandotte_Lake_Wyandotte_15_min.dat 
2025-11-22 07:07:04 - INFO - File updated: IFA_Rothrocks_Rothrocks_15_min.dat 
2025-11-22 07:07:04 - INFO - Updated project metadata 
2025-11-22 07:07:04 - ERROR - Error in commit/push: failed to parse signature - malformed e-mail 
2025-11-22 07:07:04 - WARN - === Sync completed but push failed === 
2025-11-22 08:07:04 - INFO - === Starting sync for project: Blue River Monitoring === 
2025-11-22 08:07:04 - INFO - Pulling latest changes from GitHub... 
2025-11-22 08:07:04 - WARN - Pull failed: Failed to fetch upstream branch: C:\Users\ECI_LLC\Desktop\Live Data\projects\BlueRiver\repo/main 
2025-11-22 08:07:04 - INFO - File updated: IFA_Wyandotte_Lake_Wyandotte_15_min.dat 
2025-11-22 08:07:04 - INFO - File updated: IFA_Rothrocks_Rothrocks_15_min.dat 
2025-11-22 08:07:04 - INFO - Updated project metadata 
2025-11-22 08:07:04 - ERROR - Error in commit/push: failed to parse signature - malformed e-mail 
2025-11-22 08:07:04 - WARN - === Sync completed but push failed === 
2025-11-22 09:07:03 - INFO - === Starting sync for project: Blue River Monitoring === 
2025-11-22 09:07:04 - INFO - Pulling latest changes from GitHub... 
2025-11-22 09:07:04 - WARN - Pull failed: Failed to fetch upstream branch: C:\Users\ECI_LLC\Desktop\Live Data\projects\BlueRiver\repo/main 
2025-11-22 09:07:04 - INFO - File updated: IFA_Wyandotte_Lake_Wyandotte_15_min.dat 
2025-11-22 09:07:04 - INFO - File updated: IFA_Rothrocks_Rothrocks_15_min.dat 
2025-11-22 09:07:04 - INFO - Updated project metadata 
2025-11-22 09:07:04 - ERROR - Error in commit/push: failed to parse signature - malformed e-mail 
2025-11-22 09:07:04 - WARN - === Sync completed but push failed === 
2025-11-22 10:07:03 - INFO - === Starting sync for project: Blue River Monitoring === 
2025-11-22 10:07:03 - INFO - Pulling latest changes from GitHub... 
2025-11-22 10:07:03 - WARN - Pull failed: Failed to fetch upstream branch: C:\Users\ECI_LLC\Desktop\Live Data\projects\BlueRiver\repo/main 
2025-11-22 10:07:03 - INFO - File updated: IFA_Wyandotte_Lake_Wyandotte_15_min.dat 
2025-11-22 10:07:04 - INFO - File updated: IFA_Rothrocks_Rothrocks_15_min.dat 
2025-11-22 10:07:04 - INFO - Updated project metadata 
2025-11-22 10:07:04 - ERROR - Error in commit/push: failed to parse signature - malformed e-mail 
2025-11-22 10:07:04 - WARN - === Sync completed but push failed === 
2025-11-22 11:07:04 - INFO - === Starting sync for project: Blue River Monitoring === 
2025-11-22 11:07:04 - INFO - Pulling latest changes from GitHub... 
2025-11-22 11:07:04 - WARN - Pull failed: Failed to fetch upstream branch: C:\Users\ECI_LLC\Desktop\Live Data\projects\BlueRiver\repo/main 
2025-11-22 11:07:04 - INFO - File updated: IFA_Wyandotte_Lake_Wyandotte_15_min.dat 
2025-11-22 11:07:04 - INFO - File updated: IFA_Rothrocks_Rothrocks_15_min.dat 
2025-11-22 11:07:04 - INFO - Updated project metadata 
2025-11-22 11:07:04 - ERROR - Error in commit/push: failed to parse signature - malformed e-mail 
2025-11-22 11:07:04 - WARN - === Sync completed but push failed === 
2025-11-22 12:07:03 - INFO - === Starting sync for project: Blue River Monitoring === 
2025-11-22 12:07:03 - INFO - Pulling latest changes from GitHub... 
2025-11-22 12:07:03 - WARN - Pull failed: Failed to fetch upstream branch: C:\Users\ECI_LLC\Desktop\Live Data\projects\BlueRiver\repo/main 
2025-11-22 12:07:03 - INFO - File updated: IFA_Wyandotte_Lake_Wyandotte_15_min.dat 
2025-11-22 12:07:04 - INFO - File updated: IFA_Rothrocks_Rothrocks_15_min.dat 
2025-11-22 12:07:04 - INFO - Updated project metadata 
2025-11-22 12:07:04 - ERROR - Error in commit/push: failed to parse signature - malformed e-mail 
2025-11-22 12:07:04 - WARN - === Sync completed but push failed === 
2025-11-22 13:07:03 - INFO - === Starting sync for project: Blue River Monitoring === 
2025-11-22 13:07:03 - INFO - Pulling latest changes from GitHub... 
2025-11-22 13:07:04 - WARN - Pull failed: Failed to fetch upstream branch: C:\Users\ECI_LLC\Desktop\Live Data\projects\BlueRiver\repo/main 
2025-11-22 13:07:04 - INFO - File updated: IFA_Wyandotte_Lake_Wyandotte_15_min.dat 
2025-11-22 13:07:04 - INFO - File updated: IFA_Rothrocks_Rothrocks_15_min.dat 
2025-11-22 13:07:04 - INFO - Updated project metadata 
2025-11-22 13:07:04 - ERROR - Error in commit/push: failed to parse signature - malformed e-mail 
2025-11-22 13:07:04 - WARN - === Sync completed but push failed === 
2025-11-22 14:07:05 - INFO - === Starting sync for project: Blue River Monitoring === 
2025-11-22 14:07:05 - INFO - Pulling latest changes from GitHub... 
2025-11-22 14:07:05 - WARN - Pull failed: Failed to fetch upstream branch: C:\Users\ECI_LLC\Desktop\Live Data\projects\BlueRiver\repo/main 
2025-11-22 14:07:05 - INFO - File updated: IFA_Wyandotte_Lake_Wyandotte_15_min.dat 
2025-11-22 14:07:05 - INFO - File updated: IFA_Rothrocks_Rothrocks_15_min.dat 
2025-11-22 14:07:05 - INFO - Updated project metadata 
2025-11-22 14:07:05 - ERROR - Error in commit/push: failed to parse signature - malformed e-mail 
2025-11-22 14:07:05 - WARN - === Sync completed but push failed === 
2025-11-22 15:07:04 - INFO - === Starting sync for project: Blue River Monitoring === 
2025-11-22 15:07:04 - INFO - Pulling latest changes from GitHub... 
2025-11-22 15:07:04 - WARN - Pull failed: Failed to fetch upstream branch: C:\Users\ECI_LLC\Desktop\Live Data\projects\BlueRiver\repo/main 
2025-11-22 15:07:04 - INFO - File updated: IFA_Wyandotte_Lake_Wyandotte_15_min.dat 
2025-11-22 15:07:04 - INFO - File updated: IFA_Rothrocks_Rothrocks_15_min.dat 
2025-11-22 15:07:04 - INFO - Updated project metadata 
2025-11-22 15:07:04 - ERROR - Error in commit/push: failed to parse signature - malformed e-mail 
2025-11-22 15:07:04 - WARN - === Sync completed but push failed === 
2025-11-22 16:07:04 - INFO - === Starting sync for project: Blue River Monitoring === 
2025-11-22 16:07:04 - INFO - Pulling latest changes from GitHub... 
2025-11-22 16:07:04 - WARN - Pull failed: Failed to fetch upstream branch: C:\Users\ECI_LLC\Desktop\Live Data\projects\BlueRiver\repo/main 
2025-11-22 16:07:04 - INFO - File updated: IFA_Wyandotte_Lake_Wyandotte_15_min.dat 
2025-11-22 16:07:04 - INFO - File updated: IFA_Rothrocks_Rothrocks_15_min.dat 
2025-11-22 16:07:04 - INFO - Updated project metadata 
2025-11-22 16:07:05 - ERROR - Error in commit/push: failed to parse signature - malformed e-mail 
2025-11-22 16:07:05 - WARN - === Sync completed but push failed === 
2025-11-22 17:07:04 - INFO - === Starting sync for project: Blue River Monitoring === 
2025-11-22 17:07:04 - INFO - Pulling latest changes from GitHub... 
2025-11-22 17:07:04 - WARN - Pull failed: Failed to fetch upstream branch: C:\Users\ECI_LLC\Desktop\Live Data\projects\BlueRiver\repo/main 
2025-11-22 17:07:04 - INFO - File updated: IFA_Wyandotte_Lake_Wyandotte_15_min.dat 
2025-11-22 17:07:04 - INFO - File updated: IFA_Rothrocks_Rothrocks_15_min.dat 
2025-11-22 17:07:04 - INFO - Updated project metadata 
2025-11-22 17:07:04 - ERROR - Error in commit/push: failed to parse signature - malformed e-mail 
2025-11-22 17:07:04 - WARN - === Sync completed but push failed === 
2025-11-22 18:07:04 - INFO - === Starting sync for project: Blue River Monitoring === 
2025-11-22 18:07:04 - INFO - Pulling latest changes from GitHub... 
2025-11-22 18:07:04 - WARN - Pull failed: Failed to fetch upstream branch: C:\Users\ECI_LLC\Desktop\Live Data\projects\BlueRiver\repo/main 
2025-11-22 18:07:04 - INFO - File updated: IFA_Wyandotte_Lake_Wyandotte_15_min.dat 
2025-11-22 18:07:04 - INFO - File updated: IFA_Rothrocks_Rothrocks_15_min.dat 
2025-11-22 18:07:04 - INFO - Updated project metadata 
2025-11-22 18:07:04 - ERROR - Error in commit/push: failed to parse signature - malformed e-mail 
2025-11-22 18:07:04 - WARN - === Sync completed but push failed === 
2025-11-22 19:07:04 - INFO - === Starting sync for project: Blue River Monitoring === 
2025-11-22 19:07:04 - INFO - Pulling latest changes from GitHub... 
2025-11-22 19:07:04 - WARN - Pull failed: Failed to fetch upstream branch: C:\Users\ECI_LLC\Desktop\Live Data\projects\BlueRiver\repo/main 
2025-11-22 19:07:04 - INFO - File updated: IFA_Wyandotte_Lake_Wyandotte_15_min.dat 
2025-11-22 19:07:05 - INFO - File updated: IFA_Rothrocks_Rothrocks_15_min.dat 
2025-11-22 19:07:05 - INFO - Updated project metadata 
2025-11-22 19:07:05 - ERROR - Error in commit/push: failed to parse signature - malformed e-mail 
2025-11-22 19:07:05 - WARN - === Sync completed but push failed === 
2025-11-22 20:07:03 - INFO - === Starting sync for project: Blue River Monitoring === 
2025-11-22 20:07:03 - INFO - Pulling latest changes from GitHub... 
2025-11-22 20:07:03 - WARN - Pull failed: Failed to fetch upstream branch: C:\Users\ECI_LLC\Desktop\Live Data\projects\BlueRiver\repo/main 
2025-11-22 20:07:03 - INFO - File updated: IFA_Wyandotte_Lake_Wyandotte_15_min.dat 
2025-11-22 20:07:04 - INFO - File updated: IFA_Rothrocks_Rothrocks_15_min.dat 
2025-11-22 20:07:04 - INFO - Updated project metadata 
2025-11-22 20:07:04 - ERROR - Error in commit/push: failed to parse signature - malformed e-mail 
2025-11-22 20:07:04 - WARN - === Sync completed but push failed === 
2025-11-22 21:07:04 - INFO - === Starting sync for project: Blue River Monitoring === 
2025-11-22 21:07:04 - INFO - Pulling latest changes from GitHub... 
2025-11-22 21:07:04 - WARN - Pull failed: Failed to fetch upstream branch: C:\Users\ECI_LLC\Desktop\Live Data\projects\BlueRiver\repo/main 
2025-11-22 21:07:04 - INFO - File updated: IFA_Wyandotte_Lake_Wyandotte_15_min.dat 
2025-11-22 21:07:04 - INFO - File updated: IFA_Rothrocks_Rothrocks_15_min.dat 
2025-11-22 21:07:04 - INFO - Updated project metadata 
2025-11-22 21:07:04 - ERROR - Error in commit/push: failed to parse signature - malformed e-mail 
2025-11-22 21:07:04 - WARN - === Sync completed but push failed === 
2025-11-22 22:07:03 - INFO - === Starting sync for project: Blue River Monitoring === 
2025-11-22 22:07:03 - INFO - Pulling latest changes from GitHub... 
2025-11-22 22:07:03 - WARN - Pull failed: Failed to fetch upstream branch: C:\Users\ECI_LLC\Desktop\Live Data\projects\BlueRiver\repo/main 
2025-11-22 22:07:03 - INFO - File updated: IFA_Wyandotte_Lake_Wyandotte_15_min.dat 
2025-11-22 22:07:04 - INFO - File updated: IFA_Rothrocks_Rothrocks_15_min.dat 
2025-11-22 22:07:04 - INFO - Updated project metadata 
2025-11-22 22:07:04 - ERROR - Error in commit/push: failed to parse signature - malformed e-mail 
2025-11-22 22:07:04 - WARN - === Sync completed but push failed === 
2025-11-22 23:07:04 - INFO - === Starting sync for project: Blue River Monitoring === 
2025-11-22 23:07:04 - INFO - Pulling latest changes from GitHub... 
2025-11-22 23:07:04 - WARN - Pull failed: Failed to fetch upstream branch: C:\Users\ECI_LLC\Desktop\Live Data\projects\BlueRiver\repo/main 
2025-11-22 23:07:04 - INFO - File updated: IFA_Wyandotte_Lake_Wyandotte_15_min.dat 
2025-11-22 23:07:04 - INFO - File updated: IFA_Rothrocks_Rothrocks_15_min.dat 
2025-11-22 23:07:04 - INFO - Updated project metadata 
2025-11-22 23:07:04 - ERROR - Error in commit/push: failed to parse signature - malformed e-mail 
2025-11-22 23:07:04 - WARN - === Sync completed but push failed === 
2025-11-23 00:07:04 - INFO - === Starting sync for project: Blue River Monitoring === 
2025-11-23 00:07:04 - INFO - Pulling latest changes from GitHub... 
2025-11-23 00:07:04 - WARN - Pull failed: Failed to fetch upstream branch: C:\Users\ECI_LLC\Desktop\Live Data\projects\BlueRiver\repo/main 
2025-11-23 00:07:04 - INFO - File updated: IFA_Wyandotte_Lake_Wyandotte_15_min.dat 
2025-11-23 00:07:04 - INFO - File updated: IFA_Rothrocks_Rothrocks_15_min.dat 
2025-11-23 00:07:04 - INFO - Updated project metadata 
2025-11-23 00:07:04 - ERROR - Error in commit/push: failed to parse signature - malformed e-mail 
2025-11-23 00:07:04 - WARN - === Sync completed but push failed === 
2025-11-23 01:07:04 - INFO - === Starting sync for project: Blue River Monitoring === 
2025-11-23 01:07:04 - INFO - Pulling latest changes from GitHub... 
2025-11-23 01:07:04 - WARN - Pull failed: Failed to fetch upstream branch: C:\Users\ECI_LLC\Desktop\Live Data\projects\BlueRiver\repo/main 
2025-11-23 01:07:04 - INFO - File updated: IFA_Wyandotte_Lake_Wyandotte_15_min.dat 
2025-11-23 01:07:04 - INFO - File updated: IFA_Rothrocks_Rothrocks_15_min.dat 
2025-11-23 01:07:04 - INFO - Updated project metadata 
2025-11-23 01:07:04 - ERROR - Error in commit/push: failed to parse signature - malformed e-mail 
2025-11-23 01:07:04 - WARN - === Sync completed but push failed === 
2025-11-23 02:07:03 - INFO - === Starting sync for project: Blue River Monitoring === 
2025-11-23 02:07:03 - INFO - Pulling latest changes from GitHub... 
2025-11-23 02:07:04 - WARN - Pull failed: Failed to fetch upstream branch: C:\Users\ECI_LLC\Desktop\Live Data\projects\BlueRiver\repo/main 
2025-11-23 02:07:04 - INFO - File updated: IFA_Wyandotte_Lake_Wyandotte_15_min.dat 
2025-11-23 02:07:04 - INFO - File updated: IFA_Rothrocks_Rothrocks_15_min.dat 
2025-11-23 02:07:04 - INFO - Updated project metadata 
2025-11-23 02:07:04 - ERROR - Error in commit/push: failed to parse signature - malformed e-mail 
2025-11-23 02:07:04 - WARN - === Sync completed but push failed === 
2025-11-23 03:07:04 - INFO - === Starting sync for project: Blue River Monitoring === 
2025-11-23 03:07:04 - INFO - Pulling latest changes from GitHub... 
2025-11-23 03:07:04 - WARN - Pull failed: Failed to fetch upstream branch: C:\Users\ECI_LLC\Desktop\Live Data\projects\BlueRiver\repo/main 
2025-11-23 03:07:04 - INFO - File updated: IFA_Wyandotte_Lake_Wyandotte_15_min.dat 
2025-11-23 03:07:04 - INFO - File updated: IFA_Rothrocks_Rothrocks_15_min.dat 
2025-11-23 03:07:04 - INFO - Updated project metadata 
2025-11-23 03:07:04 - ERROR - Error in commit/push: failed to parse signature - malformed e-mail 
2025-11-23 03:07:04 - WARN - === Sync completed but push failed === 
2025-11-23 04:07:04 - INFO - === Starting sync for project: Blue River Monitoring === 
2025-11-23 04:07:04 - INFO - Pulling latest changes from GitHub... 
2025-11-23 04:07:04 - WARN - Pull failed: Failed to fetch upstream branch: C:\Users\ECI_LLC\Desktop\Live Data\projects\BlueRiver\repo/main 
2025-11-23 04:07:04 - INFO - File updated: IFA_Wyandotte_Lake_Wyandotte_15_min.dat 
2025-11-23 04:07:05 - INFO - File updated: IFA_Rothrocks_Rothrocks_15_min.dat 
2025-11-23 04:07:05 - INFO - Updated project metadata 
2025-11-23 04:07:05 - ERROR - Error in commit/push: failed to parse signature - malformed e-mail 
2025-11-23 04:07:05 - WARN - === Sync completed but push failed === 
2025-11-23 05:07:04 - INFO - === Starting sync for project: Blue River Monitoring === 
2025-11-23 05:07:04 - INFO - Pulling latest changes from GitHub... 
2025-11-23 05:07:04 - WARN - Pull failed: Failed to fetch upstream branch: C:\Users\ECI_LLC\Desktop\Live Data\projects\BlueRiver\repo/main 
2025-11-23 05:07:04 - INFO - File updated: IFA_Wyandotte_Lake_Wyandotte_15_min.dat 
2025-11-23 05:07:04 - INFO - File updated: IFA_Rothrocks_Rothrocks_15_min.dat 
2025-11-23 05:07:04 - INFO - Updated project metadata 
2025-11-23 05:07:04 - ERROR - Error in commit/push: failed to parse signature - malformed e-mail 
2025-11-23 05:07:04 - WARN - === Sync completed but push failed === 
2025-11-23 06:07:04 - INFO - === Starting sync for project: Blue River Monitoring === 
2025-11-23 06:07:04 - INFO - Pulling latest changes from GitHub... 
2025-11-23 06:07:04 - WARN - Pull failed: Failed to fetch upstream branch: C:\Users\ECI_LLC\Desktop\Live Data\projects\BlueRiver\repo/main 
2025-11-23 06:07:04 - INFO - File updated: IFA_Wyandotte_Lake_Wyandotte_15_min.dat 
2025-11-23 06:07:05 - INFO - File updated: IFA_Rothrocks_Rothrocks_15_min.dat 
2025-11-23 06:07:05 - INFO - Updated project metadata 
2025-11-23 06:07:05 - ERROR - Error in commit/push: failed to parse signature - malformed e-mail 
2025-11-23 06:07:05 - WARN - === Sync completed but push failed === 
2025-11-23 07:07:04 - INFO - === Starting sync for project: Blue River Monitoring === 
2025-11-23 07:07:04 - INFO - Pulling latest changes from GitHub... 
2025-11-23 07:07:04 - WARN - Pull failed: Failed to fetch upstream branch: C:\Users\ECI_LLC\Desktop\Live Data\projects\BlueRiver\repo/main 
2025-11-23 07:07:04 - INFO - File updated: IFA_Wyandotte_Lake_Wyandotte_15_min.dat 
2025-11-23 07:07:04 - INFO - File updated: IFA_Rothrocks_Rothrocks_15_min.dat 
2025-11-23 07:07:04 - INFO - Updated project metadata 
2025-11-23 07:07:04 - ERROR - Error in commit/push: failed to parse signature - malformed e-mail 
2025-11-23 07:07:04 - WARN - === Sync completed but push failed === 
2025-11-23 08:07:04 - INFO - === Starting sync for project: Blue River Monitoring === 
2025-11-23 08:07:04 - INFO - Pulling latest changes from GitHub... 
2025-11-23 08:07:04 - WARN - Pull failed: Failed to fetch upstream branch: C:\Users\ECI_LLC\Desktop\Live Data\projects\BlueRiver\repo/main 
2025-11-23 08:07:04 - INFO - File updated: IFA_Wyandotte_Lake_Wyandotte_15_min.dat 
2025-11-23 08:07:04 - INFO - File updated: IFA_Rothrocks_Rothrocks_15_min.dat 
2025-11-23 08:07:04 - INFO - Updated project metadata 
2025-11-23 08:07:04 - ERROR - Error in commit/push: failed to parse signature - malformed e-mail 
2025-11-23 08:07:04 - WARN - === Sync completed but push failed === 
2025-11-23 09:07:04 - INFO - === Starting sync for project: Blue River Monitoring === 
2025-11-23 09:07:04 - INFO - Pulling latest changes from GitHub... 
2025-11-23 09:07:04 - WARN - Pull failed: Failed to fetch upstream branch: C:\Users\ECI_LLC\Desktop\Live Data\projects\BlueRiver\repo/main 
2025-11-23 09:07:04 - INFO - File updated: IFA_Wyandotte_Lake_Wyandotte_15_min.dat 
2025-11-23 09:07:04 - INFO - File updated: IFA_Rothrocks_Rothrocks_15_min.dat 
2025-11-23 09:07:04 - INFO - Updated project metadata 
2025-11-23 09:07:04 - ERROR - Error in commit/push: failed to parse signature - malformed e-mail 
2025-11-23 09:07:04 - WARN - === Sync completed but push failed === 
2025-11-23 10:07:03 - INFO - === Starting sync for project: Blue River Monitoring === 
2025-11-23 10:07:03 - INFO - Pulling latest changes from GitHub... 
2025-11-23 10:07:03 - WARN - Pull failed: Failed to fetch upstream branch: C:\Users\ECI_LLC\Desktop\Live Data\projects\BlueRiver\repo/main 
2025-11-23 10:07:03 - INFO - File updated: IFA_Wyandotte_Lake_Wyandotte_15_min.dat 
2025-11-23 10:07:04 - INFO - File updated: IFA_Rothrocks_Rothrocks_15_min.dat 
2025-11-23 10:07:04 - INFO - Updated project metadata 
2025-11-23 10:07:04 - ERROR - Error in commit/push: failed to parse signature - malformed e-mail 
2025-11-23 10:07:04 - WARN - === Sync completed but push failed === 
2025-11-23 11:07:04 - INFO - === Starting sync for project: Blue River Monitoring === 
2025-11-23 11:07:04 - INFO - Pulling latest changes from GitHub... 
2025-11-23 11:07:04 - WARN - Pull failed: Failed to fetch upstream branch: C:\Users\ECI_LLC\Desktop\Live Data\projects\BlueRiver\repo/main 
2025-11-23 11:07:04 - INFO - File updated: IFA_Wyandotte_Lake_Wyandotte_15_min.dat 
2025-11-23 11:07:04 - INFO - File updated: IFA_Rothrocks_Rothrocks_15_min.dat 
2025-11-23 11:07:04 - INFO - Updated project metadata 
2025-11-23 11:07:04 - ERROR - Error in commit/push: failed to parse signature - malformed e-mail 
2025-11-23 11:07:04 - WARN - === Sync completed but push failed === 
2025-11-23 12:07:04 - INFO - === Starting sync for project: Blue River Monitoring === 
2025-11-23 12:07:04 - INFO - Pulling latest changes from GitHub... 
2025-11-23 12:07:04 - WARN - Pull failed: Failed to fetch upstream branch: C:\Users\ECI_LLC\Desktop\Live Data\projects\BlueRiver\repo/main 
2025-11-23 12:07:04 - INFO - File updated: IFA_Wyandotte_Lake_Wyandotte_15_min.dat 
2025-11-23 12:07:04 - INFO - File updated: IFA_Rothrocks_Rothrocks_15_min.dat 
2025-11-23 12:07:04 - INFO - Updated project metadata 
2025-11-23 12:07:04 - ERROR - Error in commit/push: failed to parse signature - malformed e-mail 
2025-11-23 12:07:04 - WARN - === Sync completed but push failed === 
2025-11-23 13:07:04 - INFO - === Starting sync for project: Blue River Monitoring === 
2025-11-23 13:07:04 - INFO - Pulling latest changes from GitHub... 
2025-11-23 13:07:04 - WARN - Pull failed: Failed to fetch upstream branch: C:\Users\ECI_LLC\Desktop\Live Data\projects\BlueRiver\repo/main 
2025-11-23 13:07:04 - INFO - File updated: IFA_Wyandotte_Lake_Wyandotte_15_min.dat 
2025-11-23 13:07:04 - INFO - File updated: IFA_Rothrocks_Rothrocks_15_min.dat 
2025-11-23 13:07:04 - INFO - Updated project metadata 
2025-11-23 13:07:04 - ERROR - Error in commit/push: failed to parse signature - malformed e-mail 
2025-11-23 13:07:04 - WARN - === Sync completed but push failed === 
2025-11-23 14:07:04 - INFO - === Starting sync for project: Blue River Monitoring === 
2025-11-23 14:07:04 - INFO - Pulling latest changes from GitHub... 
2025-11-23 14:07:04 - WARN - Pull failed: Failed to fetch upstream branch: C:\Users\ECI_LLC\Desktop\Live Data\projects\BlueRiver\repo/main 
2025-11-23 14:07:04 - INFO - File updated: IFA_Wyandotte_Lake_Wyandotte_15_min.dat 
2025-11-23 14:07:05 - INFO - File updated: IFA_Rothrocks_Rothrocks_15_min.dat 
2025-11-23 14:07:05 - INFO - Updated project metadata 
2025-11-23 14:07:05 - ERROR - Error in commit/push: failed to parse signature - malformed e-mail 
2025-11-23 14:07:05 - WARN - === Sync completed but push failed === 
2025-11-23 15:07:04 - INFO - === Starting sync for project: Blue River Monitoring === 
2025-11-23 15:07:04 - INFO - Pulling latest changes from GitHub... 
2025-11-23 15:07:04 - WARN - Pull failed: Failed to fetch upstream branch: C:\Users\ECI_LLC\Desktop\Live Data\projects\BlueRiver\repo/main 
2025-11-23 15:07:04 - INFO - File updated: IFA_Wyandotte_Lake_Wyandotte_15_min.dat 
2025-11-23 15:07:04 - INFO - File updated: IFA_Rothrocks_Rothrocks_15_min.dat 
2025-11-23 15:07:04 - INFO - Updated project metadata 
2025-11-23 15:07:05 - ERROR - Error in commit/push: failed to parse signature - malformed e-mail 
2025-11-23 15:07:05 - WARN - === Sync completed but push failed === 
2025-11-23 16:07:04 - INFO - === Starting sync for project: Blue River Monitoring === 
2025-11-23 16:07:04 - INFO - Pulling latest changes from GitHub... 
2025-11-23 16:07:04 - WARN - Pull failed: Failed to fetch upstream branch: C:\Users\ECI_LLC\Desktop\Live Data\projects\BlueRiver\repo/main 
2025-11-23 16:07:04 - INFO - File updated: IFA_Wyandotte_Lake_Wyandotte_15_min.dat 
2025-11-23 16:07:04 - INFO - File updated: IFA_Rothrocks_Rothrocks_15_min.dat 
2025-11-23 16:07:04 - INFO - Updated project metadata 
2025-11-23 16:07:04 - ERROR - Error in commit/push: failed to parse signature - malformed e-mail 
2025-11-23 16:07:04 - WARN - === Sync completed but push failed === 
2025-11-23 17:07:04 - INFO - === Starting sync for project: Blue River Monitoring === 
2025-11-23 17:07:04 - INFO - Pulling latest changes from GitHub... 
2025-11-23 17:07:04 - WARN - Pull failed: Failed to fetch upstream branch: C:\Users\ECI_LLC\Desktop\Live Data\projects\BlueRiver\repo/main 
2025-11-23 17:07:04 - INFO - File updated: IFA_Wyandotte_Lake_Wyandotte_15_min.dat 
2025-11-23 17:07:04 - INFO - File updated: IFA_Rothrocks_Rothrocks_15_min.dat 
2025-11-23 17:07:04 - INFO - Updated project metadata 
2025-11-23 17:07:04 - ERROR - Error in commit/push: failed to parse signature - malformed e-mail 
2025-11-23 17:07:05 - WARN - === Sync completed but push failed === 
2025-11-23 18:07:04 - INFO - === Starting sync for project: Blue River Monitoring === 
2025-11-23 18:07:04 - INFO - Pulling latest changes from GitHub... 
2025-11-23 18:07:04 - WARN - Pull failed: Failed to fetch upstream branch: C:\Users\ECI_LLC\Desktop\Live Data\projects\BlueRiver\repo/main 
2025-11-23 18:07:04 - INFO - File updated: IFA_Wyandotte_Lake_Wyandotte_15_min.dat 
2025-11-23 18:07:04 - INFO - File updated: IFA_Rothrocks_Rothrocks_15_min.dat 
2025-11-23 18:07:04 - INFO - Updated project metadata 
2025-11-23 18:07:04 - ERROR - Error in commit/push: failed to parse signature - malformed e-mail 
2025-11-23 18:07:04 - WARN - === Sync completed but push failed === 
2025-11-23 19:07:04 - INFO - === Starting sync for project: Blue River Monitoring === 
2025-11-23 19:07:04 - INFO - Pulling latest changes from GitHub... 
2025-11-23 19:07:04 - WARN - Pull failed: Failed to fetch upstream branch: C:\Users\ECI_LLC\Desktop\Live Data\projects\BlueRiver\repo/main 
2025-11-23 19:07:04 - INFO - File updated: IFA_Wyandotte_Lake_Wyandotte_15_min.dat 
2025-11-23 19:07:04 - INFO - File updated: IFA_Rothrocks_Rothrocks_15_min.dat 
2025-11-23 19:07:04 - INFO - Updated project metadata 
2025-11-23 19:07:04 - ERROR - Error in commit/push: failed to parse signature - malformed e-mail 
2025-11-23 19:07:04 - WARN - === Sync completed but push failed === 
2025-11-23 20:07:04 - INFO - === Starting sync for project: Blue River Monitoring === 
2025-11-23 20:07:04 - INFO - Pulling latest changes from GitHub... 
2025-11-23 20:07:04 - WARN - Pull failed: Failed to fetch upstream branch: C:\Users\ECI_LLC\Desktop\Live Data\projects\BlueRiver\repo/main 
2025-11-23 20:07:04 - INFO - File updated: IFA_Wyandotte_Lake_Wyandotte_15_min.dat 
2025-11-23 20:07:05 - INFO - File updated: IFA_Rothrocks_Rothrocks_15_min.dat 
2025-11-23 20:07:05 - INFO - Updated project metadata 
2025-11-23 20:07:05 - ERROR - Error in commit/push: failed to parse signature - malformed e-mail 
2025-11-23 20:07:05 - WARN - === Sync completed but push failed === 
2025-11-23 21:07:04 - INFO - === Starting sync for project: Blue River Monitoring === 
2025-11-23 21:07:04 - INFO - Pulling latest changes from GitHub... 
2025-11-23 21:07:04 - WARN - Pull failed: Failed to fetch upstream branch: C:\Users\ECI_LLC\Desktop\Live Data\projects\BlueRiver\repo/main 
2025-11-23 21:07:04 - INFO - File updated: IFA_Wyandotte_Lake_Wyandotte_15_min.dat 
2025-11-23 21:07:05 - INFO - File updated: IFA_Rothrocks_Rothrocks_15_min.dat 
2025-11-23 21:07:05 - INFO - Updated project metadata 
2025-11-23 21:07:05 - ERROR - Error in commit/push: failed to parse signature - malformed e-mail 
2025-11-23 21:07:05 - WARN - === Sync completed but push failed === 
2025-11-23 22:07:05 - INFO - === Starting sync for project: Blue River Monitoring === 
2025-11-23 22:07:05 - INFO - Pulling latest changes from GitHub... 
2025-11-23 22:07:05 - WARN - Pull failed: Failed to fetch upstream branch: C:\Users\ECI_LLC\Desktop\Live Data\projects\BlueRiver\repo/main 
2025-11-23 22:07:05 - INFO - File updated: IFA_Wyandotte_Lake_Wyandotte_15_min.dat 
2025-11-23 22:07:05 - INFO - File updated: IFA_Rothrocks_Rothrocks_15_min.dat 
2025-11-23 22:07:05 - INFO - Updated project metadata 
2025-11-23 22:07:05 - ERROR - Error in commit/push: failed to parse signature - malformed e-mail 
2025-11-23 22:07:05 - WARN - === Sync completed but push failed === 
2025-11-23 23:07:04 - INFO - === Starting sync for project: Blue River Monitoring === 
2025-11-23 23:07:04 - INFO - Pulling latest changes from GitHub... 
2025-11-23 23:07:04 - WARN - Pull failed: Failed to fetch upstream branch: C:\Users\ECI_LLC\Desktop\Live Data\projects\BlueRiver\repo/main 
2025-11-23 23:07:04 - INFO - File updated: IFA_Wyandotte_Lake_Wyandotte_15_min.dat 
2025-11-23 23:07:04 - INFO - File updated: IFA_Rothrocks_Rothrocks_15_min.dat 
2025-11-23 23:07:04 - INFO - Updated project metadata 
2025-11-23 23:07:04 - ERROR - Error in commit/push: failed to parse signature - malformed e-mail 
2025-11-23 23:07:04 - WARN - === Sync completed but push failed === 
2025-11-24 00:07:04 - INFO - === Starting sync for project: Blue River Monitoring === 
2025-11-24 00:07:04 - INFO - Pulling latest changes from GitHub... 
2025-11-24 00:07:04 - WARN - Pull failed: Failed to fetch upstream branch: C:\Users\ECI_LLC\Desktop\Live Data\projects\BlueRiver\repo/main 
2025-11-24 00:07:04 - INFO - File updated: IFA_Wyandotte_Lake_Wyandotte_15_min.dat 
2025-11-24 00:07:04 - INFO - File updated: IFA_Rothrocks_Rothrocks_15_min.dat 
2025-11-24 00:07:04 - INFO - Updated project metadata 
2025-11-24 00:07:04 - ERROR - Error in commit/push: failed to parse signature - malformed e-mail 
2025-11-24 00:07:04 - WARN - === Sync completed but push failed === 
2025-11-24 01:07:04 - INFO - === Starting sync for project: Blue River Monitoring === 
2025-11-24 01:07:04 - INFO - Pulling latest changes from GitHub... 
2025-11-24 01:07:04 - WARN - Pull failed: Failed to fetch upstream branch: C:\Users\ECI_LLC\Desktop\Live Data\projects\BlueRiver\repo/main 
2025-11-24 01:07:04 - INFO - File updated: IFA_Wyandotte_Lake_Wyandotte_15_min.dat 
2025-11-24 01:07:05 - INFO - File updated: IFA_Rothrocks_Rothrocks_15_min.dat 
2025-11-24 01:07:05 - INFO - Updated project metadata 
2025-11-24 01:07:05 - ERROR - Error in commit/push: failed to parse signature - malformed e-mail 
2025-11-24 01:07:05 - WARN - === Sync completed but push failed === 
2025-11-24 02:07:03 - INFO - === Starting sync for project: Blue River Monitoring === 
2025-11-24 02:07:03 - INFO - Pulling latest changes from GitHub... 
2025-11-24 02:07:03 - WARN - Pull failed: Failed to fetch upstream branch: C:\Users\ECI_LLC\Desktop\Live Data\projects\BlueRiver\repo/main 
2025-11-24 02:07:03 - INFO - File updated: IFA_Wyandotte_Lake_Wyandotte_15_min.dat 
2025-11-24 02:07:04 - INFO - File updated: IFA_Rothrocks_Rothrocks_15_min.dat 
2025-11-24 02:07:04 - INFO - Updated project metadata 
2025-11-24 02:07:04 - ERROR - Error in commit/push: failed to parse signature - malformed e-mail 
2025-11-24 02:07:04 - WARN - === Sync completed but push failed === 
2025-11-24 03:07:04 - INFO - === Starting sync for project: Blue River Monitoring === 
2025-11-24 03:07:04 - INFO - Pulling latest changes from GitHub... 
2025-11-24 03:07:04 - WARN - Pull failed: Failed to fetch upstream branch: C:\Users\ECI_LLC\Desktop\Live Data\projects\BlueRiver\repo/main 
2025-11-24 03:07:04 - INFO - File updated: IFA_Wyandotte_Lake_Wyandotte_15_min.dat 
2025-11-24 03:07:04 - INFO - File updated: IFA_Rothrocks_Rothrocks_15_min.dat 
2025-11-24 03:07:04 - INFO - Updated project metadata 
2025-11-24 03:07:04 - ERROR - Error in commit/push: failed to parse signature - malformed e-mail 
2025-11-24 03:07:04 - WARN - === Sync completed but push failed === 
2025-11-24 04:07:04 - INFO - === Starting sync for project: Blue River Monitoring === 
2025-11-24 04:07:04 - INFO - Pulling latest changes from GitHub... 
2025-11-24 04:07:04 - WARN - Pull failed: Failed to fetch upstream branch: C:\Users\ECI_LLC\Desktop\Live Data\projects\BlueRiver\repo/main 
2025-11-24 04:07:04 - INFO - File updated: IFA_Wyandotte_Lake_Wyandotte_15_min.dat 
2025-11-24 04:07:04 - INFO - File updated: IFA_Rothrocks_Rothrocks_15_min.dat 
2025-11-24 04:07:04 - INFO - Updated project metadata 
2025-11-24 04:07:05 - ERROR - Error in commit/push: failed to parse signature - malformed e-mail 
2025-11-24 04:07:05 - WARN - === Sync completed but push failed === 
2025-11-24 05:07:04 - INFO - === Starting sync for project: Blue River Monitoring === 
2025-11-24 05:07:04 - INFO - Pulling latest changes from GitHub... 
2025-11-24 05:07:04 - WARN - Pull failed: Failed to fetch upstream branch: C:\Users\ECI_LLC\Desktop\Live Data\projects\BlueRiver\repo/main 
2025-11-24 05:07:04 - INFO - File updated: IFA_Wyandotte_Lake_Wyandotte_15_min.dat 
2025-11-24 05:07:04 - INFO - File updated: IFA_Rothrocks_Rothrocks_15_min.dat 
2025-11-24 05:07:04 - INFO - Updated project metadata 
2025-11-24 05:07:04 - ERROR - Error in commit/push: failed to parse signature - malformed e-mail 
2025-11-24 05:07:04 - WARN - === Sync completed but push failed === 
2025-11-24 06:07:03 - INFO - === Starting sync for project: Blue River Monitoring === 
2025-11-24 06:07:03 - INFO - Pulling latest changes from GitHub... 
2025-11-24 06:07:03 - WARN - Pull failed: Failed to fetch upstream branch: C:\Users\ECI_LLC\Desktop\Live Data\projects\BlueRiver\repo/main 
2025-11-24 06:07:03 - INFO - File updated: IFA_Wyandotte_Lake_Wyandotte_15_min.dat 
2025-11-24 06:07:04 - INFO - File updated: IFA_Rothrocks_Rothrocks_15_min.dat 
2025-11-24 06:07:04 - INFO - Updated project metadata 
2025-11-24 06:07:04 - ERROR - Error in commit/push: failed to parse signature - malformed e-mail 
2025-11-24 06:07:04 - WARN - === Sync completed but push failed === 
2025-11-24 07:07:04 - INFO - === Starting sync for project: Blue River Monitoring === 
2025-11-24 07:07:04 - INFO - Pulling latest changes from GitHub... 
2025-11-24 07:07:04 - WARN - Pull failed: Failed to fetch upstream branch: C:\Users\ECI_LLC\Desktop\Live Data\projects\BlueRiver\repo/main 
2025-11-24 07:07:04 - INFO - File updated: IFA_Wyandotte_Lake_Wyandotte_15_min.dat 
2025-11-24 07:07:04 - INFO - File updated: IFA_Rothrocks_Rothrocks_15_min.dat 
2025-11-24 07:07:04 - INFO - Updated project metadata 
2025-11-24 07:07:04 - ERROR - Error in commit/push: failed to parse signature - malformed e-mail 
2025-11-24 07:07:05 - WARN - === Sync completed but push failed === 
2025-11-24 08:07:04 - INFO - === Starting sync for project: Blue River Monitoring === 
2025-11-24 08:07:04 - INFO - Pulling latest changes from GitHub... 
2025-11-24 08:07:04 - WARN - Pull failed: Failed to fetch upstream branch: C:\Users\ECI_LLC\Desktop\Live Data\projects\BlueRiver\repo/main 
2025-11-24 08:07:04 - INFO - File updated: IFA_Wyandotte_Lake_Wyandotte_15_min.dat 
2025-11-24 08:07:04 - INFO - File updated: IFA_Rothrocks_Rothrocks_15_min.dat 
2025-11-24 08:07:04 - INFO - Updated project metadata 
2025-11-24 08:07:04 - ERROR - Error in commit/push: failed to parse signature - malformed e-mail 
2025-11-24 08:07:04 - WARN - === Sync completed but push failed === 
2025-11-24 09:07:03 - INFO - === Starting sync for project: Blue River Monitoring === 
2025-11-24 09:07:03 - INFO - Pulling latest changes from GitHub... 
2025-11-24 09:07:04 - WARN - Pull failed: Failed to fetch upstream branch: C:\Users\ECI_LLC\Desktop\Live Data\projects\BlueRiver\repo/main 
2025-11-24 09:07:04 - INFO - File updated: IFA_Wyandotte_Lake_Wyandotte_15_min.dat 
2025-11-24 09:07:04 - INFO - File updated: IFA_Rothrocks_Rothrocks_15_min.dat 
2025-11-24 09:07:04 - INFO - Updated project metadata 
2025-11-24 09:07:04 - ERROR - Error in commit/push: failed to parse signature - malformed e-mail 
2025-11-24 09:07:04 - WARN - === Sync completed but push failed === 
2025-11-24 10:07:03 - INFO - === Starting sync for project: Blue River Monitoring === 
2025-11-24 10:07:03 - INFO - Pulling latest changes from GitHub... 
2025-11-24 10:07:03 - WARN - Pull failed: Failed to fetch upstream branch: C:\Users\ECI_LLC\Desktop\Live Data\projects\BlueRiver\repo/main 
2025-11-24 10:07:03 - INFO - File updated: IFA_Wyandotte_Lake_Wyandotte_15_min.dat 
2025-11-24 10:07:04 - INFO - File updated: IFA_Rothrocks_Rothrocks_15_min.dat 
2025-11-24 10:07:04 - INFO - Updated project metadata 
2025-11-24 10:07:04 - ERROR - Error in commit/push: failed to parse signature - malformed e-mail 
2025-11-24 10:07:04 - WARN - === Sync completed but push failed === 
2025-11-24 11:07:03 - INFO - === Starting sync for project: Blue River Monitoring === 
2025-11-24 11:07:03 - INFO - Pulling latest changes from GitHub... 
2025-11-24 11:07:04 - WARN - Pull failed: Failed to fetch upstream branch: C:\Users\ECI_LLC\Desktop\Live Data\projects\BlueRiver\repo/main 
2025-11-24 11:07:04 - INFO - File updated: IFA_Wyandotte_Lake_Wyandotte_15_min.dat 
2025-11-24 11:07:04 - INFO - File updated: IFA_Rothrocks_Rothrocks_15_min.dat 
2025-11-24 11:07:04 - INFO - Updated project metadata 
2025-11-24 11:07:04 - ERROR - Error in commit/push: failed to parse signature - malformed e-mail 
2025-11-24 11:07:04 - WARN - === Sync completed but push failed === 
2025-11-24 12:07:04 - INFO - === Starting sync for project: Blue River Monitoring === 
2025-11-24 12:07:04 - INFO - Pulling latest changes from GitHub... 
2025-11-24 12:07:04 - WARN - Pull failed: Failed to fetch upstream branch: C:\Users\ECI_LLC\Desktop\Live Data\projects\BlueRiver\repo/main 
2025-11-24 12:07:04 - INFO - File updated: IFA_Wyandotte_Lake_Wyandotte_15_min.dat 
2025-11-24 12:07:05 - INFO - File updated: IFA_Rothrocks_Rothrocks_15_min.dat 
2025-11-24 12:07:05 - INFO - Updated project metadata 
2025-11-24 12:07:05 - ERROR - Error in commit/push: failed to parse signature - malformed e-mail 
2025-11-24 12:07:05 - WARN - === Sync completed but push failed === 
2025-11-24 13:07:04 - INFO - === Starting sync for project: Blue River Monitoring === 
2025-11-24 13:07:04 - INFO - Pulling latest changes from GitHub... 
2025-11-24 13:07:04 - WARN - Pull failed: Failed to fetch upstream branch: C:\Users\ECI_LLC\Desktop\Live Data\projects\BlueRiver\repo/main 
2025-11-24 13:07:04 - INFO - File updated: IFA_Wyandotte_Lake_Wyandotte_15_min.dat 
2025-11-24 13:07:05 - INFO - File updated: IFA_Rothrocks_Rothrocks_15_min.dat 
2025-11-24 13:07:06 - INFO - Updated project metadata 
2025-11-24 13:07:06 - ERROR - Error in commit/push: failed to parse signature - malformed e-mail 
2025-11-24 13:07:06 - WARN - === Sync completed but push failed === 
2025-11-24 14:07:06 - INFO - === Starting sync for project: Blue River Monitoring === 
2025-11-24 14:07:06 - INFO - Pulling latest changes from GitHub... 
2025-11-24 14:07:06 - WARN - Pull failed: Failed to fetch upstream branch: C:\Users\ECI_LLC\Desktop\Live Data\projects\BlueRiver\repo/main 
2025-11-24 14:07:06 - INFO - File updated: IFA_Wyandotte_Lake_Wyandotte_15_min.dat 
2025-11-24 14:07:07 - INFO - File updated: IFA_Rothrocks_Rothrocks_15_min.dat 
2025-11-24 14:07:07 - INFO - Updated project metadata 
2025-11-24 14:07:07 - ERROR - Error in commit/push: failed to parse signature - malformed e-mail 
2025-11-24 14:07:07 - WARN - === Sync completed but push failed === 
2025-11-24 15:07:03 - INFO - === Starting sync for project: Blue River Monitoring === 
2025-11-24 15:07:03 - INFO - Pulling latest changes from GitHub... 
2025-11-24 15:07:03 - WARN - Pull failed: Failed to fetch upstream branch: C:\Users\ECI_LLC\Desktop\Live Data\projects\BlueRiver\repo/main 
2025-11-24 15:07:03 - INFO - File updated: IFA_Wyandotte_Lake_Wyandotte_15_min.dat 
2025-11-24 15:07:04 - INFO - File updated: IFA_Rothrocks_Rothrocks_15_min.dat 
2025-11-24 15:07:04 - INFO - Updated project metadata 
2025-11-24 15:07:04 - ERROR - Error in commit/push: failed to parse signature - malformed e-mail 
2025-11-24 15:07:04 - WARN - === Sync completed but push failed === 
2025-11-24 16:07:03 - INFO - === Starting sync for project: Blue River Monitoring === 
2025-11-24 16:07:03 - INFO - Pulling latest changes from GitHub... 
2025-11-24 16:07:03 - WARN - Pull failed: Failed to fetch upstream branch: C:\Users\ECI_LLC\Desktop\Live Data\projects\BlueRiver\repo/main 
2025-11-24 16:07:03 - INFO - File updated: IFA_Wyandotte_Lake_Wyandotte_15_min.dat 
2025-11-24 16:07:04 - INFO - File updated: IFA_Rothrocks_Rothrocks_15_min.dat 
2025-11-24 16:07:04 - INFO - Updated project metadata 
2025-11-24 16:07:04 - ERROR - Error in commit/push: failed to parse signature - malformed e-mail 
2025-11-24 16:07:04 - WARN - === Sync completed but push failed === 
2025-11-24 17:07:03 - INFO - === Starting sync for project: Blue River Monitoring === 
2025-11-24 17:07:03 - INFO - Pulling latest changes from GitHub... 
2025-11-24 17:07:03 - WARN - Pull failed: Failed to fetch upstream branch: C:\Users\ECI_LLC\Desktop\Live Data\projects\BlueRiver\repo/main 
2025-11-24 17:07:03 - INFO - File updated: IFA_Wyandotte_Lake_Wyandotte_15_min.dat 
2025-11-24 17:07:04 - INFO - File updated: IFA_Rothrocks_Rothrocks_15_min.dat 
2025-11-24 17:07:04 - INFO - Updated project metadata 
2025-11-24 17:07:04 - ERROR - Error in commit/push: failed to parse signature - malformed e-mail 
2025-11-24 17:07:04 - WARN - === Sync completed but push failed === 
2025-11-24 18:07:03 - INFO - === Starting sync for project: Blue River Monitoring === 
2025-11-24 18:07:03 - INFO - Pulling latest changes from GitHub... 
2025-11-24 18:07:03 - WARN - Pull failed: Failed to fetch upstream branch: C:\Users\ECI_LLC\Desktop\Live Data\projects\BlueRiver\repo/main 
2025-11-24 18:07:03 - INFO - File updated: IFA_Wyandotte_Lake_Wyandotte_15_min.dat 
2025-11-24 18:07:04 - INFO - File updated: IFA_Rothrocks_Rothrocks_15_min.dat 
2025-11-24 18:07:04 - INFO - Updated project metadata 
2025-11-24 18:07:04 - ERROR - Error in commit/push: failed to parse signature - malformed e-mail 
2025-11-24 18:07:04 - WARN - === Sync completed but push failed === 
2025-11-24 19:07:04 - INFO - === Starting sync for project: Blue River Monitoring === 
2025-11-24 19:07:04 - INFO - Pulling latest changes from GitHub... 
2025-11-24 19:07:04 - WARN - Pull failed: Failed to fetch upstream branch: C:\Users\ECI_LLC\Desktop\Live Data\projects\BlueRiver\repo/main 
2025-11-24 19:07:04 - INFO - File updated: IFA_Wyandotte_Lake_Wyandotte_15_min.dat 
2025-11-24 19:07:04 - INFO - File updated: IFA_Rothrocks_Rothrocks_15_min.dat 
2025-11-24 19:07:05 - INFO - Updated project metadata 
2025-11-24 19:07:05 - ERROR - Error in commit/push: failed to parse signature - malformed e-mail 
2025-11-24 19:07:05 - WARN - === Sync completed but push failed === 
2025-11-24 20:07:04 - INFO - === Starting sync for project: Blue River Monitoring === 
2025-11-24 20:07:04 - INFO - Pulling latest changes from GitHub... 
2025-11-24 20:07:04 - WARN - Pull failed: Failed to fetch upstream branch: C:\Users\ECI_LLC\Desktop\Live Data\projects\BlueRiver\repo/main 
2025-11-24 20:07:04 - INFO - File updated: IFA_Wyandotte_Lake_Wyandotte_15_min.dat 
2025-11-24 20:07:04 - INFO - File updated: IFA_Rothrocks_Rothrocks_15_min.dat 
2025-11-24 20:07:04 - INFO - Updated project metadata 
2025-11-24 20:07:04 - ERROR - Error in commit/push: failed to parse signature - malformed e-mail 
2025-11-24 20:07:05 - WARN - === Sync completed but push failed === 
2025-11-24 21:07:04 - INFO - === Starting sync for project: Blue River Monitoring === 
2025-11-24 21:07:04 - INFO - Pulling latest changes from GitHub... 
2025-11-24 21:07:04 - WARN - Pull failed: Failed to fetch upstream branch: C:\Users\ECI_LLC\Desktop\Live Data\projects\BlueRiver\repo/main 
2025-11-24 21:07:04 - INFO - File updated: IFA_Wyandotte_Lake_Wyandotte_15_min.dat 
2025-11-24 21:07:04 - INFO - File updated: IFA_Rothrocks_Rothrocks_15_min.dat 
2025-11-24 21:07:05 - INFO - Updated project metadata 
2025-11-24 21:07:05 - ERROR - Error in commit/push: failed to parse signature - malformed e-mail 
2025-11-24 21:07:05 - WARN - === Sync completed but push failed === 
2025-11-24 22:07:03 - INFO - === Starting sync for project: Blue River Monitoring === 
2025-11-24 22:07:03 - INFO - Pulling latest changes from GitHub... 
2025-11-24 22:07:03 - WARN - Pull failed: Failed to fetch upstream branch: C:\Users\ECI_LLC\Desktop\Live Data\projects\BlueRiver\repo/main 
2025-11-24 22:07:03 - INFO - File updated: IFA_Wyandotte_Lake_Wyandotte_15_min.dat 
2025-11-24 22:07:04 - INFO - File updated: IFA_Rothrocks_Rothrocks_15_min.dat 
2025-11-24 22:07:04 - INFO - Updated project metadata 
2025-11-24 22:07:04 - ERROR - Error in commit/push: failed to parse signature - malformed e-mail 
2025-11-24 22:07:04 - WARN - === Sync completed but push failed === 
2025-11-24 23:07:04 - INFO - === Starting sync for project: Blue River Monitoring === 
2025-11-24 23:07:04 - INFO - Pulling latest changes from GitHub... 
2025-11-24 23:07:04 - WARN - Pull failed: Failed to fetch upstream branch: C:\Users\ECI_LLC\Desktop\Live Data\projects\BlueRiver\repo/main 
2025-11-24 23:07:04 - INFO - File updated: IFA_Wyandotte_Lake_Wyandotte_15_min.dat 
2025-11-24 23:07:04 - INFO - File updated: IFA_Rothrocks_Rothrocks_15_min.dat 
2025-11-24 23:07:04 - INFO - Updated project metadata 
2025-11-24 23:07:05 - ERROR - Error in commit/push: failed to parse signature - malformed e-mail 
2025-11-24 23:07:05 - WARN - === Sync completed but push failed === 
2025-11-25 00:07:04 - INFO - === Starting sync for project: Blue River Monitoring === 
2025-11-25 00:07:04 - INFO - Pulling latest changes from GitHub... 
2025-11-25 00:07:04 - WARN - Pull failed: Failed to fetch upstream branch: C:\Users\ECI_LLC\Desktop\Live Data\projects\BlueRiver\repo/main 
2025-11-25 00:07:04 - INFO - File updated: IFA_Wyandotte_Lake_Wyandotte_15_min.dat 
2025-11-25 00:07:04 - INFO - File updated: IFA_Rothrocks_Rothrocks_15_min.dat 
2025-11-25 00:07:04 - INFO - Updated project metadata 
2025-11-25 00:07:04 - ERROR - Error in commit/push: failed to parse signature - malformed e-mail 
2025-11-25 00:07:04 - WARN - === Sync completed but push failed === 
2025-11-25 01:07:04 - INFO - === Starting sync for project: Blue River Monitoring === 
2025-11-25 01:07:04 - INFO - Pulling latest changes from GitHub... 
2025-11-25 01:07:04 - WARN - Pull failed: Failed to fetch upstream branch: C:\Users\ECI_LLC\Desktop\Live Data\projects\BlueRiver\repo/main 
2025-11-25 01:07:04 - INFO - File updated: IFA_Wyandotte_Lake_Wyandotte_15_min.dat 
2025-11-25 01:07:04 - INFO - File updated: IFA_Rothrocks_Rothrocks_15_min.dat 
2025-11-25 01:07:04 - INFO - Updated project metadata 
2025-11-25 01:07:04 - ERROR - Error in commit/push: failed to parse signature - malformed e-mail 
2025-11-25 01:07:04 - WARN - === Sync completed but push failed === 
2025-11-25 02:07:03 - INFO - === Starting sync for project: Blue River Monitoring === 
2025-11-25 02:07:03 - INFO - Pulling latest changes from GitHub... 
2025-11-25 02:07:03 - WARN - Pull failed: Failed to fetch upstream branch: C:\Users\ECI_LLC\Desktop\Live Data\projects\BlueRiver\repo/main 
2025-11-25 02:07:03 - INFO - File updated: IFA_Wyandotte_Lake_Wyandotte_15_min.dat 
2025-11-25 02:07:04 - INFO - File updated: IFA_Rothrocks_Rothrocks_15_min.dat 
2025-11-25 02:07:04 - INFO - Updated project metadata 
2025-11-25 02:07:04 - ERROR - Error in commit/push: failed to parse signature - malformed e-mail 
2025-11-25 02:07:04 - WARN - === Sync completed but push failed === 
2025-11-25 03:07:04 - INFO - === Starting sync for project: Blue River Monitoring === 
2025-11-25 03:07:04 - INFO - Pulling latest changes from GitHub... 
2025-11-25 03:07:04 - WARN - Pull failed: Failed to fetch upstream branch: C:\Users\ECI_LLC\Desktop\Live Data\projects\BlueRiver\repo/main 
2025-11-25 03:07:04 - INFO - File updated: IFA_Wyandotte_Lake_Wyandotte_15_min.dat 
2025-11-25 03:07:05 - INFO - File updated: IFA_Rothrocks_Rothrocks_15_min.dat 
2025-11-25 03:07:05 - INFO - Updated project metadata 
2025-11-25 03:07:05 - ERROR - Error in commit/push: failed to parse signature - malformed e-mail 
2025-11-25 03:07:05 - WARN - === Sync completed but push failed === 
2025-11-25 04:07:03 - INFO - === Starting sync for project: Blue River Monitoring === 
2025-11-25 04:07:03 - INFO - Pulling latest changes from GitHub... 
2025-11-25 04:07:03 - WARN - Pull failed: Failed to fetch upstream branch: C:\Users\ECI_LLC\Desktop\Live Data\projects\BlueRiver\repo/main 
2025-11-25 04:07:03 - INFO - File updated: IFA_Wyandotte_Lake_Wyandotte_15_min.dat 
2025-11-25 04:07:04 - INFO - File updated: IFA_Rothrocks_Rothrocks_15_min.dat 
2025-11-25 04:07:04 - INFO - Updated project metadata 
2025-11-25 04:07:04 - ERROR - Error in commit/push: failed to parse signature - malformed e-mail 
2025-11-25 04:07:04 - WARN - === Sync completed but push failed === 
2025-11-25 05:07:03 - INFO - === Starting sync for project: Blue River Monitoring === 
2025-11-25 05:07:03 - INFO - Pulling latest changes from GitHub... 
2025-11-25 05:07:04 - WARN - Pull failed: Failed to fetch upstream branch: C:\Users\ECI_LLC\Desktop\Live Data\projects\BlueRiver\repo/main 
2025-11-25 05:07:04 - INFO - File updated: IFA_Wyandotte_Lake_Wyandotte_15_min.dat 
2025-11-25 05:07:04 - INFO - File updated: IFA_Rothrocks_Rothrocks_15_min.dat 
2025-11-25 05:07:04 - INFO - Updated project metadata 
2025-11-25 05:07:04 - ERROR - Error in commit/push: failed to parse signature - malformed e-mail 
2025-11-25 05:07:04 - WARN - === Sync completed but push failed === 
2025-11-25 06:07:03 - INFO - === Starting sync for project: Blue River Monitoring === 
2025-11-25 06:07:03 - INFO - Pulling latest changes from GitHub... 
2025-11-25 06:07:04 - WARN - Pull failed: Failed to fetch upstream branch: C:\Users\ECI_LLC\Desktop\Live Data\projects\BlueRiver\repo/main 
2025-11-25 06:07:04 - INFO - File updated: IFA_Wyandotte_Lake_Wyandotte_15_min.dat 
2025-11-25 06:07:04 - INFO - File updated: IFA_Rothrocks_Rothrocks_15_min.dat 
2025-11-25 06:07:04 - INFO - Updated project metadata 
2025-11-25 06:07:04 - ERROR - Error in commit/push: failed to parse signature - malformed e-mail 
2025-11-25 06:07:04 - WARN - === Sync completed but push failed === 
2025-11-25 07:07:03 - INFO - === Starting sync for project: Blue River Monitoring === 
2025-11-25 07:07:03 - INFO - Pulling latest changes from GitHub... 
2025-11-25 07:07:03 - WARN - Pull failed: Failed to fetch upstream branch: C:\Users\ECI_LLC\Desktop\Live Data\projects\BlueRiver\repo/main 
2025-11-25 07:07:03 - INFO - File updated: IFA_Wyandotte_Lake_Wyandotte_15_min.dat 
2025-11-25 07:07:04 - INFO - File updated: IFA_Rothrocks_Rothrocks_15_min.dat 
2025-11-25 07:07:04 - INFO - Updated project metadata 
2025-11-25 07:07:04 - ERROR - Error in commit/push: failed to parse signature - malformed e-mail 
2025-11-25 07:07:04 - WARN - === Sync completed but push failed === 
2025-11-25 08:07:03 - INFO - === Starting sync for project: Blue River Monitoring === 
2025-11-25 08:07:03 - INFO - Pulling latest changes from GitHub... 
2025-11-25 08:07:03 - WARN - Pull failed: Failed to fetch upstream branch: C:\Users\ECI_LLC\Desktop\Live Data\projects\BlueRiver\repo/main 
2025-11-25 08:07:03 - INFO - File updated: IFA_Wyandotte_Lake_Wyandotte_15_min.dat 
2025-11-25 08:07:04 - INFO - File updated: IFA_Rothrocks_Rothrocks_15_min.dat 
2025-11-25 08:07:04 - INFO - Updated project metadata 
2025-11-25 08:07:04 - ERROR - Error in commit/push: failed to parse signature - malformed e-mail 
2025-11-25 08:07:04 - WARN - === Sync completed but push failed === 
2025-11-25 09:07:03 - INFO - === Starting sync for project: Blue River Monitoring === 
2025-11-25 09:07:03 - INFO - Pulling latest changes from GitHub... 
2025-11-25 09:07:03 - WARN - Pull failed: Failed to fetch upstream branch: C:\Users\ECI_LLC\Desktop\Live Data\projects\BlueRiver\repo/main 
2025-11-25 09:07:03 - INFO - File updated: IFA_Wyandotte_Lake_Wyandotte_15_min.dat 
2025-11-25 09:07:03 - INFO - File updated: IFA_Rothrocks_Rothrocks_15_min.dat 
2025-11-25 09:07:03 - INFO - Updated project metadata 
2025-11-25 09:07:04 - ERROR - Error in commit/push: failed to parse signature - malformed e-mail 
2025-11-25 09:07:04 - WARN - === Sync completed but push failed === 
2025-11-25 10:07:03 - INFO - === Starting sync for project: Blue River Monitoring === 
2025-11-25 10:07:03 - INFO - Pulling latest changes from GitHub... 
2025-11-25 10:07:03 - WARN - Pull failed: Failed to fetch upstream branch: C:\Users\ECI_LLC\Desktop\Live Data\projects\BlueRiver\repo/main 
2025-11-25 10:07:03 - INFO - File updated: IFA_Wyandotte_Lake_Wyandotte_15_min.dat 
2025-11-25 10:07:04 - INFO - File updated: IFA_Rothrocks_Rothrocks_15_min.dat 
2025-11-25 10:07:04 - INFO - Updated project metadata 
2025-11-25 10:07:04 - ERROR - Error in commit/push: failed to parse signature - malformed e-mail 
2025-11-25 10:07:04 - WARN - === Sync completed but push failed === 
2025-11-25 11:07:04 - INFO - === Starting sync for project: Blue River Monitoring === 
2025-11-25 11:07:04 - INFO - Pulling latest changes from GitHub... 
2025-11-25 11:07:04 - WARN - Pull failed: Failed to fetch upstream branch: C:\Users\ECI_LLC\Desktop\Live Data\projects\BlueRiver\repo/main 
2025-11-25 11:07:04 - INFO - File updated: IFA_Wyandotte_Lake_Wyandotte_15_min.dat 
2025-11-25 11:07:05 - INFO - File updated: IFA_Rothrocks_Rothrocks_15_min.dat 
2025-11-25 11:07:05 - INFO - Updated project metadata 
2025-11-25 11:07:05 - ERROR - Error in commit/push: failed to parse signature - malformed e-mail 
2025-11-25 11:07:05 - WARN - === Sync completed but push failed === 
2025-11-25 12:07:03 - INFO - === Starting sync for project: Blue River Monitoring === 
2025-11-25 12:07:03 - INFO - Pulling latest changes from GitHub... 
2025-11-25 12:07:03 - WARN - Pull failed: Failed to fetch upstream branch: C:\Users\ECI_LLC\Desktop\Live Data\projects\BlueRiver\repo/main 
2025-11-25 12:07:03 - INFO - File updated: IFA_Wyandotte_Lake_Wyandotte_15_min.dat 
2025-11-25 12:07:04 - INFO - File updated: IFA_Rothrocks_Rothrocks_15_min.dat 
2025-11-25 12:07:04 - INFO - Updated project metadata 
2025-11-25 12:07:04 - ERROR - Error in commit/push: failed to parse signature - malformed e-mail 
2025-11-25 12:07:04 - WARN - === Sync completed but push failed === 
2025-11-25 13:07:04 - INFO - === Starting sync for project: Blue River Monitoring === 
2025-11-25 13:07:04 - INFO - Pulling latest changes from GitHub... 
2025-11-25 13:07:04 - WARN - Pull failed: Failed to fetch upstream branch: C:\Users\ECI_LLC\Desktop\Live Data\projects\BlueRiver\repo/main 
2025-11-25 13:07:04 - INFO - File updated: IFA_Wyandotte_Lake_Wyandotte_15_min.dat 
2025-11-25 13:07:04 - INFO - File updated: IFA_Rothrocks_Rothrocks_15_min.dat 
2025-11-25 13:07:05 - INFO - Updated project metadata 
2025-11-25 13:07:05 - ERROR - Error in commit/push: failed to parse signature - malformed e-mail 
2025-11-25 13:07:05 - WARN - === Sync completed but push failed === 
2025-11-25 14:07:04 - INFO - === Starting sync for project: Blue River Monitoring === 
2025-11-25 14:07:04 - INFO - Pulling latest changes from GitHub... 
2025-11-25 14:07:04 - WARN - Pull failed: Failed to fetch upstream branch: C:\Users\ECI_LLC\Desktop\Live Data\projects\BlueRiver\repo/main 
2025-11-25 14:07:04 - INFO - File updated: IFA_Wyandotte_Lake_Wyandotte_15_min.dat 
2025-11-25 14:07:04 - INFO - File updated: IFA_Rothrocks_Rothrocks_15_min.dat 
2025-11-25 14:07:04 - INFO - Updated project metadata 
2025-11-25 14:07:05 - ERROR - Error in commit/push: failed to parse signature - malformed e-mail 
2025-11-25 14:07:05 - WARN - === Sync completed but push failed === 
2025-11-25 15:07:04 - INFO - === Starting sync for project: Blue River Monitoring === 
2025-11-25 15:07:04 - INFO - Pulling latest changes from GitHub... 
2025-11-25 15:07:04 - WARN - Pull failed: Failed to fetch upstream branch: C:\Users\ECI_LLC\Desktop\Live Data\projects\BlueRiver\repo/main 
2025-11-25 15:07:04 - INFO - File updated: IFA_Wyandotte_Lake_Wyandotte_15_min.dat 
2025-11-25 15:07:04 - INFO - File updated: IFA_Rothrocks_Rothrocks_15_min.dat 
2025-11-25 15:07:04 - INFO - Updated project metadata 
2025-11-25 15:07:04 - ERROR - Error in commit/push: failed to parse signature - malformed e-mail 
2025-11-25 15:07:04 - WARN - === Sync completed but push failed === 
2025-11-25 16:07:03 - INFO - === Starting sync for project: Blue River Monitoring === 
2025-11-25 16:07:03 - INFO - Pulling latest changes from GitHub... 
2025-11-25 16:07:03 - WARN - Pull failed: Failed to fetch upstream branch: C:\Users\ECI_LLC\Desktop\Live Data\projects\BlueRiver\repo/main 
2025-11-25 16:07:03 - INFO - File updated: IFA_Wyandotte_Lake_Wyandotte_15_min.dat 
2025-11-25 16:07:04 - INFO - File updated: IFA_Rothrocks_Rothrocks_15_min.dat 
2025-11-25 16:07:04 - INFO - Updated project metadata 
2025-11-25 16:07:04 - ERROR - Error in commit/push: failed to parse signature - malformed e-mail 
2025-11-25 16:07:04 - WARN - === Sync completed but push failed === 
2025-11-25 17:07:03 - INFO - === Starting sync for project: Blue River Monitoring === 
2025-11-25 17:07:03 - INFO - Pulling latest changes from GitHub... 
2025-11-25 17:07:03 - WARN - Pull failed: Failed to fetch upstream branch: C:\Users\ECI_LLC\Desktop\Live Data\projects\BlueRiver\repo/main 
2025-11-25 17:07:03 - INFO - File updated: IFA_Wyandotte_Lake_Wyandotte_15_min.dat 
2025-11-25 17:07:04 - INFO - File updated: IFA_Rothrocks_Rothrocks_15_min.dat 
2025-11-25 17:07:04 - INFO - Updated project metadata 
2025-11-25 17:07:04 - ERROR - Error in commit/push: failed to parse signature - malformed e-mail 
2025-11-25 17:07:04 - WARN - === Sync completed but push failed === 
2025-11-25 18:07:03 - INFO - === Starting sync for project: Blue River Monitoring === 
2025-11-25 18:07:03 - INFO - Pulling latest changes from GitHub... 
2025-11-25 18:07:03 - WARN - Pull failed: Failed to fetch upstream branch: C:\Users\ECI_LLC\Desktop\Live Data\projects\BlueRiver\repo/main 
2025-11-25 18:07:03 - INFO - File updated: IFA_Wyandotte_Lake_Wyandotte_15_min.dat 
2025-11-25 18:07:03 - INFO - File updated: IFA_Rothrocks_Rothrocks_15_min.dat 
2025-11-25 18:07:03 - INFO - Updated project metadata 
2025-11-25 18:07:04 - ERROR - Error in commit/push: failed to parse signature - malformed e-mail 
2025-11-25 18:07:04 - WARN - === Sync completed but push failed === 
2025-11-25 19:07:03 - INFO - === Starting sync for project: Blue River Monitoring === 
2025-11-25 19:07:03 - INFO - Pulling latest changes from GitHub... 
2025-11-25 19:07:03 - WARN - Pull failed: Failed to fetch upstream branch: C:\Users\ECI_LLC\Desktop\Live Data\projects\BlueRiver\repo/main 
2025-11-25 19:07:03 - INFO - File updated: IFA_Wyandotte_Lake_Wyandotte_15_min.dat 
2025-11-25 19:07:04 - INFO - File updated: IFA_Rothrocks_Rothrocks_15_min.dat 
2025-11-25 19:07:04 - INFO - Updated project metadata 
2025-11-25 19:07:04 - ERROR - Error in commit/push: failed to parse signature - malformed e-mail 
2025-11-25 19:07:04 - WARN - === Sync completed but push failed === 
2025-11-25 20:07:04 - INFO - === Starting sync for project: Blue River Monitoring === 
2025-11-25 20:07:04 - INFO - Pulling latest changes from GitHub... 
2025-11-25 20:07:04 - WARN - Pull failed: Failed to fetch upstream branch: C:\Users\ECI_LLC\Desktop\Live Data\projects\BlueRiver\repo/main 
2025-11-25 20:07:04 - INFO - File updated: IFA_Wyandotte_Lake_Wyandotte_15_min.dat 
2025-11-25 20:07:04 - INFO - File updated: IFA_Rothrocks_Rothrocks_15_min.dat 
2025-11-25 20:07:05 - INFO - Updated project metadata 
2025-11-25 20:07:05 - ERROR - Error in commit/push: failed to parse signature - malformed e-mail 
2025-11-25 20:07:05 - WARN - === Sync completed but push failed === 
2025-11-25 21:07:04 - INFO - === Starting sync for project: Blue River Monitoring === 
2025-11-25 21:07:04 - INFO - Pulling latest changes from GitHub... 
2025-11-25 21:07:04 - WARN - Pull failed: Failed to fetch upstream branch: C:\Users\ECI_LLC\Desktop\Live Data\projects\BlueRiver\repo/main 
2025-11-25 21:07:04 - INFO - File updated: IFA_Wyandotte_Lake_Wyandotte_15_min.dat 
2025-11-25 21:07:05 - INFO - File updated: IFA_Rothrocks_Rothrocks_15_min.dat 
2025-11-25 21:07:05 - INFO - Updated project metadata 
2025-11-25 21:07:05 - ERROR - Error in commit/push: failed to parse signature - malformed e-mail 
2025-11-25 21:07:05 - WARN - === Sync completed but push failed === 
2025-11-25 22:07:04 - INFO - === Starting sync for project: Blue River Monitoring === 
2025-11-25 22:07:04 - INFO - Pulling latest changes from GitHub... 
2025-11-25 22:07:04 - WARN - Pull failed: Failed to fetch upstream branch: C:\Users\ECI_LLC\Desktop\Live Data\projects\BlueRiver\repo/main 
2025-11-25 22:07:04 - INFO - File updated: IFA_Wyandotte_Lake_Wyandotte_15_min.dat 
2025-11-25 22:07:04 - INFO - File updated: IFA_Rothrocks_Rothrocks_15_min.dat 
2025-11-25 22:07:04 - INFO - Updated project metadata 
2025-11-25 22:07:04 - ERROR - Error in commit/push: failed to parse signature - malformed e-mail 
2025-11-25 22:07:04 - WARN - === Sync completed but push failed === 
2025-11-25 23:07:03 - INFO - === Starting sync for project: Blue River Monitoring === 
2025-11-25 23:07:03 - INFO - Pulling latest changes from GitHub... 
2025-11-25 23:07:03 - WARN - Pull failed: Failed to fetch upstream branch: C:\Users\ECI_LLC\Desktop\Live Data\projects\BlueRiver\repo/main 
2025-11-25 23:07:03 - INFO - File updated: IFA_Wyandotte_Lake_Wyandotte_15_min.dat 
2025-11-25 23:07:04 - INFO - File updated: IFA_Rothrocks_Rothrocks_15_min.dat 
2025-11-25 23:07:04 - INFO - Updated project metadata 
2025-11-25 23:07:04 - ERROR - Error in commit/push: failed to parse signature - malformed e-mail 
2025-11-25 23:07:04 - WARN - === Sync completed but push failed === 
2025-11-26 00:07:04 - INFO - === Starting sync for project: Blue River Monitoring === 
2025-11-26 00:07:04 - INFO - Pulling latest changes from GitHub... 
2025-11-26 00:07:04 - WARN - Pull failed: Failed to fetch upstream branch: C:\Users\ECI_LLC\Desktop\Live Data\projects\BlueRiver\repo/main 
2025-11-26 00:07:04 - INFO - File updated: IFA_Wyandotte_Lake_Wyandotte_15_min.dat 
2025-11-26 00:07:04 - INFO - File updated: IFA_Rothrocks_Rothrocks_15_min.dat 
2025-11-26 00:07:04 - INFO - Updated project metadata 
2025-11-26 00:07:04 - ERROR - Error in commit/push: failed to parse signature - malformed e-mail 
2025-11-26 00:07:04 - WARN - === Sync completed but push failed === 
2025-11-26 01:07:03 - INFO - === Starting sync for project: Blue River Monitoring === 
2025-11-26 01:07:03 - INFO - Pulling latest changes from GitHub... 
2025-11-26 01:07:03 - WARN - Pull failed: Failed to fetch upstream branch: C:\Users\ECI_LLC\Desktop\Live Data\projects\BlueRiver\repo/main 
2025-11-26 01:07:03 - INFO - File updated: IFA_Wyandotte_Lake_Wyandotte_15_min.dat 
2025-11-26 01:07:04 - INFO - File updated: IFA_Rothrocks_Rothrocks_15_min.dat 
2025-11-26 01:07:04 - INFO - Updated project metadata 
2025-11-26 01:07:04 - ERROR - Error in commit/push: failed to parse signature - malformed e-mail 
2025-11-26 01:07:04 - WARN - === Sync completed but push failed === 
2025-11-26 02:07:03 - INFO - === Starting sync for project: Blue River Monitoring === 
2025-11-26 02:07:03 - INFO - Pulling latest changes from GitHub... 
2025-11-26 02:07:03 - WARN - Pull failed: Failed to fetch upstream branch: C:\Users\ECI_LLC\Desktop\Live Data\projects\BlueRiver\repo/main 
2025-11-26 02:07:03 - INFO - File updated: IFA_Wyandotte_Lake_Wyandotte_15_min.dat 
2025-11-26 02:07:03 - INFO - File updated: IFA_Rothrocks_Rothrocks_15_min.dat 
2025-11-26 02:07:04 - INFO - Updated project metadata 
2025-11-26 02:07:04 - ERROR - Error in commit/push: failed to parse signature - malformed e-mail 
2025-11-26 02:07:04 - WARN - === Sync completed but push failed === 
2025-11-26 03:07:04 - INFO - === Starting sync for project: Blue River Monitoring === 
2025-11-26 03:07:04 - INFO - Pulling latest changes from GitHub... 
2025-11-26 03:07:04 - WARN - Pull failed: Failed to fetch upstream branch: C:\Users\ECI_LLC\Desktop\Live Data\projects\BlueRiver\repo/main 
2025-11-26 03:07:04 - INFO - File updated: IFA_Wyandotte_Lake_Wyandotte_15_min.dat 
2025-11-26 03:07:04 - INFO - File updated: IFA_Rothrocks_Rothrocks_15_min.dat 
2025-11-26 03:07:04 - INFO - Updated project metadata 
2025-11-26 03:07:04 - ERROR - Error in commit/push: failed to parse signature - malformed e-mail 
2025-11-26 03:07:04 - WARN - === Sync completed but push failed === 
2025-11-26 04:07:03 - INFO - === Starting sync for project: Blue River Monitoring === 
2025-11-26 04:07:03 - INFO - Pulling latest changes from GitHub... 
2025-11-26 04:07:03 - WARN - Pull failed: Failed to fetch upstream branch: C:\Users\ECI_LLC\Desktop\Live Data\projects\BlueRiver\repo/main 
2025-11-26 04:07:03 - INFO - File updated: IFA_Wyandotte_Lake_Wyandotte_15_min.dat 
2025-11-26 04:07:04 - INFO - File updated: IFA_Rothrocks_Rothrocks_15_min.dat 
2025-11-26 04:07:04 - INFO - Updated project metadata 
2025-11-26 04:07:04 - ERROR - Error in commit/push: failed to parse signature - malformed e-mail 
2025-11-26 04:07:04 - WARN - === Sync completed but push failed === 
2025-11-26 05:07:04 - INFO - === Starting sync for project: Blue River Monitoring === 
2025-11-26 05:07:04 - INFO - Pulling latest changes from GitHub... 
2025-11-26 05:07:04 - WARN - Pull failed: Failed to fetch upstream branch: C:\Users\ECI_LLC\Desktop\Live Data\projects\BlueRiver\repo/main 
2025-11-26 05:07:04 - INFO - File updated: IFA_Wyandotte_Lake_Wyandotte_15_min.dat 
2025-11-26 05:07:05 - INFO - File updated: IFA_Rothrocks_Rothrocks_15_min.dat 
2025-11-26 05:07:05 - INFO - Updated project metadata 
2025-11-26 05:07:05 - ERROR - Error in commit/push: failed to parse signature - malformed e-mail 
2025-11-26 05:07:05 - WARN - === Sync completed but push failed === 
2025-11-26 06:07:03 - INFO - === Starting sync for project: Blue River Monitoring === 
2025-11-26 06:07:03 - INFO - Pulling latest changes from GitHub... 
2025-11-26 06:07:03 - WARN - Pull failed: Failed to fetch upstream branch: C:\Users\ECI_LLC\Desktop\Live Data\projects\BlueRiver\repo/main 
2025-11-26 06:07:03 - INFO - File updated: IFA_Wyandotte_Lake_Wyandotte_15_min.dat 
2025-11-26 06:07:04 - INFO - File updated: IFA_Rothrocks_Rothrocks_15_min.dat 
2025-11-26 06:07:04 - INFO - Updated project metadata 
2025-11-26 06:07:04 - ERROR - Error in commit/push: failed to parse signature - malformed e-mail 
2025-11-26 06:07:04 - WARN - === Sync completed but push failed === 
2025-11-26 07:07:04 - INFO - === Starting sync for project: Blue River Monitoring === 
2025-11-26 07:07:04 - INFO - Pulling latest changes from GitHub... 
2025-11-26 07:07:04 - WARN - Pull failed: Failed to fetch upstream branch: C:\Users\ECI_LLC\Desktop\Live Data\projects\BlueRiver\repo/main 
2025-11-26 07:07:04 - INFO - File updated: IFA_Wyandotte_Lake_Wyandotte_15_min.dat 
2025-11-26 07:07:04 - INFO - File updated: IFA_Rothrocks_Rothrocks_15_min.dat 
2025-11-26 07:07:04 - INFO - Updated project metadata 
2025-11-26 07:07:04 - ERROR - Error in commit/push: failed to parse signature - malformed e-mail 
2025-11-26 07:07:04 - WARN - === Sync completed but push failed === 
2025-11-26 08:07:04 - INFO - === Starting sync for project: Blue River Monitoring === 
2025-11-26 08:07:04 - INFO - Pulling latest changes from GitHub... 
2025-11-26 08:07:04 - WARN - Pull failed: Failed to fetch upstream branch: C:\Users\ECI_LLC\Desktop\Live Data\projects\BlueRiver\repo/main 
2025-11-26 08:07:04 - INFO - File updated: IFA_Wyandotte_Lake_Wyandotte_15_min.dat 
2025-11-26 08:07:04 - INFO - File updated: IFA_Rothrocks_Rothrocks_15_min.dat 
2025-11-26 08:07:04 - INFO - Updated project metadata 
2025-11-26 08:07:04 - ERROR - Error in commit/push: failed to parse signature - malformed e-mail 
2025-11-26 08:07:04 - WARN - === Sync completed but push failed === 
2025-11-26 09:07:03 - INFO - === Starting sync for project: Blue River Monitoring === 
2025-11-26 09:07:03 - INFO - Pulling latest changes from GitHub... 
2025-11-26 09:07:03 - WARN - Pull failed: Failed to fetch upstream branch: C:\Users\ECI_LLC\Desktop\Live Data\projects\BlueRiver\repo/main 
2025-11-26 09:07:03 - INFO - File updated: IFA_Wyandotte_Lake_Wyandotte_15_min.dat 
2025-11-26 09:07:03 - INFO - File updated: IFA_Rothrocks_Rothrocks_15_min.dat 
2025-11-26 09:07:04 - INFO - Updated project metadata 
2025-11-26 09:07:04 - ERROR - Error in commit/push: failed to parse signature - malformed e-mail 
2025-11-26 09:07:04 - WARN - === Sync completed but push failed === 
2025-11-26 10:07:03 - INFO - === Starting sync for project: Blue River Monitoring === 
2025-11-26 10:07:03 - INFO - Pulling latest changes from GitHub... 
2025-11-26 10:07:03 - WARN - Pull failed: Failed to fetch upstream branch: C:\Users\ECI_LLC\Desktop\Live Data\projects\BlueRiver\repo/main 
2025-11-26 10:07:03 - INFO - File updated: IFA_Wyandotte_Lake_Wyandotte_15_min.dat 
2025-11-26 10:07:04 - INFO - File updated: IFA_Rothrocks_Rothrocks_15_min.dat 
2025-11-26 10:07:04 - INFO - Updated project metadata 
2025-11-26 10:07:04 - ERROR - Error in commit/push: failed to parse signature - malformed e-mail 
2025-11-26 10:07:04 - WARN - === Sync completed but push failed === 
2025-11-26 11:07:04 - INFO - === Starting sync for project: Blue River Monitoring === 
2025-11-26 11:07:04 - INFO - Pulling latest changes from GitHub... 
2025-11-26 11:07:04 - WARN - Pull failed: Failed to fetch upstream branch: C:\Users\ECI_LLC\Desktop\Live Data\projects\BlueRiver\repo/main 
2025-11-26 11:07:04 - INFO - File updated: IFA_Wyandotte_Lake_Wyandotte_15_min.dat 
2025-11-26 11:07:04 - INFO - File updated: IFA_Rothrocks_Rothrocks_15_min.dat 
2025-11-26 11:07:04 - INFO - Updated project metadata 
2025-11-26 11:07:04 - ERROR - Error in commit/push: failed to parse signature - malformed e-mail 
2025-11-26 11:07:04 - WARN - === Sync completed but push failed === 
2025-11-26 12:07:03 - INFO - === Starting sync for project: Blue River Monitoring === 
2025-11-26 12:07:03 - INFO - Pulling latest changes from GitHub... 
2025-11-26 12:07:03 - WARN - Pull failed: Failed to fetch upstream branch: C:\Users\ECI_LLC\Desktop\Live Data\projects\BlueRiver\repo/main 
2025-11-26 12:07:03 - INFO - File updated: IFA_Wyandotte_Lake_Wyandotte_15_min.dat 
2025-11-26 12:07:03 - INFO - File updated: IFA_Rothrocks_Rothrocks_15_min.dat 
2025-11-26 12:07:03 - INFO - Updated project metadata 
2025-11-26 12:07:03 - ERROR - Error in commit/push: failed to parse signature - malformed e-mail 
2025-11-26 12:07:03 - WARN - === Sync completed but push failed === 
2025-11-26 12:39:19 - INFO - === Starting sync for project: Blue River Monitoring === 
2025-11-26 12:39:19 - INFO - Pulling latest changes from GitHub... 
2025-11-26 12:39:19 - WARN - Pull failed: Failed to fetch upstream branch: C:\Users\ECI_LLC\Desktop\Live Data\projects\BlueRiver\repo/main 
2025-11-26 12:39:19 - INFO - === No changes detected === 
2025-11-26 12:48:29 - INFO - === Starting sync for project: Blue River Monitoring === 
2025-11-26 12:48:29 - INFO - Pulling latest changes from GitHub... 
2025-11-26 12:48:29 - WARN - Pull failed: Failed to fetch upstream branch: C:\Users\ECI_LLC\Desktop\Live Data\projects\BlueRiver\repo/main 
2025-11-26 12:48:29 - INFO - === No changes detected === 
2025-11-26 13:07:04 - INFO - === Starting sync for project: Blue River Monitoring === 
2025-11-26 13:07:04 - INFO - Pulling latest changes from GitHub... 
2025-11-26 13:07:04 - WARN - Pull failed: Failed to fetch upstream branch: C:\Users\ECI_LLC\Desktop\Live Data\projects\BlueRiver\repo/main 
2025-11-26 13:07:04 - INFO - File updated: IFA_Wyandotte_Lake_Wyandotte_15_min.dat 
2025-11-26 13:07:04 - INFO - File updated: IFA_Rothrocks_Rothrocks_15_min.dat 
2025-11-26 13:07:04 - INFO - Updated project metadata 
2025-11-26 13:07:04 - ERROR - Error in commit/push: failed to parse signature - malformed e-mail 
2025-11-26 13:07:04 - WARN - === Sync completed but push failed === 
2025-11-26 14:07:04 - INFO - === Starting sync for project: Blue River Monitoring === 
2025-11-26 14:07:04 - INFO - Pulling latest changes from GitHub... 
2025-11-26 14:07:04 - WARN - Pull failed: Failed to fetch upstream branch: C:\Users\ECI_LLC\Desktop\Live Data\projects\BlueRiver\repo/main 
2025-11-26 14:07:04 - INFO - File updated: IFA_Wyandotte_Lake_Wyandotte_15_min.dat 
2025-11-26 14:07:04 - INFO - File updated: IFA_Rothrocks_Rothrocks_15_min.dat 
2025-11-26 14:07:04 - INFO - Updated project metadata 
2025-11-26 14:07:04 - ERROR - Error in commit/push: failed to parse signature - malformed e-mail 
2025-11-26 14:07:04 - WARN - === Sync completed but push failed === 
2025-11-26 15:07:03 - INFO - === Starting sync for project: Blue River Monitoring === 
2025-11-26 15:07:03 - INFO - Pulling latest changes from GitHub... 
2025-11-26 15:07:03 - WARN - Pull failed: Failed to fetch upstream branch: C:\Users\ECI_LLC\Desktop\Live Data\projects\BlueRiver\repo/main 
2025-11-26 15:07:03 - INFO - File updated: IFA_Wyandotte_Lake_Wyandotte_15_min.dat 
2025-11-26 15:07:04 - INFO - File updated: IFA_Rothrocks_Rothrocks_15_min.dat 
2025-11-26 15:07:04 - INFO - Updated project metadata 
2025-11-26 15:07:04 - ERROR - Error in commit/push: failed to parse signature - malformed e-mail 
2025-11-26 15:07:04 - WARN - === Sync completed but push failed === 
2025-11-26 16:07:04 - INFO - === Starting sync for project: Blue River Monitoring === 
2025-11-26 16:07:04 - INFO - Pulling latest changes from GitHub... 
2025-11-26 16:07:04 - WARN - Pull failed: Failed to fetch upstream branch: C:\Users\ECI_LLC\Desktop\Live Data\projects\BlueRiver\repo/main 
2025-11-26 16:07:04 - INFO - File updated: IFA_Wyandotte_Lake_Wyandotte_15_min.dat 
2025-11-26 16:07:04 - INFO - File updated: IFA_Rothrocks_Rothrocks_15_min.dat 
2025-11-26 16:07:04 - INFO - Updated project metadata 
2025-11-26 16:07:04 - ERROR - Error in commit/push: failed to parse signature - malformed e-mail 
2025-11-26 16:07:04 - WARN - === Sync completed but push failed === 
2025-11-26 17:07:03 - INFO - === Starting sync for project: Blue River Monitoring === 
2025-11-26 17:07:03 - INFO - Pulling latest changes from GitHub... 
2025-11-26 17:07:03 - WARN - Pull failed: Failed to fetch upstream branch: C:\Users\ECI_LLC\Desktop\Live Data\projects\BlueRiver\repo/main 
2025-11-26 17:07:03 - INFO - File updated: IFA_Wyandotte_Lake_Wyandotte_15_min.dat 
2025-11-26 17:07:04 - INFO - File updated: IFA_Rothrocks_Rothrocks_15_min.dat 
2025-11-26 17:07:04 - INFO - Updated project metadata 
2025-11-26 17:07:04 - ERROR - Error in commit/push: failed to parse signature - malformed e-mail 
2025-11-26 17:07:04 - WARN - === Sync completed but push failed === 
2025-11-26 18:07:03 - INFO - === Starting sync for project: Blue River Monitoring === 
2025-11-26 18:07:03 - INFO - Pulling latest changes from GitHub... 
2025-11-26 18:07:03 - WARN - Pull failed: Failed to fetch upstream branch: C:\Users\ECI_LLC\Desktop\Live Data\projects\BlueRiver\repo/main 
2025-11-26 18:07:03 - INFO - File updated: IFA_Wyandotte_Lake_Wyandotte_15_min.dat 
2025-11-26 18:07:04 - INFO - File updated: IFA_Rothrocks_Rothrocks_15_min.dat 
2025-11-26 18:07:04 - INFO - Updated project metadata 
2025-11-26 18:07:04 - ERROR - Error in commit/push: failed to parse signature - malformed e-mail 
2025-11-26 18:07:04 - WARN - === Sync completed but push failed === 
2025-11-26 19:07:03 - INFO - === Starting sync for project: Blue River Monitoring === 
2025-11-26 19:07:03 - INFO - Pulling latest changes from GitHub... 
2025-11-26 19:07:03 - WARN - Pull failed: Failed to fetch upstream branch: C:\Users\ECI_LLC\Desktop\Live Data\projects\BlueRiver\repo/main 
2025-11-26 19:07:03 - INFO - File updated: IFA_Wyandotte_Lake_Wyandotte_15_min.dat 
2025-11-26 19:07:04 - INFO - File updated: IFA_Rothrocks_Rothrocks_15_min.dat 
2025-11-26 19:07:04 - INFO - Updated project metadata 
2025-11-26 19:07:04 - ERROR - Error in commit/push: failed to parse signature - malformed e-mail 
2025-11-26 19:07:04 - WARN - === Sync completed but push failed === 
2025-11-26 20:07:03 - INFO - === Starting sync for project: Blue River Monitoring === 
2025-11-26 20:07:03 - INFO - Pulling latest changes from GitHub... 
2025-11-26 20:07:03 - WARN - Pull failed: Failed to fetch upstream branch: C:\Users\ECI_LLC\Desktop\Live Data\projects\BlueRiver\repo/main 
2025-11-26 20:07:03 - INFO - File updated: IFA_Wyandotte_Lake_Wyandotte_15_min.dat 
2025-11-26 20:07:04 - INFO - File updated: IFA_Rothrocks_Rothrocks_15_min.dat 
2025-11-26 20:07:04 - INFO - Updated project metadata 
2025-11-26 20:07:04 - ERROR - Error in commit/push: failed to parse signature - malformed e-mail 
2025-11-26 20:07:04 - WARN - === Sync completed but push failed === 
2025-11-26 21:07:03 - INFO - === Starting sync for project: Blue River Monitoring === 
2025-11-26 21:07:03 - INFO - Pulling latest changes from GitHub... 
2025-11-26 21:07:03 - WARN - Pull failed: Failed to fetch upstream branch: C:\Users\ECI_LLC\Desktop\Live Data\projects\BlueRiver\repo/main 
2025-11-26 21:07:03 - INFO - File updated: IFA_Wyandotte_Lake_Wyandotte_15_min.dat 
2025-11-26 21:07:04 - INFO - File updated: IFA_Rothrocks_Rothrocks_15_min.dat 
2025-11-26 21:07:04 - INFO - Updated project metadata 
2025-11-26 21:07:04 - ERROR - Error in commit/push: failed to parse signature - malformed e-mail 
2025-11-26 21:07:04 - WARN - === Sync completed but push failed === 
2025-11-26 22:07:04 - INFO - === Starting sync for project: Blue River Monitoring === 
2025-11-26 22:07:04 - INFO - Pulling latest changes from GitHub... 
2025-11-26 22:07:04 - WARN - Pull failed: Failed to fetch upstream branch: C:\Users\ECI_LLC\Desktop\Live Data\projects\BlueRiver\repo/main 
2025-11-26 22:07:04 - INFO - File updated: IFA_Wyandotte_Lake_Wyandotte_15_min.dat 
2025-11-26 22:07:04 - INFO - File updated: IFA_Rothrocks_Rothrocks_15_min.dat 
2025-11-26 22:07:04 - INFO - Updated project metadata 
2025-11-26 22:07:04 - ERROR - Error in commit/push: failed to parse signature - malformed e-mail 
2025-11-26 22:07:04 - WARN - === Sync completed but push failed === 
2025-11-26 23:07:03 - INFO - === Starting sync for project: Blue River Monitoring === 
2025-11-26 23:07:03 - INFO - Pulling latest changes from GitHub... 
2025-11-26 23:07:03 - WARN - Pull failed: Failed to fetch upstream branch: C:\Users\ECI_LLC\Desktop\Live Data\projects\BlueRiver\repo/main 
2025-11-26 23:07:03 - INFO - File updated: IFA_Wyandotte_Lake_Wyandotte_15_min.dat 
2025-11-26 23:07:04 - INFO - File updated: IFA_Rothrocks_Rothrocks_15_min.dat 
2025-11-26 23:07:04 - INFO - Updated project metadata 
2025-11-26 23:07:04 - ERROR - Error in commit/push: failed to parse signature - malformed e-mail 
2025-11-26 23:07:04 - WARN - === Sync completed but push failed === 
2025-11-27 00:07:03 - INFO - === Starting sync for project: Blue River Monitoring === 
2025-11-27 00:07:03 - INFO - Pulling latest changes from GitHub... 
2025-11-27 00:07:03 - WARN - Pull failed: Failed to fetch upstream branch: C:\Users\ECI_LLC\Desktop\Live Data\projects\BlueRiver\repo/main 
2025-11-27 00:07:03 - INFO - File updated: IFA_Wyandotte_Lake_Wyandotte_15_min.dat 
2025-11-27 00:07:04 - INFO - File updated: IFA_Rothrocks_Rothrocks_15_min.dat 
2025-11-27 00:07:04 - INFO - Updated project metadata 
2025-11-27 00:07:04 - ERROR - Error in commit/push: failed to parse signature - malformed e-mail 
2025-11-27 00:07:04 - WARN - === Sync completed but push failed === 
2025-11-27 01:07:03 - INFO - === Starting sync for project: Blue River Monitoring === 
2025-11-27 01:07:03 - INFO - Pulling latest changes from GitHub... 
2025-11-27 01:07:03 - WARN - Pull failed: Failed to fetch upstream branch: C:\Users\ECI_LLC\Desktop\Live Data\projects\BlueRiver\repo/main 
2025-11-27 01:07:03 - INFO - File updated: IFA_Wyandotte_Lake_Wyandotte_15_min.dat 
2025-11-27 01:07:04 - INFO - File updated: IFA_Rothrocks_Rothrocks_15_min.dat 
2025-11-27 01:07:04 - INFO - Updated project metadata 
2025-11-27 01:07:04 - ERROR - Error in commit/push: failed to parse signature - malformed e-mail 
2025-11-27 01:07:04 - WARN - === Sync completed but push failed === 
2025-11-27 02:07:03 - INFO - === Starting sync for project: Blue River Monitoring === 
2025-11-27 02:07:03 - INFO - Pulling latest changes from GitHub... 
2025-11-27 02:07:03 - WARN - Pull failed: Failed to fetch upstream branch: C:\Users\ECI_LLC\Desktop\Live Data\projects\BlueRiver\repo/main 
2025-11-27 02:07:03 - INFO - File updated: IFA_Wyandotte_Lake_Wyandotte_15_min.dat 
2025-11-27 02:07:04 - INFO - File updated: IFA_Rothrocks_Rothrocks_15_min.dat 
2025-11-27 02:07:04 - INFO - Updated project metadata 
2025-11-27 02:07:04 - ERROR - Error in commit/push: failed to parse signature - malformed e-mail 
2025-11-27 02:07:04 - WARN - === Sync completed but push failed === 
2025-11-27 03:07:04 - INFO - === Starting sync for project: Blue River Monitoring === 
2025-11-27 03:07:04 - INFO - Pulling latest changes from GitHub... 
2025-11-27 03:07:04 - WARN - Pull failed: Failed to fetch upstream branch: C:\Users\ECI_LLC\Desktop\Live Data\projects\BlueRiver\repo/main 
2025-11-27 03:07:04 - INFO - File updated: IFA_Wyandotte_Lake_Wyandotte_15_min.dat 
2025-11-27 03:07:04 - INFO - File updated: IFA_Rothrocks_Rothrocks_15_min.dat 
2025-11-27 03:07:04 - INFO - Updated project metadata 
2025-11-27 03:07:05 - ERROR - Error in commit/push: failed to parse signature - malformed e-mail 
2025-11-27 03:07:05 - WARN - === Sync completed but push failed === 
2025-11-27 04:07:04 - INFO - === Starting sync for project: Blue River Monitoring === 
2025-11-27 04:07:04 - INFO - Pulling latest changes from GitHub... 
2025-11-27 04:07:04 - WARN - Pull failed: Failed to fetch upstream branch: C:\Users\ECI_LLC\Desktop\Live Data\projects\BlueRiver\repo/main 
2025-11-27 04:07:04 - INFO - File updated: IFA_Wyandotte_Lake_Wyandotte_15_min.dat 
2025-11-27 04:07:04 - INFO - File updated: IFA_Rothrocks_Rothrocks_15_min.dat 
2025-11-27 04:07:05 - INFO - Updated project metadata 
2025-11-27 04:07:05 - ERROR - Error in commit/push: failed to parse signature - malformed e-mail 
2025-11-27 04:07:05 - WARN - === Sync completed but push failed === 
2025-11-27 05:07:03 - INFO - === Starting sync for project: Blue River Monitoring === 
2025-11-27 05:07:03 - INFO - Pulling latest changes from GitHub... 
2025-11-27 05:07:03 - WARN - Pull failed: Failed to fetch upstream branch: C:\Users\ECI_LLC\Desktop\Live Data\projects\BlueRiver\repo/main 
2025-11-27 05:07:03 - INFO - File updated: IFA_Wyandotte_Lake_Wyandotte_15_min.dat 
2025-11-27 05:07:04 - INFO - File updated: IFA_Rothrocks_Rothrocks_15_min.dat 
2025-11-27 05:07:04 - INFO - Updated project metadata 
2025-11-27 05:07:04 - ERROR - Error in commit/push: failed to parse signature - malformed e-mail 
2025-11-27 05:07:04 - WARN - === Sync completed but push failed === 
2025-11-27 06:07:03 - INFO - === Starting sync for project: Blue River Monitoring === 
2025-11-27 06:07:03 - INFO - Pulling latest changes from GitHub... 
2025-11-27 06:07:03 - WARN - Pull failed: Failed to fetch upstream branch: C:\Users\ECI_LLC\Desktop\Live Data\projects\BlueRiver\repo/main 
2025-11-27 06:07:03 - INFO - File updated: IFA_Wyandotte_Lake_Wyandotte_15_min.dat 
2025-11-27 06:07:04 - INFO - File updated: IFA_Rothrocks_Rothrocks_15_min.dat 
2025-11-27 06:07:04 - INFO - Updated project metadata 
2025-11-27 06:07:04 - ERROR - Error in commit/push: failed to parse signature - malformed e-mail 
2025-11-27 06:07:04 - WARN - === Sync completed but push failed === 
2025-11-27 07:07:04 - INFO - === Starting sync for project: Blue River Monitoring === 
2025-11-27 07:07:04 - INFO - Pulling latest changes from GitHub... 
2025-11-27 07:07:04 - WARN - Pull failed: Failed to fetch upstream branch: C:\Users\ECI_LLC\Desktop\Live Data\projects\BlueRiver\repo/main 
2025-11-27 07:07:04 - INFO - File updated: IFA_Wyandotte_Lake_Wyandotte_15_min.dat 
2025-11-27 07:07:04 - INFO - File updated: IFA_Rothrocks_Rothrocks_15_min.dat 
2025-11-27 07:07:04 - INFO - Updated project metadata 
2025-11-27 07:07:04 - ERROR - Error in commit/push: failed to parse signature - malformed e-mail 
2025-11-27 07:07:04 - WARN - === Sync completed but push failed === 
2025-11-27 08:07:04 - INFO - === Starting sync for project: Blue River Monitoring === 
2025-11-27 08:07:04 - INFO - Pulling latest changes from GitHub... 
2025-11-27 08:07:04 - WARN - Pull failed: Failed to fetch upstream branch: C:\Users\ECI_LLC\Desktop\Live Data\projects\BlueRiver\repo/main 
2025-11-27 08:07:04 - INFO - File updated: IFA_Wyandotte_Lake_Wyandotte_15_min.dat 
2025-11-27 08:07:04 - INFO - File updated: IFA_Rothrocks_Rothrocks_15_min.dat 
2025-11-27 08:07:04 - INFO - Updated project metadata 
2025-11-27 08:07:04 - ERROR - Error in commit/push: failed to parse signature - malformed e-mail 
2025-11-27 08:07:04 - WARN - === Sync completed but push failed === 
2025-11-27 09:07:03 - INFO - === Starting sync for project: Blue River Monitoring === 
2025-11-27 09:07:03 - INFO - Pulling latest changes from GitHub... 
2025-11-27 09:07:03 - WARN - Pull failed: Failed to fetch upstream branch: C:\Users\ECI_LLC\Desktop\Live Data\projects\BlueRiver\repo/main 
2025-11-27 09:07:03 - INFO - File updated: IFA_Wyandotte_Lake_Wyandotte_15_min.dat 
2025-11-27 09:07:03 - INFO - File updated: IFA_Rothrocks_Rothrocks_15_min.dat 
2025-11-27 09:07:04 - INFO - Updated project metadata 
2025-11-27 09:07:04 - ERROR - Error in commit/push: failed to parse signature - malformed e-mail 
2025-11-27 09:07:04 - WARN - === Sync completed but push failed === 
2025-11-27 10:07:04 - INFO - === Starting sync for project: Blue River Monitoring === 
2025-11-27 10:07:04 - INFO - Pulling latest changes from GitHub... 
2025-11-27 10:07:04 - WARN - Pull failed: Failed to fetch upstream branch: C:\Users\ECI_LLC\Desktop\Live Data\projects\BlueRiver\repo/main 
2025-11-27 10:07:04 - INFO - File updated: IFA_Wyandotte_Lake_Wyandotte_15_min.dat 
2025-11-27 10:07:04 - INFO - File updated: IFA_Rothrocks_Rothrocks_15_min.dat 
2025-11-27 10:07:04 - INFO - Updated project metadata 
2025-11-27 10:07:04 - ERROR - Error in commit/push: failed to parse signature - malformed e-mail 
2025-11-27 10:07:04 - WARN - === Sync completed but push failed === 
2025-11-27 11:07:04 - INFO - === Starting sync for project: Blue River Monitoring === 
2025-11-27 11:07:04 - INFO - Pulling latest changes from GitHub... 
2025-11-27 11:07:04 - WARN - Pull failed: Failed to fetch upstream branch: C:\Users\ECI_LLC\Desktop\Live Data\projects\BlueRiver\repo/main 
2025-11-27 11:07:04 - INFO - File updated: IFA_Wyandotte_Lake_Wyandotte_15_min.dat 
2025-11-27 11:07:04 - INFO - File updated: IFA_Rothrocks_Rothrocks_15_min.dat 
2025-11-27 11:07:04 - INFO - Updated project metadata 
2025-11-27 11:07:05 - ERROR - Error in commit/push: failed to parse signature - malformed e-mail 
2025-11-27 11:07:05 - WARN - === Sync completed but push failed === 
2025-11-27 12:07:03 - INFO - === Starting sync for project: Blue River Monitoring === 
2025-11-27 12:07:03 - INFO - Pulling latest changes from GitHub... 
2025-11-27 12:07:03 - WARN - Pull failed: Failed to fetch upstream branch: C:\Users\ECI_LLC\Desktop\Live Data\projects\BlueRiver\repo/main 
2025-11-27 12:07:03 - INFO - File updated: IFA_Wyandotte_Lake_Wyandotte_15_min.dat 
2025-11-27 12:07:04 - INFO - File updated: IFA_Rothrocks_Rothrocks_15_min.dat 
2025-11-27 12:07:04 - INFO - Updated project metadata 
2025-11-27 12:07:04 - ERROR - Error in commit/push: failed to parse signature - malformed e-mail 
2025-11-27 12:07:04 - WARN - === Sync completed but push failed === 
2025-11-27 13:07:03 - INFO - === Starting sync for project: Blue River Monitoring === 
2025-11-27 13:07:03 - INFO - Pulling latest changes from GitHub... 
2025-11-27 13:07:03 - WARN - Pull failed: Failed to fetch upstream branch: C:\Users\ECI_LLC\Desktop\Live Data\projects\BlueRiver\repo/main 
2025-11-27 13:07:03 - INFO - File updated: IFA_Wyandotte_Lake_Wyandotte_15_min.dat 
2025-11-27 13:07:04 - INFO - File updated: IFA_Rothrocks_Rothrocks_15_min.dat 
2025-11-27 13:07:04 - INFO - Updated project metadata 
2025-11-27 13:07:04 - ERROR - Error in commit/push: failed to parse signature - malformed e-mail 
2025-11-27 13:07:04 - WARN - === Sync completed but push failed === 
2025-11-27 14:07:04 - INFO - === Starting sync for project: Blue River Monitoring === 
2025-11-27 14:07:04 - INFO - Pulling latest changes from GitHub... 
2025-11-27 14:07:04 - WARN - Pull failed: Failed to fetch upstream branch: C:\Users\ECI_LLC\Desktop\Live Data\projects\BlueRiver\repo/main 
2025-11-27 14:07:04 - INFO - File updated: IFA_Wyandotte_Lake_Wyandotte_15_min.dat 
2025-11-27 14:07:04 - INFO - File updated: IFA_Rothrocks_Rothrocks_15_min.dat 
2025-11-27 14:07:04 - INFO - Updated project metadata 
2025-11-27 14:07:04 - ERROR - Error in commit/push: failed to parse signature - malformed e-mail 
2025-11-27 14:07:04 - WARN - === Sync completed but push failed === 
2025-11-27 15:07:03 - INFO - === Starting sync for project: Blue River Monitoring === 
2025-11-27 15:07:03 - INFO - Pulling latest changes from GitHub... 
2025-11-27 15:07:04 - WARN - Pull failed: Failed to fetch upstream branch: C:\Users\ECI_LLC\Desktop\Live Data\projects\BlueRiver\repo/main 
2025-11-27 15:07:04 - INFO - File updated: IFA_Wyandotte_Lake_Wyandotte_15_min.dat 
2025-11-27 15:07:04 - INFO - File updated: IFA_Rothrocks_Rothrocks_15_min.dat 
2025-11-27 15:07:04 - INFO - Updated project metadata 
2025-11-27 15:07:04 - ERROR - Error in commit/push: failed to parse signature - malformed e-mail 
2025-11-27 15:07:04 - WARN - === Sync completed but push failed === 
2025-11-27 16:07:04 - INFO - === Starting sync for project: Blue River Monitoring === 
2025-11-27 16:07:04 - INFO - Pulling latest changes from GitHub... 
2025-11-27 16:07:04 - WARN - Pull failed: Failed to fetch upstream branch: C:\Users\ECI_LLC\Desktop\Live Data\projects\BlueRiver\repo/main 
2025-11-27 16:07:04 - INFO - File updated: IFA_Wyandotte_Lake_Wyandotte_15_min.dat 
2025-11-27 16:07:04 - INFO - File updated: IFA_Rothrocks_Rothrocks_15_min.dat 
2025-11-27 16:07:04 - INFO - Updated project metadata 
2025-11-27 16:07:04 - ERROR - Error in commit/push: failed to parse signature - malformed e-mail 
2025-11-27 16:07:04 - WARN - === Sync completed but push failed === 
2025-11-27 17:07:03 - INFO - === Starting sync for project: Blue River Monitoring === 
2025-11-27 17:07:03 - INFO - Pulling latest changes from GitHub... 
2025-11-27 17:07:03 - WARN - Pull failed: Failed to fetch upstream branch: C:\Users\ECI_LLC\Desktop\Live Data\projects\BlueRiver\repo/main 
2025-11-27 17:07:03 - INFO - File updated: IFA_Wyandotte_Lake_Wyandotte_15_min.dat 
2025-11-27 17:07:04 - INFO - File updated: IFA_Rothrocks_Rothrocks_15_min.dat 
2025-11-27 17:07:04 - INFO - Updated project metadata 
2025-11-27 17:07:04 - ERROR - Error in commit/push: failed to parse signature - malformed e-mail 
2025-11-27 17:07:04 - WARN - === Sync completed but push failed === 
2025-11-27 18:07:03 - INFO - === Starting sync for project: Blue River Monitoring === 
2025-11-27 18:07:03 - INFO - Pulling latest changes from GitHub... 
2025-11-27 18:07:03 - WARN - Pull failed: Failed to fetch upstream branch: C:\Users\ECI_LLC\Desktop\Live Data\projects\BlueRiver\repo/main 
2025-11-27 18:07:03 - INFO - File updated: IFA_Wyandotte_Lake_Wyandotte_15_min.dat 
2025-11-27 18:07:04 - INFO - File updated: IFA_Rothrocks_Rothrocks_15_min.dat 
2025-11-27 18:07:04 - INFO - Updated project metadata 
2025-11-27 18:07:04 - ERROR - Error in commit/push: failed to parse signature - malformed e-mail 
2025-11-27 18:07:04 - WARN - === Sync completed but push failed === 
2025-11-27 19:07:03 - INFO - === Starting sync for project: Blue River Monitoring === 
2025-11-27 19:07:03 - INFO - Pulling latest changes from GitHub... 
2025-11-27 19:07:03 - WARN - Pull failed: Failed to fetch upstream branch: C:\Users\ECI_LLC\Desktop\Live Data\projects\BlueRiver\repo/main 
2025-11-27 19:07:03 - INFO - File updated: IFA_Wyandotte_Lake_Wyandotte_15_min.dat 
2025-11-27 19:07:04 - INFO - File updated: IFA_Rothrocks_Rothrocks_15_min.dat 
2025-11-27 19:07:04 - INFO - Updated project metadata 
2025-11-27 19:07:04 - ERROR - Error in commit/push: failed to parse signature - malformed e-mail 
2025-11-27 19:07:04 - WARN - === Sync completed but push failed === 
2025-11-27 20:07:03 - INFO - === Starting sync for project: Blue River Monitoring === 
2025-11-27 20:07:03 - INFO - Pulling latest changes from GitHub... 
2025-11-27 20:07:03 - WARN - Pull failed: Failed to fetch upstream branch: C:\Users\ECI_LLC\Desktop\Live Data\projects\BlueRiver\repo/main 
2025-11-27 20:07:03 - INFO - File updated: IFA_Wyandotte_Lake_Wyandotte_15_min.dat 
2025-11-27 20:07:04 - INFO - File updated: IFA_Rothrocks_Rothrocks_15_min.dat 
2025-11-27 20:07:04 - INFO - Updated project metadata 
2025-11-27 20:07:04 - ERROR - Error in commit/push: failed to parse signature - malformed e-mail 
2025-11-27 20:07:04 - WARN - === Sync completed but push failed === 
2025-11-27 21:07:03 - INFO - === Starting sync for project: Blue River Monitoring === 
2025-11-27 21:07:03 - INFO - Pulling latest changes from GitHub... 
2025-11-27 21:07:03 - WARN - Pull failed: Failed to fetch upstream branch: C:\Users\ECI_LLC\Desktop\Live Data\projects\BlueRiver\repo/main 
2025-11-27 21:07:03 - INFO - File updated: IFA_Wyandotte_Lake_Wyandotte_15_min.dat 
2025-11-27 21:07:04 - INFO - File updated: IFA_Rothrocks_Rothrocks_15_min.dat 
2025-11-27 21:07:04 - INFO - Updated project metadata 
2025-11-27 21:07:04 - ERROR - Error in commit/push: failed to parse signature - malformed e-mail 
2025-11-27 21:07:04 - WARN - === Sync completed but push failed === 
2025-11-27 22:07:03 - INFO - === Starting sync for project: Blue River Monitoring === 
2025-11-27 22:07:03 - INFO - Pulling latest changes from GitHub... 
2025-11-27 22:07:03 - WARN - Pull failed: Failed to fetch upstream branch: C:\Users\ECI_LLC\Desktop\Live Data\projects\BlueRiver\repo/main 
2025-11-27 22:07:03 - INFO - File updated: IFA_Wyandotte_Lake_Wyandotte_15_min.dat 
2025-11-27 22:07:04 - INFO - File updated: IFA_Rothrocks_Rothrocks_15_min.dat 
2025-11-27 22:07:04 - INFO - Updated project metadata 
2025-11-27 22:07:04 - ERROR - Error in commit/push: failed to parse signature - malformed e-mail 
2025-11-27 22:07:04 - WARN - === Sync completed but push failed === 
2025-11-27 23:07:03 - INFO - === Starting sync for project: Blue River Monitoring === 
2025-11-27 23:07:03 - INFO - Pulling latest changes from GitHub... 
2025-11-27 23:07:03 - WARN - Pull failed: Failed to fetch upstream branch: C:\Users\ECI_LLC\Desktop\Live Data\projects\BlueRiver\repo/main 
2025-11-27 23:07:03 - INFO - File updated: IFA_Wyandotte_Lake_Wyandotte_15_min.dat 
2025-11-27 23:07:04 - INFO - File updated: IFA_Rothrocks_Rothrocks_15_min.dat 
2025-11-27 23:07:04 - INFO - Updated project metadata 
2025-11-27 23:07:04 - ERROR - Error in commit/push: failed to parse signature - malformed e-mail 
2025-11-27 23:07:04 - WARN - === Sync completed but push failed === 
2025-11-28 00:07:03 - INFO - === Starting sync for project: Blue River Monitoring === 
2025-11-28 00:07:03 - INFO - Pulling latest changes from GitHub... 
2025-11-28 00:07:03 - WARN - Pull failed: Failed to fetch upstream branch: C:\Users\ECI_LLC\Desktop\Live Data\projects\BlueRiver\repo/main 
2025-11-28 00:07:03 - INFO - File updated: IFA_Wyandotte_Lake_Wyandotte_15_min.dat 
2025-11-28 00:07:04 - INFO - File updated: IFA_Rothrocks_Rothrocks_15_min.dat 
2025-11-28 00:07:04 - INFO - Updated project metadata 
2025-11-28 00:07:04 - ERROR - Error in commit/push: failed to parse signature - malformed e-mail 
2025-11-28 00:07:04 - WARN - === Sync completed but push failed === 
2025-11-28 01:07:04 - INFO - === Starting sync for project: Blue River Monitoring === 
2025-11-28 01:07:04 - INFO - Pulling latest changes from GitHub... 
2025-11-28 01:07:04 - WARN - Pull failed: Failed to fetch upstream branch: C:\Users\ECI_LLC\Desktop\Live Data\projects\BlueRiver\repo/main 
2025-11-28 01:07:04 - INFO - File updated: IFA_Wyandotte_Lake_Wyandotte_15_min.dat 
2025-11-28 01:07:04 - INFO - File updated: IFA_Rothrocks_Rothrocks_15_min.dat 
2025-11-28 01:07:05 - INFO - Updated project metadata 
2025-11-28 01:07:05 - ERROR - Error in commit/push: failed to parse signature - malformed e-mail 
2025-11-28 01:07:05 - WARN - === Sync completed but push failed === 
2025-11-28 02:07:03 - INFO - === Starting sync for project: Blue River Monitoring === 
2025-11-28 02:07:03 - INFO - Pulling latest changes from GitHub... 
2025-11-28 02:07:03 - WARN - Pull failed: Failed to fetch upstream branch: C:\Users\ECI_LLC\Desktop\Live Data\projects\BlueRiver\repo/main 
2025-11-28 02:07:03 - INFO - File updated: IFA_Wyandotte_Lake_Wyandotte_15_min.dat 
2025-11-28 02:07:04 - INFO - File updated: IFA_Rothrocks_Rothrocks_15_min.dat 
2025-11-28 02:07:04 - INFO - Updated project metadata 
2025-11-28 02:07:04 - ERROR - Error in commit/push: failed to parse signature - malformed e-mail 
2025-11-28 02:07:04 - WARN - === Sync completed but push failed === 
2025-11-28 03:07:04 - INFO - === Starting sync for project: Blue River Monitoring === 
2025-11-28 03:07:04 - INFO - Pulling latest changes from GitHub... 
2025-11-28 03:07:04 - WARN - Pull failed: Failed to fetch upstream branch: C:\Users\ECI_LLC\Desktop\Live Data\projects\BlueRiver\repo/main 
2025-11-28 03:07:04 - INFO - File updated: IFA_Wyandotte_Lake_Wyandotte_15_min.dat 
2025-11-28 03:07:05 - INFO - File updated: IFA_Rothrocks_Rothrocks_15_min.dat 
2025-11-28 03:07:05 - INFO - Updated project metadata 
2025-11-28 03:07:05 - ERROR - Error in commit/push: failed to parse signature - malformed e-mail 
2025-11-28 03:07:05 - WARN - === Sync completed but push failed === 
2025-11-28 04:07:03 - INFO - === Starting sync for project: Blue River Monitoring === 
2025-11-28 04:07:03 - INFO - Pulling latest changes from GitHub... 
2025-11-28 04:07:03 - WARN - Pull failed: Failed to fetch upstream branch: C:\Users\ECI_LLC\Desktop\Live Data\projects\BlueRiver\repo/main 
2025-11-28 04:07:03 - INFO - File updated: IFA_Wyandotte_Lake_Wyandotte_15_min.dat 
2025-11-28 04:07:04 - INFO - File updated: IFA_Rothrocks_Rothrocks_15_min.dat 
2025-11-28 04:07:04 - INFO - Updated project metadata 
2025-11-28 04:07:04 - ERROR - Error in commit/push: failed to parse signature - malformed e-mail 
2025-11-28 04:07:04 - WARN - === Sync completed but push failed === 
2025-11-28 05:07:03 - INFO - === Starting sync for project: Blue River Monitoring === 
2025-11-28 05:07:03 - INFO - Pulling latest changes from GitHub... 
2025-11-28 05:07:03 - WARN - Pull failed: Failed to fetch upstream branch: C:\Users\ECI_LLC\Desktop\Live Data\projects\BlueRiver\repo/main 
2025-11-28 05:07:03 - INFO - File updated: IFA_Wyandotte_Lake_Wyandotte_15_min.dat 
2025-11-28 05:07:04 - INFO - File updated: IFA_Rothrocks_Rothrocks_15_min.dat 
2025-11-28 05:07:04 - INFO - Updated project metadata 
2025-11-28 05:07:04 - ERROR - Error in commit/push: failed to parse signature - malformed e-mail 
2025-11-28 05:07:04 - WARN - === Sync completed but push failed === 
2025-11-28 06:07:03 - INFO - === Starting sync for project: Blue River Monitoring === 
2025-11-28 06:07:03 - INFO - Pulling latest changes from GitHub... 
2025-11-28 06:07:03 - WARN - Pull failed: Failed to fetch upstream branch: C:\Users\ECI_LLC\Desktop\Live Data\projects\BlueRiver\repo/main 
2025-11-28 06:07:03 - INFO - File updated: IFA_Wyandotte_Lake_Wyandotte_15_min.dat 
2025-11-28 06:07:04 - INFO - File updated: IFA_Rothrocks_Rothrocks_15_min.dat 
2025-11-28 06:07:04 - INFO - Updated project metadata 
2025-11-28 06:07:04 - ERROR - Error in commit/push: failed to parse signature - malformed e-mail 
2025-11-28 06:07:04 - WARN - === Sync completed but push failed === 
2025-11-28 07:07:03 - INFO - === Starting sync for project: Blue River Monitoring === 
2025-11-28 07:07:03 - INFO - Pulling latest changes from GitHub... 
2025-11-28 07:07:03 - WARN - Pull failed: Failed to fetch upstream branch: C:\Users\ECI_LLC\Desktop\Live Data\projects\BlueRiver\repo/main 
2025-11-28 07:07:03 - INFO - File updated: IFA_Wyandotte_Lake_Wyandotte_15_min.dat 
2025-11-28 07:07:04 - INFO - File updated: IFA_Rothrocks_Rothrocks_15_min.dat 
2025-11-28 07:07:04 - INFO - Updated project metadata 
2025-11-28 07:07:04 - ERROR - Error in commit/push: failed to parse signature - malformed e-mail 
2025-11-28 07:07:04 - WARN - === Sync completed but push failed === 
