"TOA5","IFA_Rothrocks","CR800","43769","CR800.Std.32.02","CPU:Blue_River_Rothrocks_Mill.CR8","34027","Rothrocks_15_min"
"TIMESTAMP","RECORD","BattV_Min","BattV_TMn","PTemp_C_Avg","Temperature_Avg","Cond_Avg","Sp_Cond_Avg","Turbidity_Avg","Cable_Pwr_Avg","Lvl_ft_Avg","Temp_F_2_Avg"
"TS","RN","Volts","","Deg C","C","uS/cm","uS/Cm","NTU","volts","feet","deg F"
"","","Min","TMn","Avg","Avg","Avg","Avg","Avg","Avg","Avg","Avg"
"2025-11-05 11:00:00",9,13.07,"2025-11-05 10:53:00",17.38,9.97,277.3,389,2.75,12.57,1.207,50.1
"2025-11-05 11:15:00",10,13.11,"2025-11-05 11:00:50",17.21,10.05,277.8,388.8,2.749,12.62,1.206,50.25
"2025-11-05 11:30:00",11,13.33,"2025-11-05 11:16:10",17.32,10.15,278.4,388.5,2.73,12.81,1.204,50.45
"2025-11-05 11:45:00",12,13.45,"2025-11-05 11:30:50",17.56,10.27,279,388.2,2.706,12.93,1.204,50.67
"2025-11-05 12:00:00",13,13.5,"2025-11-05 11:46:20",17.69,10.43,279.9,387.8,2.702,12.98,1.203,50.95
"2025-11-05 12:15:00",14,13.56,"2025-11-05 12:00:50",17.94,10.6,280.8,387.4,2.678,13.04,1.202,51.27
"2025-11-05 12:30:00",15,13.6,"2025-11-05 12:16:30",18.5,10.78,281.9,386.9,2.666,13.07,1.201,51.59
"2025-11-05 12:45:00",16,13.6,"2025-11-05 12:31:10",18.91,10.94,282.8,386.6,2.644,13.1,1.199,51.87
"2025-11-05 13:00:00",17,13.64,"2025-11-05 12:46:30",19.56,11.09,283.7,386.4,2.859,13.12,1.199,52.12
"2025-11-05 13:15:00",18,13.63,"2025-11-05 13:12:50",20.37,11.23,284.5,386.1,2.898,13.13,1.199,52.37
"2025-11-05 13:30:00",19,13.62,"2025-11-05 13:19:00",21.01,11.36,285.3,385.9,2.646,13.1,1.198,52.6
"2025-11-05 13:45:00",20,13.64,"2025-11-05 13:30:40",20.96,11.47,286,385.7,2.628,13.13,1.198,52.79
"2025-11-05 14:00:00",21,13.7,"2025-11-05 13:46:20",20.84,11.56,286.6,385.5,2.615,13.18,1.196,52.94
"2025-11-05 14:15:00",22,13.75,"2025-11-05 14:00:20",20.78,11.63,287,385.4,2.606,13.25,1.195,53.06
"2025-11-05 14:30:00",23,13.85,"2025-11-05 14:16:10",20.84,"NAN","NAN","NAN","NAN","NAN",1.195,53.13
"2025-11-05 14:45:00",24,13.99,"2025-11-05 14:30:10",21.09,11.7,287.5,385.4,2.597,13.51,1.195,53.17
"2025-11-05 15:00:00",25,14.09,"2025-11-05 14:46:20",21.72,11.69,287.5,385.4,2.587,13.62,1.194,53.15
"2025-11-05 15:15:00",26,14.17,"2025-11-05 15:12:30",21.96,11.65,287.3,385.6,2.577,13.66,1.193,53.05
"2025-11-05 15:30:00",27,14.08,"2025-11-05 15:26:50",22.19,11.57,286.8,385.8,2.553,13.64,1.192,52.9
"2025-11-05 15:45:00",28,13.97,"2025-11-05 15:44:40",22.3,11.5,286.5,386.1,2.547,13.52,1.191,52.79
"2025-11-05 16:00:00",29,13.88,"2025-11-05 15:58:50",22.38,11.45,286.3,386.4,2.537,13.41,1.191,52.7
"2025-11-05 16:15:00",30,13.7,"2025-11-05 16:15:00",22.27,11.4,286.2,386.6,2.527,13.32,1.19,52.61
"2025-11-05 16:30:00",31,13.5,"2025-11-05 16:28:50",21.82,11.33,286,387,2.517,13.11,1.188,52.5
"2025-11-05 16:45:00",32,13.34,"2025-11-05 16:45:00",21.32,11.29,285.9,387.3,2.52,12.91,1.188,52.42
"2025-11-05 17:00:00",33,13.27,"2025-11-05 16:58:40",20.62,11.25,285.8,387.6,2.5,12.78,1.187,52.35
"2025-11-05 17:15:00",34,13.22,"2025-11-05 17:14:50",20.02,11.21,285.8,387.9,2.508,12.72,1.186,52.29
"2025-11-05 17:30:00",35,13.18,"2025-11-05 17:29:00",19.38,11.19,285.8,388.2,2.525,12.67,1.186,52.25
"2025-11-05 17:45:00",36,13.14,"2025-11-05 17:44:50",18.58,"NAN","NAN","NAN","NAN","NAN",1.185,52.23
"2025-11-05 18:00:00",37,13.13,"2025-11-05 17:59:00",17.75,11.17,285.9,388.5,2.501,12.6,1.185,52.22
"2025-11-05 18:15:00",38,13.12,"2025-11-05 18:14:50",16.93,11.17,286,388.7,2.509,12.58,1.184,52.22
"2025-11-05 18:30:00",39,13.11,"2025-11-05 18:23:00",16.16,11.17,286.1,388.8,2.517,12.57,1.183,52.23
"2025-11-05 18:45:00",40,13.09,"2025-11-05 18:44:50",15.43,11.18,286.3,389,2.553,12.56,1.182,52.25
"2025-11-05 19:00:00",41,13.07,"2025-11-05 18:56:50",14.76,11.19,286.4,389.1,2.571,12.53,1.18,52.27
"2025-11-05 19:15:00",42,13.06,"2025-11-05 19:15:00",14.17,11.2,286.6,389.1,2.562,12.52,1.179,52.29
"2025-11-05 19:30:00",43,13.05,"2025-11-05 19:26:50",13.65,11.21,286.7,389.2,2.617,12.51,1.178,52.3
"2025-11-05 19:45:00",44,13.04,"2025-11-05 19:42:40",13.18,11.22,286.8,389.3,2.51,12.49,1.178,52.32
"2025-11-05 20:00:00",45,13.01,"2025-11-05 19:58:40",12.72,11.23,287,389.4,2.502,12.48,1.177,52.33
"2025-11-05 20:15:00",46,13,"2025-11-05 20:04:50",12.25,11.23,287.1,389.5,2.485,12.46,1.176,52.35
"2025-11-05 20:30:00",47,13,"2025-11-05 20:29:00",11.84,11.24,287.2,389.6,2.481,12.45,1.176,52.36
"2025-11-05 20:45:00",48,12.99,"2025-11-05 20:36:40",11.45,11.25,287.4,389.7,2.47,12.44,1.174,52.37
"2025-11-05 21:00:00",49,12.97,"2025-11-05 20:57:00",11.08,11.26,287.5,389.9,2.497,12.43,1.173,52.38
"2025-11-05 21:15:00",50,12.96,"2025-11-05 21:13:00",10.72,11.26,287.6,389.9,2.475,12.41,1.172,52.4
"2025-11-05 21:30:00",51,12.94,"2025-11-05 21:25:00",10.4,11.27,287.7,390,2.439,12.4,1.171,52.41
"2025-11-05 21:45:00",52,12.93,"2025-11-05 21:42:30",10.09,11.27,287.8,390.1,2.416,12.39,1.169,52.42
"2025-11-05 22:00:00",53,12.92,"2025-11-05 21:59:00",9.8,11.28,287.9,390.1,2.437,12.38,1.169,52.42
"2025-11-05 22:15:00",54,12.91,"2025-11-05 22:11:00",9.52,11.28,288,390.2,2.464,12.37,1.167,52.43
"2025-11-05 22:30:00",55,12.9,"2025-11-05 22:29:00",9.25,11.28,288,390.3,2.484,12.36,1.166,52.43
"2025-11-05 22:45:00",56,12.89,"2025-11-05 22:42:30",9,11.28,288.1,390.4,2.465,12.34,1.165,52.43
"2025-11-05 23:00:00",57,12.88,"2025-11-05 22:57:00",8.78,"NAN","NAN","NAN","NAN","NAN",1.165,52.43
"2025-11-05 23:15:00",58,12.87,"2025-11-05 23:12:30",8.56,11.28,288.2,390.5,2.437,12.32,1.164,52.42
"2025-11-05 23:30:00",59,12.86,"2025-11-05 23:29:00",8.36,11.27,288.2,390.6,2.427,12.31,1.16,52.42
"2025-11-05 23:45:00",60,12.85,"2025-11-05 23:43:00",8.15,11.27,288.2,390.8,2.419,12.3,1.16,52.4
"2025-11-06 00:00:00",61,12.84,"2025-11-05 23:53:00",7.934,11.25,288.3,390.9,2.402,12.29,1.159,52.38
"2025-11-06 00:15:00",62,12.82,"2025-11-06 00:01:00",7.734,11.24,288.3,391,2.386,12.28,1.157,52.36
"2025-11-06 00:30:00",63,12.81,"2025-11-06 00:28:30",7.53,11.22,288.3,391.2,2.359,12.27,1.156,52.32
"2025-11-06 00:45:00",64,12.81,"2025-11-06 00:41:00",7.326,11.2,288.3,391.4,2.355,12.26,1.156,52.29
"2025-11-06 01:00:00",65,12.8,"2025-11-06 00:57:00",7.12,11.18,288.2,391.6,2.334,12.25,1.155,52.25
"2025-11-06 01:15:00",66,12.8,"2025-11-06 01:01:00",6.905,11.15,288.2,391.8,2.341,12.24,1.156,52.2
"2025-11-06 01:30:00",67,12.8,"2025-11-06 01:17:00",6.682,11.12,288.2,392.1,2.351,12.24,1.157,52.14
"2025-11-06 01:45:00",68,12.79,"2025-11-06 01:39:00",6.474,11.09,288.1,392.3,2.335,12.24,1.156,52.08
"2025-11-06 02:00:00",69,12.78,"2025-11-06 01:51:00",6.271,11.05,288,392.6,2.341,12.23,1.155,52.01
"2025-11-06 02:15:00",70,12.78,"2025-11-06 02:01:00",6.066,11.01,288,392.9,2.337,12.23,1.154,51.94
"2025-11-06 02:30:00",71,12.78,"2025-11-06 02:29:00",5.858,10.97,287.8,393.2,2.341,12.23,1.154,51.86
"2025-11-06 02:45:00",72,12.78,"2025-11-06 02:33:00",5.649,10.92,287.7,393.5,2.32,12.23,1.153,51.78
"2025-11-06 03:00:00",73,12.78,"2025-11-06 02:48:40",5.449,10.88,287.6,393.8,2.304,12.22,1.152,51.69
"2025-11-06 03:15:00",74,12.78,"2025-11-06 03:15:00",5.25,10.82,287.4,394.2,2.299,12.22,1.151,51.6
"2025-11-06 03:30:00",75,12.78,"2025-11-06 03:25:00",5.055,10.77,287.3,394.5,2.292,12.22,1.151,51.5
"2025-11-06 03:45:00",76,12.76,"2025-11-06 03:41:00",4.873,10.72,287.1,394.8,2.291,12.22,1.15,51.4
"2025-11-06 04:00:00",77,12.77,"2025-11-06 03:47:00",4.666,10.66,286.9,395.1,2.324,12.21,1.149,51.3
"2025-11-06 04:15:00",78,12.73,"2025-11-06 04:08:30",4.459,10.6,286.7,395.4,2.315,12.21,1.148,51.19
"2025-11-06 04:30:00",79,12.77,"2025-11-06 04:16:40",4.262,10.54,286.5,395.7,2.329,12.21,1.147,51.09
"2025-11-06 04:45:00",80,12.76,"2025-11-06 04:37:00",4.129,10.49,286.3,396,2.305,12.21,1.146,51
"2025-11-06 05:00:00",81,12.76,"2025-11-06 04:46:40",3.991,10.43,286.1,396.3,2.302,12.21,1.145,50.89
"2025-11-06 05:15:00",82,12.76,"2025-11-06 05:02:40",3.78,10.37,285.8,396.6,2.313,12.21,1.144,50.79
"2025-11-06 05:30:00",83,12.76,"2025-11-06 05:21:00",3.58,10.31,285.6,396.9,2.328,12.21,1.143,50.68
"2025-11-06 05:45:00",84,12.76,"2025-11-06 05:33:00",3.362,10.26,285.3,397.1,2.329,12.2,1.142,50.58
"2025-11-06 06:00:00",85,12.76,"2025-11-06 05:46:30",3.111,10.2,285.1,397.4,2.342,12.2,1.142,50.48
"2025-11-06 06:15:00",86,12.75,"2025-11-06 06:13:00",2.869,10.15,284.8,397.7,2.417,12.19,1.141,50.38
"2025-11-06 06:30:00",87,12.75,"2025-11-06 06:17:00",2.645,10.09,284.6,397.9,2.515,12.19,1.14,50.29
"2025-11-06 06:45:00",88,12.75,"2025-11-06 06:30:40",2.478,10.04,284.4,398.1,2.547,12.19,1.14,50.2
"2025-11-06 07:00:00",89,12.75,"2025-11-06 06:53:00",2.29,9.99,284.1,398.3,2.343,12.19,1.139,50.1
"2025-11-06 07:15:00",90,12.75,"2025-11-06 07:01:00",2.143,9.94,283.9,398.6,2.333,12.19,1.138,50.02
"2025-11-06 07:30:00",91,12.75,"2025-11-06 07:16:50",2.109,9.9,283.8,398.8,2.307,12.19,1.137,49.95
"2025-11-06 07:45:00",92,12.75,"2025-11-06 07:38:50",2.078,9.85,283.5,399,2.31,12.2,1.136,49.86
"2025-11-06 08:00:00",93,12.78,"2025-11-06 07:47:00",2.01,9.81,283.3,399.1,2.285,12.22,1.135,49.78
"2025-11-06 08:15:00",94,12.79,"2025-11-06 08:06:30",1.898,9.76,283,399.2,2.346,12.24,1.133,49.69
"2025-11-06 08:30:00",95,12.81,"2025-11-06 08:16:30",1.799,9.71,282.8,399.4,2.331,12.26,1.132,49.61
"2025-11-06 08:45:00",96,12.84,"2025-11-06 08:30:50",1.786,9.68,282.5,399.4,2.301,12.3,1.134,49.54
"2025-11-06 09:00:00",97,12.87,"2025-11-06 08:46:50",1.903,9.64,282.4,399.5,2.317,12.33,1.134,49.49
"2025-11-06 09:15:00",98,12.92,"2025-11-06 09:00:30",2.279,9.62,282.2,399.6,2.283,12.38,1.133,49.46
"2025-11-06 09:30:00",99,13,"2025-11-06 09:17:00",2.876,9.62,282.1,399.6,2.264,12.45,1.133,49.45
"2025-11-06 09:45:00",100,13.07,"2025-11-06 09:30:20",3.553,9.62,282.1,399.4,2.247,12.54,1.132,49.46
"2025-11-06 10:00:00",101,13.2,"2025-11-06 09:46:10",4.378,9.64,282.2,399.3,2.223,12.66,1.13,49.5
"2025-11-06 10:15:00",102,13.31,"2025-11-06 10:00:10",5.315,9.68,282.4,399.2,2.236,12.78,1.13,49.58
"2025-11-06 10:30:00",103,13.41,"2025-11-06 10:16:40",6.207,9.73,282.6,399,2.216,12.86,1.13,49.67
"2025-11-06 10:45:00",104,13.45,"2025-11-06 10:33:00",7.063,9.8,283,398.8,2.198,12.91,1.129,49.79
"2025-11-06 11:00:00",105,13.49,"2025-11-06 10:46:40",8.11,9.87,283.4,398.5,2.177,12.94,1.129,49.92
"2025-11-06 11:15:00",106,13.51,"2025-11-06 11:01:00",9.52,9.95,283.8,398.3,2.181,12.97,1.128,50.08
"2025-11-06 11:30:00",107,13.53,"2025-11-06 11:21:00",10.93,10.07,284.4,397.9,2.152,12.99,1.126,50.29
"2025-11-06 11:45:00",108,13.54,"2025-11-06 11:39:00",11.92,10.2,285.1,397.5,2.143,12.99,1.126,50.53
"2025-11-06 12:00:00",109,13.53,"2025-11-06 11:46:40",12.62,"NAN","NAN","NAN","NAN","NAN",1.125,50.81
"2025-11-06 12:15:00",110,13.57,"2025-11-06 12:01:00",13.19,10.52,286.9,396.5,2.489,13.03,1.125,51.11
"2025-11-06 12:30:00",111,13.58,"2025-11-06 12:24:50",13.92,10.67,287.7,396.1,2.831,13.04,1.124,51.39
"2025-11-06 12:45:00",112,13.59,"2025-11-06 12:33:00",14.49,10.82,288.5,395.7,2.359,13.05,1.124,51.64
"2025-11-06 13:00:00",113,13.6,"2025-11-06 12:58:50",15.35,10.95,289.3,395.3,2.415,13.06,1.124,51.88
"2025-11-06 13:15:00",114,13.57,"2025-11-06 13:14:50",16.45,11.09,290.1,395,2.119,13.05,1.123,52.12
"2025-11-06 13:30:00",115,13.56,"2025-11-06 13:24:50",17.28,11.21,290.8,394.8,2.077,13.03,1.123,52.34
"2025-11-06 13:45:00",116,13.56,"2025-11-06 13:31:00",17.12,11.31,291.4,394.5,2.055,13.03,1.123,52.51
"2025-11-06 14:00:00",117,13.59,"2025-11-06 13:46:10",16.78,11.38,291.8,394.4,2.071,13.06,1.122,52.63
"2025-11-06 14:15:00",118,13.61,"2025-11-06 14:00:50",16.55,11.43,292.1,394.3,2.053,13.09,1.121,52.71
"2025-11-06 14:30:00",119,13.67,"2025-11-06 14:16:40",16.53,11.44,292.2,394.3,2.039,13.15,1.121,52.73
"2025-11-06 14:45:00",120,13.8,"2025-11-06 14:30:30",16.85,11.43,292.1,394.3,2.019,13.29,1.12,52.7
"2025-11-06 15:00:00",121,13.82,"2025-11-06 14:45:50",17.64,11.39,291.9,394.4,2.029,13.33,1.119,52.63
"2025-11-06 15:15:00",122,13.9,"2025-11-06 15:01:00",18.06,11.31,291.5,394.6,2.036,13.42,1.119,52.47
"2025-11-06 15:30:00",123,13.82,"2025-11-06 15:26:20",18.56,11.19,290.7,394.9,2.023,13.37,1.119,52.24
"2025-11-06 15:45:00",124,13.75,"2025-11-06 15:44:50",18.66,11.07,290.1,395.2,2.022,13.27,1.118,52.04
"2025-11-06 16:00:00",125,13.66,"2025-11-06 15:59:00",18.6,10.97,289.6,395.5,2.014,13.19,1.118,51.87
"2025-11-06 16:15:00",126,13.49,"2025-11-06 16:15:00",18.24,10.87,289.1,395.9,2.034,13.08,1.117,51.67
"2025-11-06 16:30:00",127,13.35,"2025-11-06 16:28:50",17.45,10.75,288.6,396.5,1.989,12.91,1.115,51.47
"2025-11-06 16:45:00",128,13.27,"2025-11-06 16:45:00",16.61,10.67,288.2,396.9,2.005,12.78,1.115,51.32
"2025-11-06 17:00:00",129,13.23,"2025-11-06 16:58:50",15.83,10.59,287.9,397.3,2.003,12.71,1.114,51.18
"2025-11-06 17:15:00",130,13.2,"2025-11-06 17:13:00",15.05,10.52,287.7,397.7,2.017,12.67,1.114,51.05
"2025-11-06 17:30:00",131,13.16,"2025-11-06 17:28:50",14.29,10.46,287.5,398,1.995,12.64,1.113,50.96
"2025-11-06 17:45:00",132,13.13,"2025-11-06 17:44:50",13.53,10.42,287.3,398.2,1.998,12.6,1.113,50.88
"2025-11-06 18:00:00",133,13.12,"2025-11-06 17:59:00",12.79,10.39,287.2,398.4,1.993,12.58,1.113,50.83
"2025-11-06 18:15:00",134,13.11,"2025-11-06 18:13:00",12.08,10.37,287.2,398.6,2.036,12.57,1.112,50.79
"2025-11-06 18:30:00",135,13.09,"2025-11-06 18:29:00",11.41,10.35,287.1,398.7,2.037,12.55,1.112,50.76
"2025-11-06 18:45:00",136,13.08,"2025-11-06 18:41:00",10.78,10.34,287.1,398.8,2.037,12.54,1.113,50.73
"2025-11-06 19:00:00",137,13.07,"2025-11-06 18:56:50",10.18,10.33,287.1,398.9,2.03,12.52,1.112,50.72
"2025-11-06 19:15:00",138,13.06,"2025-11-06 19:06:40",9.62,10.32,287.1,398.9,2.013,12.51,1.112,50.71
"2025-11-06 19:30:00",139,13.05,"2025-11-06 19:23:00",9.1,10.31,287,398.9,2.019,12.5,1.112,50.69
"2025-11-06 19:45:00",140,13.04,"2025-11-06 19:43:00",8.63,10.31,287,398.9,2.015,12.49,1.111,50.68
"2025-11-06 20:00:00",141,13.03,"2025-11-06 19:59:00",8.2,10.3,286.9,398.9,1.986,12.48,1.111,50.67
"2025-11-06 20:15:00",142,13.02,"2025-11-06 20:15:00",7.788,10.29,286.9,399,1.988,12.47,1.11,50.66
"2025-11-06 20:30:00",143,13.02,"2025-11-06 20:16:30",7.426,10.28,286.8,399,1.971,12.47,1.11,50.64
"2025-11-06 20:45:00",144,13,"2025-11-06 20:39:00",7.092,10.28,286.8,399.1,1.971,12.46,1.109,50.63
"2025-11-06 21:00:00",145,12.98,"2025-11-06 20:59:00",6.763,10.27,286.8,399.1,1.97,12.44,1.108,50.62
"2025-11-06 21:15:00",146,13.01,"2025-11-06 21:00:10",6.455,10.26,286.8,399.1,1.953,12.44,1.107,50.61
"2025-11-06 21:30:00",147,13.01,"2025-11-06 21:26:00",6.208,10.26,286.8,399.1,1.959,12.43,1.107,50.61
"2025-11-06 21:45:00",148,12.99,"2025-11-06 21:42:00",6.036,10.27,286.8,399.1,1.955,12.42,1.108,50.61
"2025-11-06 22:00:00",149,12.97,"2025-11-06 21:46:50",5.834,10.27,286.8,399.1,1.961,12.41,1.107,50.62
"2025-11-06 22:15:00",150,12.98,"2025-11-06 22:12:00",5.604,10.27,286.8,399.1,1.941,12.41,1.107,50.62
"2025-11-06 22:30:00",151,12.97,"2025-11-06 22:30:00",5.373,10.27,286.8,399,1.953,12.39,1.106,50.62
"2025-11-06 22:45:00",152,12.96,"2025-11-06 22:45:00",5.144,10.27,286.8,399,1.971,12.39,1.105,50.62
"2025-11-06 23:00:00",153,12.92,"2025-11-06 22:47:00",4.955,10.27,286.7,399,2.437,12.37,1.105,50.62
"2025-11-06 23:15:00",154,12.94,"2025-11-06 23:14:10",4.783,10.27,286.7,398.9,1.989,12.37,1.105,50.62
"2025-11-06 23:30:00",155,12.94,"2025-11-06 23:26:00",4.627,10.27,286.7,398.9,1.981,12.36,1.105,50.62
"2025-11-06 23:45:00",156,12.89,"2025-11-06 23:45:00",4.494,10.27,286.7,398.9,1.964,12.35,1.104,50.62
"2025-11-07 00:00:00",157,12.89,"2025-11-06 23:49:00",4.377,10.27,286.7,398.9,1.947,12.33,1.104,50.62
"2025-11-07 00:15:00",158,12.91,"2025-11-07 00:02:00",4.286,10.27,286.7,398.9,1.923,12.33,1.103,50.62
"2025-11-07 00:30:00",159,12.89,"2025-11-07 00:29:00",4.205,10.27,286.7,398.9,1.931,12.32,1.102,50.61
"2025-11-07 00:45:00",160,12.85,"2025-11-07 00:42:30",4.131,10.26,286.7,399,1.946,12.31,1.102,50.6
"2025-11-07 01:00:00",161,12.86,"2025-11-07 00:56:30",4.067,10.26,286.7,399.1,1.93,12.29,1.101,50.59
"2025-11-07 01:15:00",162,12.87,"2025-11-07 01:10:00",4.021,10.25,286.7,399.2,1.933,12.29,1.1,50.58
"2025-11-07 01:30:00",163,12.85,"2025-11-07 01:24:00",3.985,10.24,286.7,399.2,1.917,12.28,1.1,50.56
"2025-11-07 01:45:00",164,12.85,"2025-11-07 01:38:00",3.978,10.23,286.7,399.4,1.929,12.27,1.099,50.54
"2025-11-07 02:00:00",165,12.81,"2025-11-07 01:46:50",3.99,10.22,286.7,399.5,1.899,12.25,1.098,50.52
"2025-11-07 02:15:00",166,12.84,"2025-11-07 02:04:00",4.163,10.22,286.8,399.7,1.917,12.25,1.098,50.52
"2025-11-07 02:30:00",167,12.83,"2025-11-07 02:20:00",4.397,10.21,286.9,399.9,1.917,12.25,1.097,50.51
"2025-11-07 02:45:00",168,12.82,"2025-11-07 02:36:00",4.602,10.2,287,400.1,1.921,12.24,1.097,50.49
"2025-11-07 03:00:00",169,12.79,"2025-11-07 02:46:50",4.797,10.19,287.1,400.4,1.922,12.23,1.097,50.48
"2025-11-07 03:15:00",170,12.81,"2025-11-07 03:14:00",4.901,10.18,287.2,400.6,1.943,12.24,1.097,50.44
"2025-11-07 03:30:00",171,12.81,"2025-11-07 03:28:00",4.923,10.15,287.2,400.8,1.931,12.24,1.097,50.4
"2025-11-07 03:45:00",172,12.81,"2025-11-07 03:32:00",4.92,10.13,287.2,401.1,1.928,12.23,1.096,50.35
"2025-11-07 04:00:00",173,12.81,"2025-11-07 03:50:00",4.99,10.1,287.2,401.4,1.944,12.23,1.096,50.32
"2025-11-07 04:15:00",174,12.81,"2025-11-07 04:14:00",5.188,10.09,287.3,401.7,1.939,12.23,1.095,50.29
"2025-11-07 04:30:00",175,12.78,"2025-11-07 04:29:00",5.407,10.07,287.3,402,1.934,12.23,1.095,50.25
"2025-11-07 04:45:00",176,12.8,"2025-11-07 04:36:40",5.541,10.04,287.3,402.3,1.963,12.23,1.094,50.2
"2025-11-07 05:00:00",177,12.8,"2025-11-07 04:54:00",5.591,10.01,287.3,402.5,1.974,12.23,1.094,50.15
"2025-11-07 05:15:00",178,12.78,"2025-11-07 05:14:50",5.573,9.98,287.3,402.8,2.084,12.23,1.093,50.1
"2025-11-07 05:30:00",179,12.8,"2025-11-07 05:16:00",5.591,9.95,287.4,403.3,2.084,12.22,1.092,50.04
"2025-11-07 05:45:00",180,12.78,"2025-11-07 05:30:50",5.699,9.92,287.4,403.6,1.955,12.22,1.09,50
"2025-11-07 06:00:00",181,12.77,"2025-11-07 05:46:40",6.007,9.91,287.4,403.8,1.951,12.21,1.089,49.97
"2025-11-07 06:15:00",182,12.76,"2025-11-07 06:10:40",6.419,9.9,287.5,404,1.935,12.21,1.088,49.95
"2025-11-07 06:30:00",183,12.76,"2025-11-07 06:19:00",6.945,9.89,287.6,404.3,1.988,12.21,1.087,49.93
"2025-11-07 06:45:00",184,12.76,"2025-11-07 06:31:00",7.621,9.89,287.8,404.6,2.201,12.21,1.087,49.94
"2025-11-07 07:00:00",185,12.77,"2025-11-07 06:46:50",8.47,9.89,288,404.8,1.933,12.22,1.086,49.95
"2025-11-07 07:15:00",186,12.77,"2025-11-07 07:14:20",9.25,9.89,288.1,405,1.895,12.23,1.086,49.94
"2025-11-07 07:30:00",187,12.77,"2025-11-07 07:22:50",10.05,9.9,288.3,405.3,1.891,12.22,1.086,49.95
"2025-11-07 07:45:00",188,12.78,"2025-11-07 07:37:00",10.76,9.9,288.5,405.5,1.892,12.24,1.085,49.96
"2025-11-07 08:00:00",189,12.8,"2025-11-07 07:46:50",11.4,9.9,288.6,405.6,1.877,12.26,1.085,49.95
"2025-11-07 08:15:00",190,12.83,"2025-11-07 08:02:20",12.04,9.9,288.7,405.7,1.858,12.32,1.084,49.97
"2025-11-07 08:30:00",191,12.88,"2025-11-07 08:17:00",12.82,9.93,289,405.8,1.869,12.34,1.084,50.02
"2025-11-07 08:45:00",192,12.93,"2025-11-07 08:30:10",13.35,9.96,289.2,405.8,1.87,12.41,1.084,50.08
"2025-11-07 09:00:00",193,12.83,"2025-11-07 08:59:00",13.63,9.99,289.4,405.7,1.851,12.41,1.085,50.14
"2025-11-07 09:15:00",194,12.8,"2025-11-07 09:07:00",13.95,"NAN","NAN","NAN","NAN","NAN",1.085,50.18
"2025-11-07 09:30:00",195,12.81,"2025-11-07 09:25:00",13.96,10.05,289.5,405.2,1.843,12.27,1.087,50.24
"2025-11-07 09:45:00",196,12.81,"2025-11-07 09:38:50",13.82,10.09,288.1,402.7,1.97,12.27,1.1,50.31
"2025-11-07 10:00:00",197,12.83,"2025-11-07 09:46:30",13.71,10.11,288,402.5,1.954,12.29,1.102,50.33
"2025-11-07 10:15:00",198,12.82,"2025-11-07 10:05:00",13.62,10.12,288.4,403,1.903,12.29,1.1,50.35
"2025-11-07 10:30:00",199,12.84,"2025-11-07 10:16:40",13.54,10.13,288.5,402.9,1.888,12.33,1.098,50.38
"2025-11-07 10:45:00",200,12.91,"2025-11-07 10:34:50",13.55,10.16,288.5,402.6,1.873,12.39,1.098,50.43
"2025-11-07 11:00:00",201,12.93,"2025-11-07 10:58:50",13.67,10.19,288.8,402.7,1.873,12.42,1.097,50.47
"2025-11-07 11:15:00",202,12.92,"2025-11-07 11:00:40",13.83,10.21,289.3,403.2,1.858,12.39,1.097,50.52
"2025-11-07 11:30:00",203,12.89,"2025-11-07 11:27:00",14.01,10.24,289.7,403.5,1.846,12.38,1.097,50.57
"2025-11-07 11:45:00",204,12.85,"2025-11-07 11:42:30",14.18,10.27,290,403.5,1.819,12.34,1.097,50.62
"2025-11-07 12:00:00",205,12.86,"2025-11-07 11:54:50",14.27,10.29,290.2,403.6,1.805,12.33,1.096,50.66
"2025-11-07 12:15:00",206,12.89,"2025-11-07 12:00:20",14.39,10.31,290.4,403.7,1.873,12.37,1.095,50.7
"2025-11-07 12:30:00",207,12.97,"2025-11-07 12:23:00",14.57,10.34,290.6,403.7,2.233,12.43,1.094,50.75
"2025-11-07 12:45:00",208,12.98,"2025-11-07 12:45:00",14.83,10.36,290.8,403.7,2.109,12.46,1.094,50.8
"2025-11-07 13:00:00",209,12.95,"2025-11-07 12:58:50",15.02,10.39,291.1,403.8,1.973,12.42,1.092,50.84
"2025-11-07 13:15:00",210,12.95,"2025-11-07 13:00:30",15.19,10.42,291.5,404,1.795,12.43,1.092,50.89
"2025-11-07 13:30:00",211,13.03,"2025-11-07 13:16:10",15.37,10.45,291.7,404,1.769,12.53,1.091,50.95
"2025-11-07 13:45:00",212,13.16,"2025-11-07 13:30:50",15.62,10.49,291.9,403.8,1.754,12.71,1.09,51.04
"2025-11-07 14:00:00",213,13.12,"2025-11-07 13:59:50",15.92,10.54,292.2,403.7,1.739,12.66,1.089,51.11
"2025-11-07 14:15:00",214,12.98,"2025-11-07 14:13:00",16.1,10.56,292.3,403.5,1.769,12.51,1.089,51.15
"2025-11-07 14:30:00",215,13.03,"2025-11-07 14:15:10",16.21,10.58,292.4,403.5,1.746,12.59,1.088,51.19
"2025-11-07 14:45:00",216,13.35,"2025-11-07 14:30:30",16.43,10.63,292.6,403.2,1.727,12.9,1.086,51.29
"2025-11-07 15:00:00",217,13.5,"2025-11-07 14:46:50",16.83,10.7,292.8,402.8,1.725,13,1.086,51.42
"2025-11-07 15:15:00",218,13.48,"2025-11-07 15:02:50",17.36,10.76,293.1,402.6,1.713,12.97,1.085,51.52
"2025-11-07 15:30:00",219,13.49,"2025-11-07 15:15:10",17.84,10.81,293.3,402.3,1.699,12.96,1.084,51.61
"2025-11-07 15:45:00",220,13.54,"2025-11-07 15:30:30",18.33,10.88,293.5,402,1.691,13.02,1.083,51.73
"2025-11-07 16:00:00",221,13.49,"2025-11-07 15:52:20",18.76,10.93,293.8,401.7,1.671,12.97,1.083,51.82
"2025-11-07 16:15:00",222,13.44,"2025-11-07 16:15:00",18.94,10.95,293.9,401.7,1.697,12.96,1.081,51.83
"2025-11-07 16:30:00",223,13.38,"2025-11-07 16:28:30",18.93,10.93,294,401.9,1.683,12.89,1.081,51.81
"2025-11-07 16:45:00",224,13.35,"2025-11-07 16:44:50",18.85,10.93,294.1,402.2,1.667,12.85,1.08,51.81
"2025-11-07 17:00:00",225,13.33,"2025-11-07 16:59:00",18.72,10.94,294.4,402.5,1.678,12.84,1.079,51.83
"2025-11-07 17:15:00",226,13.19,"2025-11-07 17:14:30",18.53,10.93,294.6,402.8,1.689,12.72,1.079,51.81
"2025-11-07 17:30:00",227,13.14,"2025-11-07 17:28:50",18.15,10.91,294.7,403.2,1.689,12.63,1.078,51.77
"2025-11-07 17:45:00",228,13.11,"2025-11-07 17:44:40",17.62,10.9,294.7,403.3,1.686,12.58,1.079,51.75
"2025-11-07 18:00:00",229,13.08,"2025-11-07 17:58:50",17.05,10.89,294.8,403.5,1.694,12.55,1.079,51.73
"2025-11-07 18:15:00",230,13.06,"2025-11-07 18:13:00",16.46,10.87,294.9,403.9,1.695,12.53,1.079,51.69
"2025-11-07 18:30:00",231,13.05,"2025-11-07 18:26:50",15.82,10.85,295,404.2,1.771,12.5,1.078,51.65
"2025-11-07 18:45:00",232,13.02,"2025-11-07 18:45:00",15.21,10.82,295,404.5,1.731,12.49,1.078,51.6
"2025-11-07 19:00:00",233,13,"2025-11-07 18:59:00",14.61,10.8,295,404.8,1.714,12.46,1.077,51.56
"2025-11-07 19:15:00",234,12.98,"2025-11-07 19:15:00",14.05,10.78,295,405,1.701,12.44,1.077,51.52
"2025-11-07 19:30:00",235,12.95,"2025-11-07 19:29:00",13.57,10.76,295,405.2,1.704,12.42,1.076,51.5
"2025-11-07 19:45:00",236,12.93,"2025-11-07 19:44:40",13.16,10.76,295,405.3,1.721,12.4,1.075,51.49
"2025-11-07 20:00:00",237,12.91,"2025-11-07 19:59:00",12.71,10.75,295,405.4,1.716,12.37,1.075,51.47
"2025-11-07 20:15:00",238,12.89,"2025-11-07 20:14:40",12.23,10.74,295,405.4,1.685,12.35,1.075,51.46
"2025-11-07 20:30:00",239,12.88,"2025-11-07 20:29:00",11.75,10.73,295,405.5,1.745,12.33,1.073,51.45
"2025-11-07 20:45:00",240,12.87,"2025-11-07 20:45:00",11.35,10.73,295,405.6,1.701,12.31,1.072,51.44
"2025-11-07 21:00:00",241,12.85,"2025-11-07 20:58:30",10.97,10.73,295.1,405.7,1.745,12.31,1.072,51.44
"2025-11-07 21:15:00",242,12.84,"2025-11-07 21:15:00",10.66,10.73,295.2,405.8,1.701,12.3,1.072,51.44
"2025-11-07 21:30:00",243,12.83,"2025-11-07 21:27:00",10.39,10.73,295.2,405.9,1.708,12.29,1.072,51.43
"2025-11-07 21:45:00",244,12.82,"2025-11-07 21:43:00",10.11,10.72,295.2,406,1.731,12.28,1.072,51.42
"2025-11-07 22:00:00",245,12.82,"2025-11-07 21:48:50",9.85,10.72,295.3,406.1,1.665,12.27,1.071,51.42
"2025-11-07 22:15:00",246,12.81,"2025-11-07 22:13:00",9.62,10.71,295.3,406.2,1.731,12.26,1.071,51.41
"2025-11-07 22:30:00",247,12.81,"2025-11-07 22:21:00",9.38,10.7,295.3,406.3,1.659,12.25,1.071,51.39
"2025-11-07 22:45:00",248,12.81,"2025-11-07 22:39:00",9.14,10.69,295.3,406.4,1.687,12.24,1.07,51.37
"2025-11-07 23:00:00",249,12.81,"2025-11-07 22:46:50",8.89,10.68,295.3,406.5,1.705,12.25,1.07,51.35
"2025-11-07 23:15:00",250,12.8,"2025-11-07 23:01:00",8.64,10.67,295.3,406.6,1.709,12.25,1.069,51.32
"2025-11-07 23:30:00",251,12.8,"2025-11-07 23:27:00",8.41,10.65,295.2,406.7,1.705,12.24,1.069,51.3
"2025-11-07 23:45:00",252,12.8,"2025-11-07 23:31:00",8.2,10.64,295.3,406.8,1.71,12.24,1.068,51.29
"2025-11-08 00:00:00",253,12.79,"2025-11-07 23:47:00",7.997,10.64,295.3,406.9,1.671,12.23,1.067,51.28
"2025-11-08 00:15:00",254,12.79,"2025-11-08 00:00:40",7.815,10.64,295.3,407,1.637,12.23,1.067,51.27
"2025-11-08 00:30:00",255,12.78,"2025-11-08 00:25:00",7.609,10.62,295.3,407,1.635,12.22,1.067,51.25
"2025-11-08 00:45:00",256,12.78,"2025-11-08 00:30:50",7.407,10.61,295.2,407.1,1.643,12.23,1.066,51.23
"2025-11-08 01:00:00",257,12.78,"2025-11-08 00:46:50",7.224,10.6,295.2,407.2,1.657,12.23,1.066,51.21
"2025-11-08 01:15:00",258,12.78,"2025-11-08 01:00:50",7.09,10.6,295.2,407.3,1.651,12.22,1.066,51.2
"2025-11-08 01:30:00",259,12.78,"2025-11-08 01:16:30",6.939,10.58,295.2,407.3,1.629,12.22,1.066,51.18
"2025-11-08 01:45:00",260,12.77,"2025-11-08 01:35:00",6.733,10.57,295.2,407.4,1.633,12.22,1.066,51.16
"2025-11-08 02:00:00",261,12.77,"2025-11-08 01:57:00",6.532,10.56,295.1,407.5,1.667,12.21,1.065,51.14
"2025-11-08 02:15:00",262,12.77,"2025-11-08 02:02:50",6.32,10.55,295.1,407.6,1.631,12.2,1.065,51.12
"2025-11-08 02:30:00",263,12.77,"2025-11-08 02:16:40",6.113,10.53,295,407.7,1.637,12.2,1.064,51.09
"2025-11-08 02:45:00",264,12.76,"2025-11-08 02:31:00",5.928,10.52,295,407.8,1.678,12.2,1.064,51.06
"2025-11-08 03:00:00",265,12.76,"2025-11-08 02:55:00",5.786,10.5,294.9,407.9,1.671,12.21,1.063,51.03
"2025-11-08 03:15:00",266,12.76,"2025-11-08 03:10:50",5.647,10.48,294.9,408,1.649,12.2,1.063,51
"2025-11-08 03:30:00",267,12.76,"2025-11-08 03:26:30",5.508,10.46,294.8,408.1,1.657,12.2,1.062,50.96
"2025-11-08 03:45:00",268,12.75,"2025-11-08 03:42:30",5.366,10.45,294.8,408.2,1.661,12.2,1.062,50.93
"2025-11-08 04:00:00",269,12.75,"2025-11-08 03:50:50",5.301,10.43,295.8,409.8,1.647,12.19,1.062,50.91
"2025-11-08 04:15:00",270,12.75,"2025-11-08 04:15:00",5.235,10.41,296,410.3,1.698,12.19,1.061,50.87
"2025-11-08 04:30:00",271,12.75,"2025-11-08 04:22:40",5.149,10.39,296,410.5,1.658,12.19,1.061,50.83
"2025-11-08 04:45:00",272,12.75,"2025-11-08 04:32:40",5.013,10.37,295.9,410.7,1.631,12.19,1.06,50.79
"2025-11-08 05:00:00",273,12.75,"2025-11-08 04:56:40",4.871,"NAN","NAN","NAN","NAN","NAN",1.06,50.74
"2025-11-08 05:15:00",274,12.74,"2025-11-08 05:12:40",4.77,10.32,295.8,411,1.7,12.18,1.059,50.71
"2025-11-08 05:30:00",275,12.74,"2025-11-08 05:20:40",4.656,10.29,295.7,411.2,1.68,12.18,1.058,50.65
"2025-11-08 05:45:00",276,12.74,"2025-11-08 05:41:00",4.513,10.26,295.6,411.4,1.673,12.18,1.058,50.6
"2025-11-08 06:00:00",277,12.74,"2025-11-08 05:59:00",4.395,10.23,295.5,411.6,1.66,12.17,1.058,50.55
"2025-11-08 06:15:00",278,12.74,"2025-11-08 06:01:00",4.263,10.2,295.4,411.7,1.655,12.17,1.057,50.49
"2025-11-08 06:30:00",279,12.74,"2025-11-08 06:16:40",4.095,10.17,295.2,411.9,1.707,12.17,1.057,50.43
"2025-11-08 06:45:00",280,12.74,"2025-11-08 06:30:30",3.887,10.14,295.1,412.1,1.723,12.16,1.056,50.37
"2025-11-08 07:00:00",281,12.73,"2025-11-08 06:46:50",3.682,10.11,295,412.3,1.663,12.16,1.056,50.32
"2025-11-08 07:15:00",282,12.73,"2025-11-08 07:02:20",3.555,10.08,294.9,412.5,1.647,12.16,1.056,50.28
"2025-11-08 07:30:00",283,12.73,"2025-11-08 07:16:50",3.491,10.05,294.9,412.7,1.638,12.17,1.055,50.23
"2025-11-08 07:45:00",284,12.74,"2025-11-08 07:31:00",3.368,10.02,294.7,412.8,1.629,12.18,1.055,50.17
"2025-11-08 08:00:00",285,12.76,"2025-11-08 07:46:40",3.285,9.99,294.6,413,1.614,12.2,1.054,50.12
"2025-11-08 08:15:00",286,12.8,"2025-11-08 08:00:50",3.325,9.97,294.5,413,1.61,12.25,1.054,50.08
"2025-11-08 08:30:00",287,12.85,"2025-11-08 08:16:50",3.428,9.96,294.4,413.1,1.614,12.3,1.053,50.06
"2025-11-08 08:45:00",288,12.91,"2025-11-08 08:30:30",3.65,9.95,294.3,413.1,1.595,12.36,1.053,50.04
"2025-11-08 09:00:00",289,12.99,"2025-11-08 08:45:10",3.964,9.95,294.3,413,1.581,12.46,1.052,50.04
"2025-11-08 09:15:00",290,13.18,"2025-11-08 09:00:10",4.336,9.95,294.2,412.9,1.584,12.66,1.052,50.06
"2025-11-08 09:30:00",291,13.38,"2025-11-08 09:16:40",4.783,9.97,294.3,412.7,1.568,12.83,1.052,50.1
"2025-11-08 09:45:00",292,13.42,"2025-11-08 09:37:00",5.249,9.99,294.3,412.5,1.571,12.87,1.052,50.14
"2025-11-08 10:00:00",293,13.44,"2025-11-08 09:46:50",5.714,10.01,294.3,412.3,1.563,12.89,1.052,50.17
"2025-11-08 10:15:00",294,13.55,"2025-11-08 10:00:40",6.238,10.04,294.3,412,1.545,13.02,1.051,50.23
"2025-11-08 10:30:00",295,13.63,"2025-11-08 10:17:00",6.918,10.09,294.4,411.6,1.545,13.1,1.051,50.32
"2025-11-08 10:45:00",296,13.66,"2025-11-08 10:30:30",7.675,10.15,294.6,411.2,1.545,13.13,1.051,50.42
"2025-11-08 11:00:00",297,13.67,"2025-11-08 10:46:50",8.45,10.21,294.8,410.8,1.545,13.13,1.05,50.54
"2025-11-08 11:15:00",298,13.7,"2025-11-08 11:00:50",9.27,10.29,295.1,410.3,1.542,13.18,1.05,50.69
"2025-11-08 11:30:00",299,13.73,"2025-11-08 11:16:10",10.15,10.39,295.5,409.9,1.513,13.23,1.049,50.86
"2025-11-08 11:45:00",300,13.67,"2025-11-08 11:45:00",11.02,10.5,296,409.4,1.526,13.21,1.049,51.06
"2025-11-08 12:00:00",301,13.65,"2025-11-08 11:58:40",11.6,10.58,296.4,409,1.498,13.17,1.048,51.21
"2025-11-08 12:15:00",302,13.66,"2025-11-08 12:00:20",12.3,10.72,297.1,408.6,1.506,13.14,1.049,51.46
"2025-11-08 12:30:00",303,13.5,"2025-11-08 12:29:00",13.31,10.84,297.8,408.1,1.49,13.14,1.049,51.69
"2025-11-08 12:45:00",304,13.49,"2025-11-08 12:30:30",14.25,10.95,298.3,407.7,1.487,12.99,1.048,51.87
"2025-11-08 13:00:00",305,13.53,"2025-11-08 12:46:30",15.28,11.09,298.7,406.7,1.711,12.99,1.047,52.14
"2025-11-08 13:15:00",306,13.56,"2025-11-08 13:01:00",16.55,11.25,298.8,405.2,2.296,13.04,1.048,52.43
"2025-11-08 13:30:00",307,13.53,"2025-11-08 13:29:00",17.86,"NAN","NAN","NAN","NAN","NAN",1.049,52.73
"2025-11-08 13:45:00",308,13.53,"2025-11-08 13:32:50",18.1,"NAN","NAN","NAN","NAN","NAN",1.049,52.97
"2025-11-08 14:00:00",309,13.5,"2025-11-08 13:46:30",18.07,11.66,301.3,404.3,1.435,12.99,1.05,53.15
"2025-11-08 14:15:00",310,13.55,"2025-11-08 14:00:40",18.02,11.75,301.8,404.1,1.433,13.03,1.05,53.3
"2025-11-08 14:30:00",311,13.59,"2025-11-08 14:29:00",18.2,11.82,302.2,404,1.418,13.09,1.05,53.4
"2025-11-08 14:45:00",312,13.61,"2025-11-08 14:30:10",18.58,11.82,302.2,403.9,1.426,13.18,1.05,53.41
"2025-11-08 15:00:00",313,13.75,"2025-11-08 14:47:00",19.43,11.83,302.3,403.9,1.426,13.23,1.05,53.42
"2025-11-08 15:15:00",314,13.74,"2025-11-08 15:14:40",20.08,11.8,302.1,403.9,1.422,13.25,1.05,53.36
"2025-11-08 15:30:00",315,13.74,"2025-11-08 15:16:10",20.58,11.72,301.6,404.1,1.425,13.24,1.051,53.21
"2025-11-08 15:45:00",316,13.7,"2025-11-08 15:34:50",20.5,11.64,301.2,404.3,1.418,13.2,1.049,53.07
"2025-11-08 16:00:00",317,13.67,"2025-11-08 15:54:50",20.26,11.57,300.8,404.5,1.425,13.17,1.05,52.94
"2025-11-08 16:15:00",318,13.56,"2025-11-08 16:14:50",19.96,11.5,300.4,404.8,1.428,13.1,1.05,52.81
"2025-11-08 16:30:00",319,13.53,"2025-11-08 16:28:50",19.45,11.42,300.1,405.2,1.428,13.03,1.05,52.68
"2025-11-08 16:45:00",320,13.39,"2025-11-08 16:43:00",18.89,11.36,299.9,405.5,1.414,12.95,1.049,52.57
"2025-11-08 17:00:00",321,13.33,"2025-11-08 16:58:50",18.27,11.32,299.8,405.9,1.425,12.84,1.048,52.49
"2025-11-08 17:15:00",322,13.26,"2025-11-08 17:15:00",17.61,"NAN","NAN","NAN","NAN","NAN",1.048,52.41
"2025-11-08 17:30:00",323,13.22,"2025-11-08 17:29:50",16.87,11.23,299.7,406.6,1.427,12.7,1.048,52.33
"2025-11-08 17:45:00",324,13.16,"2025-11-08 17:42:30",16.07,11.18,299.7,407.2,1.433,12.66,1.047,52.24
"2025-11-08 18:00:00",325,13.17,"2025-11-08 17:59:00",15.29,11.15,299.8,407.7,1.423,12.63,1.047,52.19
"2025-11-08 18:15:00",326,13.16,"2025-11-08 18:12:30",14.58,11.13,300,408.1,1.432,12.62,1.047,52.15
"2025-11-08 18:30:00",327,13.14,"2025-11-08 18:26:50",13.94,11.11,300.2,408.6,1.455,12.6,1.047,52.13
"2025-11-08 18:45:00",328,13.13,"2025-11-08 18:38:40",13.39,11.1,300.4,408.9,1.431,12.59,1.047,52.11
"2025-11-08 19:00:00",329,13.12,"2025-11-08 18:54:50",12.95,11.1,300.6,409.2,1.451,12.57,1.046,52.11
"2025-11-08 19:15:00",330,13.11,"2025-11-08 19:10:50",12.57,11.1,300.8,409.5,1.457,12.56,1.046,52.11
"2025-11-08 19:30:00",331,13.1,"2025-11-08 19:26:40",12.22,11.1,300.9,409.7,1.443,12.56,1.046,52.1
"2025-11-08 19:45:00",332,13.09,"2025-11-08 19:40:40",11.84,11.09,301,409.9,1.448,12.54,1.045,52.08
"2025-11-08 20:00:00",333,13.08,"2025-11-08 19:46:30",11.46,11.07,301,410.1,1.452,12.53,1.045,52.05
"2025-11-08 20:15:00",334,13.08,"2025-11-08 20:10:50",11.07,11.05,301,410.3,1.454,12.53,1.045,52.02
"2025-11-08 20:30:00",335,13.06,"2025-11-08 20:27:00",10.69,11.03,301,410.5,1.443,12.52,1.044,51.97
"2025-11-08 20:45:00",336,13.06,"2025-11-08 20:44:50",10.31,11,300.9,410.7,1.451,12.51,1.045,51.92
"2025-11-08 21:00:00",337,13.05,"2025-11-08 20:58:40",9.96,10.98,300.8,410.9,1.456,12.5,1.044,51.88
"2025-11-08 21:15:00",338,13.04,"2025-11-08 21:13:00",9.71,10.96,300.8,411,1.446,12.5,1.044,51.85
"2025-11-08 21:30:00",339,13.04,"2025-11-08 21:18:40",9.56,10.95,300.8,411.1,1.541,12.49,1.043,51.84
"2025-11-08 21:45:00",340,13.03,"2025-11-08 21:38:50",9.39,10.95,300.8,411.2,1.567,12.49,1.043,51.83
"2025-11-08 22:00:00",341,13.03,"2025-11-08 21:58:40",9.24,10.94,300.9,411.3,1.469,12.47,1.044,51.82
"2025-11-08 22:15:00",342,13.02,"2025-11-08 22:05:00",9.03,10.94,300.9,411.4,1.456,12.47,1.044,51.82
"2025-11-08 22:30:00",343,13.02,"2025-11-08 22:25:00",8.81,10.93,300.9,411.4,1.539,12.46,1.043,51.81
"2025-11-08 22:45:00",344,13.01,"2025-11-08 22:31:00",8.64,10.94,301,411.5,1.593,12.46,1.043,51.81
"2025-11-08 23:00:00",345,13.01,"2025-11-08 22:46:20",8.55,10.94,301,411.6,1.476,12.44,1.042,51.82
"2025-11-08 23:15:00",346,13,"2025-11-08 23:02:20",8.43,10.94,301,411.6,1.613,12.45,1.042,51.82
"2025-11-08 23:30:00",347,12.99,"2025-11-08 23:23:00",8.23,10.93,301,411.6,1.598,12.44,1.042,51.8
"2025-11-08 23:45:00",348,12.99,"2025-11-08 23:33:00",7.984,10.93,301,411.6,1.529,12.43,1.042,51.79
"2025-11-09 00:00:00",349,12.98,"2025-11-08 23:47:00",7.777,10.92,301,411.7,1.47,12.42,1.041,51.79
"2025-11-09 00:15:00",350,12.97,"2025-11-09 00:15:00",7.614,10.92,301,411.7,1.571,12.42,1.041,51.78
"2025-11-09 00:30:00",351,12.97,"2025-11-09 00:26:50",7.432,10.91,300.9,411.7,1.548,12.41,1.041,51.77
"2025-11-09 00:45:00",352,12.96,"2025-11-09 00:42:50",7.233,10.9,300.8,411.7,1.465,12.41,1.041,51.74
"2025-11-09 01:00:00",353,12.96,"2025-11-09 00:46:50",7.086,10.89,300.8,411.8,1.459,12.39,1.041,51.73
"2025-11-09 01:15:00",354,12.95,"2025-11-09 01:15:00",7.078,10.89,300.8,411.7,1.428,12.39,1.041,51.73
"2025-11-09 01:30:00",355,12.94,"2025-11-09 01:29:00",7.135,10.9,300.8,411.8,1.432,12.39,1.04,51.74
"2025-11-09 01:45:00",356,12.94,"2025-11-09 01:42:40",7.289,10.9,300.9,411.8,1.435,12.38,1.04,51.75
"2025-11-09 02:00:00",357,12.93,"2025-11-09 01:46:30",7.594,10.91,301,411.8,1.464,12.37,1.04,51.77
"2025-11-09 02:15:00",358,12.93,"2025-11-09 02:00:40",8.04,10.93,301.1,411.7,1.443,12.37,1.04,51.8
"2025-11-09 02:30:00",359,12.93,"2025-11-09 02:19:00",8.45,10.94,301.2,411.8,1.427,12.37,1.041,51.83
"2025-11-09 02:45:00",360,12.92,"2025-11-09 02:43:00",8.72,10.95,301,411.3,1.776,12.36,1.042,51.85
"2025-11-09 03:00:00",361,12.91,"2025-11-09 02:47:00",8.88,10.96,301.1,411.4,1.857,12.35,1.041,51.86
"2025-11-09 03:15:00",362,12.91,"2025-11-09 03:03:00",9,10.97,301.3,411.6,1.492,12.35,1.041,51.87
"2025-11-09 03:30:00",363,12.9,"2025-11-09 03:29:00",9.09,10.97,301.5,411.9,1.467,12.35,1.041,51.88
"2025-11-09 03:45:00",364,12.9,"2025-11-09 03:31:00",9.1,10.97,301.6,412,1.456,12.35,1.041,51.87
"2025-11-09 04:00:00",365,12.89,"2025-11-09 03:55:00",9.08,10.96,301.7,412.3,1.423,12.33,1.041,51.85
"2025-11-09 04:15:00",366,12.88,"2025-11-09 04:12:40",9.01,10.95,301.8,412.6,1.424,12.33,1.04,51.83
"2025-11-09 04:30:00",367,12.87,"2025-11-09 04:29:50",8.94,10.94,301.9,412.8,1.428,12.32,1.04,51.81
"2025-11-09 04:45:00",368,12.87,"2025-11-09 04:45:00",8.93,10.93,302,413,1.425,12.32,1.04,51.8
"2025-11-09 05:00:00",369,12.86,"2025-11-09 04:59:00",8.95,10.92,302.2,413.3,1.437,12.29,1.04,51.78
"2025-11-09 05:15:00",370,12.84,"2025-11-09 05:02:20",8.91,10.9,302.2,413.5,1.45,12.3,1.039,51.75
"2025-11-09 05:30:00",371,12.85,"2025-11-09 05:19:00",8.79,10.88,302.1,413.7,1.441,12.29,1.039,51.7
"2025-11-09 05:45:00",372,12.84,"2025-11-09 05:45:00",8.7,10.84,302,413.9,1.461,12.29,1.039,51.64
"2025-11-09 06:00:00",373,12.83,"2025-11-09 05:46:30",8.6,10.81,301.9,414.2,1.454,12.27,1.038,51.57
"2025-11-09 06:15:00",374,12.82,"2025-11-09 06:15:00",8.4,10.76,301.7,414.4,1.527,12.27,1.039,51.49
"2025-11-09 06:30:00",375,12.82,"2025-11-09 06:17:00",8.14,"NAN","NAN","NAN","NAN","NAN",1.038,51.41
"2025-11-09 06:45:00",376,12.81,"2025-11-09 06:41:00",7.942,10.68,301.4,414.8,1.537,12.26,1.035,51.35
"2025-11-09 07:00:00",377,12.81,"2025-11-09 06:46:20",7.885,10.66,301.4,415,1.671,12.24,1.032,51.31
"2025-11-09 07:15:00",378,12.8,"2025-11-09 07:02:50",7.8,10.63,301.2,415.2,1.453,12.24,1.03,51.25
"2025-11-09 07:30:00",379,12.79,"2025-11-09 07:29:00",7.624,10.59,301.1,415.4,1.408,12.23,1.03,51.19
"2025-11-09 07:45:00",380,12.79,"2025-11-09 07:31:00",7.451,10.56,300.9,415.6,1.391,12.23,1.03,51.13
"2025-11-09 08:00:00",381,12.78,"2025-11-09 07:46:40",7.294,10.53,300.8,415.8,1.381,12.23,1.031,51.07
"2025-11-09 08:15:00",382,12.78,"2025-11-09 08:03:00",7.164,10.49,300.7,415.9,1.383,12.24,1.031,51.02
"2025-11-09 08:30:00",383,12.8,"2025-11-09 08:23:00",6.984,10.47,300.5,416,1.381,12.25,1.032,50.97
"2025-11-09 08:45:00",384,12.79,"2025-11-09 08:31:00",6.782,10.44,300.4,416.2,1.381,12.25,1.031,50.91
"2025-11-09 09:00:00",385,12.79,"2025-11-09 08:47:00",6.563,10.41,300.3,416.3,1.359,12.23,1.032,50.86
"2025-11-09 09:15:00",386,12.79,"2025-11-09 09:03:00",6.367,10.38,300,416.3,1.347,12.25,1.031,50.81
"2025-11-09 09:30:00",387,12.89,"2025-11-09 09:27:00",6.221,10.35,299.9,416.3,1.347,12.34,1.03,50.77
"2025-11-09 09:45:00",388,12.85,"2025-11-09 09:43:00",6.126,10.33,299.6,416.3,1.337,12.32,1.029,50.72
"2025-11-09 10:00:00",389,12.85,"2025-11-09 09:51:00",6.032,10.3,299.4,416.3,1.318,12.31,1.03,50.67
"2025-11-09 10:15:00",390,12.85,"2025-11-09 10:09:00",5.949,10.27,299.2,416.3,1.31,12.31,1.028,50.61
"2025-11-09 10:30:00",391,12.86,"2025-11-09 10:25:00",5.879,10.24,298.9,416.3,1.301,12.32,1.028,50.56
"2025-11-09 10:45:00",392,12.85,"2025-11-09 10:37:00",5.845,10.22,298.7,416.3,1.296,12.32,1.027,50.52
"2025-11-09 11:00:00",393,12.88,"2025-11-09 10:45:10",5.831,10.19,298.5,416.3,1.295,12.33,1.027,50.48
"2025-11-09 11:15:00",394,12.92,"2025-11-09 11:02:20",5.831,10.17,298.3,416.2,1.285,12.38,1.027,50.43
"2025-11-09 11:30:00",395,12.88,"2025-11-09 11:28:50",5.821,10.14,298.1,416.2,1.283,12.35,1.026,50.39
"2025-11-09 11:45:00",396,12.86,"2025-11-09 11:35:00",5.776,10.12,297.9,416.2,1.294,12.32,1.027,50.34
"2025-11-09 12:00:00",397,12.91,"2025-11-09 11:47:00",5.721,10.09,298.8,417.7,1.271,12.37,1.027,50.3
"2025-11-09 12:15:00",398,12.94,"2025-11-09 12:13:00",5.683,10.07,298.8,418,1.285,12.4,1.027,50.27
"2025-11-09 12:30:00",399,12.93,"2025-11-09 12:24:40",5.641,10.06,298.7,418,1.295,12.39,1.027,50.24
"2025-11-09 12:45:00",400,12.94,"2025-11-09 12:30:40",5.58,10.04,298.5,418,1.672,12.4,1.026,50.2
"2025-11-09 13:00:00",401,12.89,"2025-11-09 12:55:00",5.58,10.02,298.4,418,2.023,12.35,1.026,50.16
"2025-11-09 13:15:00",402,12.87,"2025-11-09 13:14:50",5.516,9.99,298.2,418,1.435,12.33,1.025,50.12
"2025-11-09 13:30:00",403,12.87,"2025-11-09 13:20:40",5.281,9.96,297.9,418,1.276,12.31,1.026,50.06
"2025-11-09 13:45:00",404,12.86,"2025-11-09 13:45:00",5.037,9.93,297.7,418,1.257,12.33,1.026,50.01
"2025-11-09 14:00:00",405,12.85,"2025-11-09 13:47:00",4.835,9.9,297.5,418.1,1.249,12.31,1.024,49.95
"2025-11-09 14:15:00",406,12.9,"2025-11-09 14:14:50",4.635,9.87,297.2,418.1,1.217,12.35,1.024,49.9
"2025-11-09 14:30:00",407,12.88,"2025-11-09 14:20:40",4.493,9.84,297,418.1,1.237,12.34,1.023,49.85
"2025-11-09 14:45:00",408,12.95,"2025-11-09 14:30:20",4.359,"NAN","NAN","NAN","NAN","NAN",1.023,49.82
"2025-11-09 15:00:00",409,12.98,"2025-11-09 14:46:20",4.33,9.8,296.7,418,1.23,12.44,1.023,49.78
"2025-11-09 15:15:00",410,13.14,"2025-11-09 15:02:20",4.27,9.79,296.5,417.9,1.213,12.58,1.023,49.76
"2025-11-09 15:30:00",411,13.33,"2025-11-09 15:15:10",4.249,9.78,296.3,417.8,1.216,12.85,1.022,49.75
"2025-11-09 15:45:00",412,13.23,"2025-11-09 15:44:50",4.265,9.77,296.1,417.6,1.216,12.76,1.022,49.72
"2025-11-09 16:00:00",413,13.22,"2025-11-09 15:45:10",4.013,9.73,295.7,417.4,1.215,12.7,1.022,49.66
"2025-11-09 16:15:00",414,13.11,"2025-11-09 16:15:00",3.724,9.7,295.4,417.4,1.203,12.6,1.022,49.6
"2025-11-09 16:30:00",415,13.12,"2025-11-09 16:16:20",3.377,9.66,295.1,417.4,1.205,12.6,1.022,49.53
"2025-11-09 16:45:00",416,13.13,"2025-11-09 16:45:00",3.108,9.64,295,417.4,1.191,12.63,1.022,49.5
"2025-11-09 17:00:00",417,13.02,"2025-11-09 16:58:50",2.906,9.61,294.8,417.5,1.205,12.51,1.021,49.44
"2025-11-09 17:15:00",418,12.9,"2025-11-09 17:14:40",2.777,9.57,294.7,417.8,1.213,12.41,1.021,49.38
"2025-11-09 17:30:00",419,12.83,"2025-11-09 17:28:40",2.703,9.55,294.7,418.1,1.181,12.3,1.021,49.33
"2025-11-09 17:45:00",420,12.78,"2025-11-09 17:44:50",2.618,9.51,294.6,418.4,1.203,12.23,1.021,49.26
"2025-11-09 18:00:00",421,12.75,"2025-11-09 17:58:50",2.554,9.47,294.6,418.8,1.192,12.19,1.02,49.19
"2025-11-09 18:15:00",422,12.74,"2025-11-09 18:07:00",2.524,9.43,294.5,419.1,1.223,12.17,1.02,49.12
"2025-11-09 18:30:00",423,12.73,"2025-11-09 18:24:50",2.516,9.39,294.4,419.5,1.217,12.16,1.02,49.04
"2025-11-09 18:45:00",424,12.72,"2025-11-09 18:41:00",2.444,"NAN","NAN","NAN","NAN","NAN",1.02,48.96
"2025-11-09 19:00:00",425,12.71,"2025-11-09 18:57:00",2.339,9.3,294.1,420.1,1.237,12.15,1.02,48.87
"2025-11-09 19:15:00",426,12.71,"2025-11-09 19:03:00",2.206,9.25,294,420.4,1.21,12.15,1.018,48.79
"2025-11-09 19:30:00",427,12.71,"2025-11-09 19:17:00",2.049,9.21,293.8,420.7,1.193,12.15,1.018,48.71
"2025-11-09 19:45:00",428,12.71,"2025-11-09 19:30:40",1.885,9.17,293.7,421,1.311,12.15,1.017,48.64
"2025-11-09 20:00:00",429,12.71,"2025-11-09 19:46:20",1.751,9.12,293.5,421.3,1.365,12.14,1.014,48.56
"2025-11-09 20:15:00",430,12.71,"2025-11-09 20:03:00",1.647,9.08,293.3,421.4,1.743,12.14,1.014,48.48
"2025-11-09 20:30:00",431,12.71,"2025-11-09 20:16:40",1.559,9.04,293.1,421.6,1.562,12.14,1.014,48.41
"2025-11-09 20:45:00",432,12.7,"2025-11-09 20:31:00",1.531,9,293,421.8,1.258,12.14,1.014,48.35
"2025-11-09 21:00:00",433,12.7,"2025-11-09 20:46:50",1.549,8.96,292.8,422,1.237,12.14,1.014,48.27
"2025-11-09 21:15:00",434,12.7,"2025-11-09 21:01:00",1.576,8.92,292.5,422.2,1.199,12.14,1.014,48.19
"2025-11-09 21:30:00",435,12.69,"2025-11-09 21:28:50",1.585,8.87,292.2,422.3,1.192,12.14,1.013,48.1
"2025-11-09 21:45:00",436,12.7,"2025-11-09 21:31:00",1.546,8.83,292,422.5,1.2,12.13,1.012,48.03
"2025-11-09 22:00:00",437,12.69,"2025-11-09 21:46:20",1.437,8.79,291.8,422.7,1.204,12.13,1.012,47.95
"2025-11-09 22:15:00",438,12.69,"2025-11-09 22:00:50",1.266,8.75,291.5,422.8,1.182,12.13,1.012,47.88
"2025-11-09 22:30:00",439,12.69,"2025-11-09 22:16:50",1.059,8.7,291.3,423,1.183,12.13,1.012,47.79
"2025-11-09 22:45:00",440,12.69,"2025-11-09 22:30:10",0.833,8.65,291,423.1,1.192,12.13,1.012,47.7
"2025-11-09 23:00:00",441,12.69,"2025-11-09 22:46:10",0.657,8.6,290.7,423.3,1.207,12.13,1.011,47.62
"2025-11-09 23:15:00",442,12.69,"2025-11-09 23:01:00",0.524,8.56,290.5,423.4,1.253,12.13,1.011,47.55
"2025-11-09 23:30:00",443,12.68,"2025-11-09 23:18:50",0.42,8.52,290.2,423.6,1.229,12.12,1.009,47.47
"2025-11-09 23:45:00",444,12.68,"2025-11-09 23:31:00",0.244,8.47,289.9,423.7,1.323,12.12,1.01,47.39
"2025-11-10 00:00:00",445,12.67,"2025-11-09 23:47:00",0.055,8.44,289.8,423.9,1.329,12.12,1.01,47.33
"2025-11-10 00:15:00",446,12.68,"2025-11-10 00:05:00",-0.094,8.39,289.5,424,2.007,12.12,1.008,47.25
"2025-11-10 00:30:00",447,12.68,"2025-11-10 00:23:00",-0.127,8.35,289.2,424.1,1.373,12.12,1.009,47.17
"2025-11-10 00:45:00",448,12.68,"2025-11-10 00:31:00",-0.118,8.31,288.9,424.2,1.276,12.12,1.009,47.1
"2025-11-10 01:00:00",449,12.67,"2025-11-10 00:46:10",-0.118,8.27,288.7,424.2,1.249,12.12,1.008,47.03
"2025-11-10 01:15:00",450,12.67,"2025-11-10 01:01:00",-0.167,8.23,288.4,424.3,1.413,12.12,1.008,46.97
"2025-11-10 01:30:00",451,12.67,"2025-11-10 01:17:00",-0.273,8.2,288.2,424.3,1.633,12.12,1.008,46.9
"2025-11-10 01:45:00",452,12.67,"2025-11-10 01:30:50",-0.329,8.16,287.9,424.4,1.247,12.12,1.007,46.83
"2025-11-10 02:00:00",453,12.67,"2025-11-10 01:46:30",-0.365,8.13,287.6,424.4,1.204,12.12,1.006,46.77
"2025-11-10 02:15:00",454,12.66,"2025-11-10 02:02:20",-0.373,8.09,287.4,424.5,1.201,12.12,1.006,46.71
"2025-11-10 02:30:00",455,12.67,"2025-11-10 02:23:00",-0.417,8.05,287.1,424.5,1.222,12.12,1.006,46.64
"2025-11-10 02:45:00",456,12.67,"2025-11-10 02:31:00",-0.6,8.01,286.8,424.5,1.468,12.12,1.005,46.56
"2025-11-10 03:00:00",457,12.65,"2025-11-10 02:47:00",-0.865,7.967,286.4,424.5,1.879,12.12,1.004,46.48
"2025-11-10 03:15:00",458,12.66,"2025-11-10 03:00:50",-1.104,7.941,286.2,424.6,1.596,12.12,1.003,46.44
"2025-11-10 03:30:00",459,12.66,"2025-11-10 03:26:40",-1.282,7.915,286,424.6,1.269,12.12,1.003,46.39
"2025-11-10 03:45:00",460,12.65,"2025-11-10 03:43:00",-1.399,7.878,285.8,424.6,1.233,12.12,1.002,46.32
"2025-11-10 04:00:00",461,12.65,"2025-11-10 03:46:20",-1.489,7.837,285.5,424.7,1.231,12.12,1.003,46.25
"2025-11-10 04:15:00",462,12.65,"2025-11-10 04:02:50",-1.58,7.801,285.2,424.8,1.625,12.12,1.002,46.19
"2025-11-10 04:30:00",463,12.65,"2025-11-10 04:17:00",-1.787,7.753,284.9,424.8,1.229,12.12,1.001,46.1
"2025-11-10 04:45:00",464,12.65,"2025-11-10 04:33:00",-2.002,7.702,284.5,424.9,1.265,12.12,1.001,46.01
"2025-11-10 05:00:00",465,12.64,"2025-11-10 04:47:00",-2.165,7.655,284.2,425,1.675,12.1,1.001,45.93
"2025-11-10 05:15:00",466,12.65,"2025-11-10 05:02:30",-2.304,7.611,283.9,425.1,1.494,12.12,1,45.85
"2025-11-10 05:30:00",467,12.65,"2025-11-10 05:23:00",-2.442,7.558,283.5,425.2,1.295,12.12,1,45.75
"2025-11-10 05:45:00",468,12.64,"2025-11-10 05:43:00",-2.589,7.509,283.2,425.2,1.197,12.11,0.999,45.66
"2025-11-10 06:00:00",469,12.63,"2025-11-10 05:46:30",-2.725,7.461,282.9,425.3,1.337,12.12,0.999,45.58
"2025-11-10 06:15:00",470,12.64,"2025-11-10 06:01:00",-2.819,7.416,282.5,425.4,1.491,12.12,0.998,45.5
"2025-11-10 06:30:00",471,12.64,"2025-11-10 06:16:50",-2.911,7.379,282.3,425.5,1.399,12.11,0.998,45.43
"2025-11-10 06:45:00",472,12.64,"2025-11-10 06:30:30",-2.91,7.352,282.2,425.6,1.368,12.11,0.997,45.38
"2025-11-10 07:00:00",473,12.63,"2025-11-10 06:46:10",-2.85,7.32,282,425.7,1.393,12.1,0.997,45.32
"2025-11-10 07:15:00",474,12.63,"2025-11-10 07:02:20",-2.901,7.276,281.7,425.8,1.239,12.12,0.997,45.25
"2025-11-10 07:30:00",475,12.63,"2025-11-10 07:16:40",-2.918,7.236,281.5,426,1.213,12.11,0.996,45.18
"2025-11-10 07:45:00",476,12.64,"2025-11-10 07:30:20",-2.796,7.213,281.3,426.1,1.24,12.11,0.995,45.13
"2025-11-10 08:00:00",477,12.64,"2025-11-10 07:45:20",-2.634,7.194,281.2,426.2,1.233,12.12,0.995,45.1
"2025-11-10 08:15:00",478,12.67,"2025-11-10 08:00:40",-2.511,7.173,281.1,426.2,1.497,12.13,0.994,45.06
"2025-11-10 08:30:00",479,12.69,"2025-11-10 08:17:00",-2.47,7.141,280.8,426.2,1.245,12.14,0.994,45
"2025-11-10 08:45:00",480,12.73,"2025-11-10 08:30:30",-2.454,7.115,280.5,426,1.213,12.16,0.995,44.96
"2025-11-10 09:00:00",481,12.74,"2025-11-10 08:46:20",-2.428,7.1,280.3,425.9,1.204,12.2,0.994,44.93
"2025-11-10 09:15:00",482,12.87,"2025-11-10 09:00:20",-2.336,7.095,280.1,425.6,1.202,12.32,0.995,44.93
"2025-11-10 09:30:00",483,13,"2025-11-10 09:16:20",-2.168,7.102,279.9,425.4,1.193,12.45,0.995,44.94
"2025-11-10 09:45:00",484,12.96,"2025-11-10 09:44:40",-1.963,"NAN","NAN","NAN","NAN","NAN",0.995,44.95
"2025-11-10 10:00:00",485,12.93,"2025-11-10 09:46:40",-1.871,7.096,279.6,424.9,1.163,12.39,0.994,44.93
"2025-11-10 10:15:00",486,13,"2025-11-10 10:12:30",-1.795,7.096,279.4,424.6,1.166,12.47,0.993,44.93
"2025-11-10 10:30:00",487,13.04,"2025-11-10 10:16:40",-1.722,7.097,279.2,424.3,1.365,12.47,0.994,44.93
"2025-11-10 10:45:00",488,13.14,"2025-11-10 10:45:00",-1.586,7.114,279.1,424,1.234,12.59,0.993,44.96
"2025-11-10 11:00:00",489,12.98,"2025-11-10 10:58:50",-1.478,7.114,279,423.8,1.335,12.5,0.993,44.96
"2025-11-10 11:15:00",490,12.94,"2025-11-10 11:09:00",-1.443,"NAN","NAN","NAN","NAN","NAN",0.992,44.94
"2025-11-10 11:30:00",491,12.96,"2025-11-10 11:28:40",-1.412,7.09,278.7,423.6,1.174,12.4,0.992,44.92
"2025-11-10 11:45:00",492,12.91,"2025-11-10 11:42:30",-1.332,7.084,278.6,423.5,1.179,12.38,0.991,44.91
"2025-11-10 12:00:00",493,12.97,"2025-11-10 11:45:10",-1.257,7.079,278.4,423.3,1.171,12.44,0.991,44.9
"2025-11-10 12:15:00",494,13.19,"2025-11-10 12:00:50",-1.082,7.109,278.5,423.1,1.17,12.65,0.991,44.96
"2025-11-10 12:30:00",495,13.26,"2025-11-10 12:21:00",-0.879,7.13,278.5,422.8,1.455,12.7,0.991,45
"2025-11-10 12:45:00",496,13.34,"2025-11-10 12:30:40",-0.669,7.152,278.5,422.5,1.664,12.81,0.991,45.04
"2025-11-10 13:00:00",497,13.58,"2025-11-10 12:45:10",-0.391,7.197,278.6,422.2,1.269,13.02,0.991,45.12
"2025-11-10 13:15:00",498,13.63,"2025-11-10 13:00:40",-0.15,7.243,278.7,421.8,1.159,13.1,0.991,45.2
"2025-11-10 13:30:00",499,13.68,"2025-11-10 13:29:00",0.02,7.283,278.8,421.4,1.146,13.22,0.99,45.27
"2025-11-10 13:45:00",500,13.62,"2025-11-10 13:32:50",0.138,7.303,278.8,421.1,1.144,13.14,0.99,45.31
"2025-11-10 14:00:00",501,13.64,"2025-11-10 13:51:00",0.264,7.337,278.8,420.8,1.171,13.17,0.989,45.37
"2025-11-10 14:15:00",502,13.63,"2025-11-10 14:02:50",0.345,7.36,278.8,420.5,1.149,13.15,0.989,45.41
"2025-11-10 14:30:00",503,13.5,"2025-11-10 14:20:50",0.406,7.366,278.7,420.2,1.153,13.04,0.989,45.42
"2025-11-10 14:45:00",504,13.73,"2025-11-10 14:38:50",0.471,7.379,278.6,420,1.153,13.24,0.989,45.45
"2025-11-10 15:00:00",505,13.48,"2025-11-10 14:54:40",0.565,7.398,278.6,419.8,1.174,13.04,0.989,45.48
"2025-11-10 15:15:00",506,13.49,"2025-11-10 15:14:50",0.601,7.389,278.4,419.6,1.161,13.03,0.988,45.47
"2025-11-10 15:30:00",507,13.45,"2025-11-10 15:19:00",0.608,7.375,278.3,419.6,1.116,12.93,0.987,45.44
"2025-11-10 15:45:00",508,13.35,"2025-11-10 15:45:00",0.607,7.366,278.2,419.5,1.128,12.93,0.987,45.43
"2025-11-10 16:00:00",509,13.29,"2025-11-10 15:58:50",0.583,7.349,278.2,419.6,1.137,12.75,0.988,45.39
"2025-11-10 16:15:00",510,13.2,"2025-11-10 16:12:40",0.553,7.318,278,419.8,1.121,12.69,0.987,45.34
"2025-11-10 16:30:00",511,13.25,"2025-11-10 16:15:10",0.519,7.281,277.9,420,1.142,12.73,0.987,45.27
"2025-11-10 16:45:00",512,13.19,"2025-11-10 16:45:00",0.465,7.248,277.8,420.2,1.129,12.67,0.987,45.21
"2025-11-10 17:00:00",513,13.15,"2025-11-10 16:58:40",0.372,7.209,277.7,420.6,1.119,12.6,0.987,45.14
"2025-11-10 17:15:00",514,13.11,"2025-11-10 17:13:00",0.23,7.169,277.6,420.9,1.131,12.57,0.986,45.07
"2025-11-10 17:30:00",515,13.09,"2025-11-10 17:29:00",0.077,7.123,277.5,421.4,1.131,12.55,0.985,44.99
"2025-11-10 17:45:00",516,13.05,"2025-11-10 17:45:00",-0.034,7.078,277.4,421.8,1.113,12.5,0.985,44.9
"2025-11-10 18:00:00",517,13.04,"2025-11-10 17:51:00",-0.176,7.027,277.3,422.2,1.121,12.47,0.985,44.81
"2025-11-10 18:15:00",518,13.01,"2025-11-10 18:12:50",-0.341,6.972,277.1,422.7,1.135,12.45,0.984,44.72
"2025-11-10 18:30:00",519,13,"2025-11-10 18:24:50",-0.515,6.924,277,423.1,1.161,12.44,0.984,44.63
"2025-11-10 18:45:00",520,12.98,"2025-11-10 18:45:00",-0.69,6.882,276.9,423.5,1.138,12.41,0.984,44.55
"2025-11-10 19:00:00",521,12.97,"2025-11-10 18:55:00",-0.866,6.841,276.9,423.9,1.158,12.4,0.983,44.48
"2025-11-10 19:15:00",522,12.95,"2025-11-10 19:15:00",-1.044,6.803,276.8,424.2,1.183,12.39,0.983,44.41
"2025-11-10 19:30:00",523,12.94,"2025-11-10 19:27:00",-1.235,6.764,276.7,424.5,1.149,12.37,0.983,44.34
"2025-11-10 19:45:00",524,12.92,"2025-11-10 19:44:50",-1.405,6.723,276.5,424.8,1.144,12.35,0.983,44.27
"2025-11-10 20:00:00",525,12.9,"2025-11-10 19:59:00",-1.54,6.686,276.4,425.2,1.153,12.33,0.983,44.2
"2025-11-10 20:15:00",526,12.89,"2025-11-10 20:14:40",-1.625,6.661,276.4,425.4,1.164,12.33,0.983,44.15
"2025-11-10 20:30:00",527,12.87,"2025-11-10 20:25:00",-1.679,6.638,276.4,425.7,1.171,12.31,0.983,44.11
"2025-11-10 20:45:00",528,12.85,"2025-11-10 20:45:00",-1.756,6.61,276.4,426,1.188,12.28,0.983,44.06
"2025-11-10 21:00:00",529,12.83,"2025-11-10 20:59:00",-1.87,6.578,276.3,426.3,1.521,12.26,0.983,44
"2025-11-10 21:15:00",530,12.81,"2025-11-10 21:12:40",-2.011,6.544,276.2,426.6,1.395,12.25,0.982,43.94
"2025-11-10 21:30:00",531,12.79,"2025-11-10 21:29:00",-2.076,6.521,276.2,426.8,1.336,12.23,0.982,43.9
"2025-11-10 21:45:00",532,12.77,"2025-11-10 21:43:00",-2.036,6.498,276.2,427.1,1.445,12.21,0.981,43.86
"2025-11-10 22:00:00",533,12.75,"2025-11-10 21:56:30",-1.965,6.477,276.2,427.4,1.356,12.18,0.981,43.82
"2025-11-10 22:15:00",534,12.73,"2025-11-10 22:13:00",-1.964,6.446,276.1,427.6,1.329,12.16,0.981,43.77
"2025-11-10 22:30:00",535,12.72,"2025-11-10 22:29:00",-2.018,6.416,276,427.9,1.234,12.15,0.981,43.71
"2025-11-10 22:45:00",536,12.69,"2025-11-10 22:45:00",-2.113,6.382,275.9,428.1,1.223,12.14,0.98,43.65
"2025-11-10 23:00:00",537,12.68,"2025-11-10 22:59:00",-2.252,6.352,275.8,428.4,1.225,12.13,0.98,43.6
"2025-11-10 23:15:00",538,12.66,"2025-11-10 23:12:30",-2.413,6.319,275.7,428.6,1.217,12.12,0.979,43.54
"2025-11-10 23:30:00",539,12.67,"2025-11-10 23:16:50",-2.567,6.282,275.5,428.8,1.205,12.12,0.978,43.47
"2025-11-10 23:45:00",540,12.66,"2025-11-10 23:43:00",-2.72,6.247,275.3,429,1.277,12.12,0.977,43.41
"2025-11-11 00:00:00",541,12.65,"2025-11-10 23:46:20",-2.845,6.213,275.2,429.2,1.237,12.12,0.977,43.35
"2025-11-11 00:15:00",542,12.64,"2025-11-11 00:12:30",-2.98,6.18,275,429.3,1.191,12.11,0.977,43.29
"2025-11-11 00:30:00",543,12.64,"2025-11-11 00:28:50",-3.121,6.146,274.8,429.5,1.181,12.12,0.976,43.23
"2025-11-11 00:45:00",544,12.63,"2025-11-11 00:45:00",-3.266,6.113,274.6,429.6,1.217,12.11,0.976,43.17
"2025-11-11 01:00:00",545,12.63,"2025-11-11 00:46:30",-3.414,6.081,274.5,429.8,1.205,12.1,0.976,43.11
"2025-11-11 01:15:00",546,12.63,"2025-11-11 01:07:00",-3.539,6.051,274.3,429.9,1.163,12.11,0.976,43.06
"2025-11-11 01:30:00",547,12.63,"2025-11-11 01:19:00",-3.648,6.024,274.1,430,1.224,12.09,0.976,43.01
"2025-11-11 01:45:00",548,12.62,"2025-11-11 01:42:50",-3.737,5.993,274,430.1,1.296,12.11,0.975,42.95
"2025-11-11 02:00:00",549,12.62,"2025-11-11 01:46:50",-3.814,5.965,273.8,430.2,1.192,12.07,0.974,42.9
"2025-11-11 02:15:00",550,12.61,"2025-11-11 02:12:30",-3.887,5.936,273.6,430.3,1.154,12.1,0.974,42.85
"2025-11-11 02:30:00",551,12.62,"2025-11-11 02:29:00",-3.954,5.909,273.4,430.4,1.15,12.08,0.973,42.8
"2025-11-11 02:45:00",552,12.62,"2025-11-11 02:37:00",-4.015,5.876,273.3,430.5,1.16,12.1,0.973,42.74
"2025-11-11 03:00:00",553,12.61,"2025-11-11 02:47:00",-4.087,5.847,273.1,430.6,1.156,12.05,0.972,42.69
"2025-11-11 03:15:00",554,12.61,"2025-11-11 03:12:50",-4.142,5.815,272.9,430.7,1.159,12.09,0.971,42.63
"2025-11-11 03:30:00",555,12.61,"2025-11-11 03:19:00",-4.194,5.785,272.7,430.8,1.121,12.07,0.971,42.58
"2025-11-11 03:45:00",556,12.61,"2025-11-11 03:41:00",-4.258,5.755,272.5,430.9,1.141,12.09,0.969,42.52
"2025-11-11 04:00:00",557,12.6,"2025-11-11 03:46:50",-4.339,5.72,272.3,431.1,1.127,12.07,0.969,42.46
"2025-11-11 04:15:00",558,12.61,"2025-11-11 04:00:40",-4.443,5.687,272.1,431.2,1.138,12.06,0.969,42.4
"2025-11-11 04:30:00",559,12.6,"2025-11-11 04:23:00",-4.562,5.655,271.9,431.3,1.134,12.08,0.968,42.34
"2025-11-11 04:45:00",560,12.6,"2025-11-11 04:42:30",-4.663,5.621,271.7,431.4,1.124,12.05,0.968,42.28
"2025-11-11 05:00:00",561,12.6,"2025-11-11 04:46:30",-4.742,5.588,271.6,431.6,1.129,12.06,0.967,42.22
"2025-11-11 05:15:00",562,12.6,"2025-11-11 05:09:00",-4.815,5.556,271.4,431.7,1.129,12.05,0.967,42.17
"2025-11-11 05:30:00",563,12.6,"2025-11-11 05:28:40",-4.867,5.526,271.2,431.9,1.134,12.07,0.966,42.11
"2025-11-11 05:45:00",564,12.6,"2025-11-11 05:42:30",-4.917,5.492,271,432,1.121,12.05,0.966,42.05
"2025-11-11 06:00:00",565,12.59,"2025-11-11 05:46:20",-4.985,5.462,270.9,432.2,1.129,12.05,0.965,42
"2025-11-11 06:15:00",566,12.59,"2025-11-11 06:12:30",-5.024,5.434,270.8,432.3,1.357,12.06,0.965,41.95
"2025-11-11 06:30:00",567,12.59,"2025-11-11 06:22:50",-5.047,5.407,270.6,432.5,1.337,12.05,0.964,41.9
"2025-11-11 06:45:00",568,12.59,"2025-11-11 06:37:00",-5.07,5.377,270.5,432.6,1.379,12.07,0.963,41.85
"2025-11-11 07:00:00",569,12.59,"2025-11-11 06:46:20",-5.07,5.347,270.3,432.8,1.15,12.02,0.963,41.8
"2025-11-11 07:15:00",570,12.59,"2025-11-11 07:02:20",-5.06,5.322,270.2,432.9,1.113,12.07,0.962,41.75
"2025-11-11 07:30:00",571,12.6,"2025-11-11 07:20:40",-4.99,5.297,270.1,433.1,1.126,12.04,0.961,41.71
"2025-11-11 07:45:00",572,12.59,"2025-11-11 07:37:00",-4.819,5.283,270.1,433.2,1.129,12.08,0.96,41.68
"2025-11-11 08:00:00",573,12.61,"2025-11-11 07:45:10",-4.579,5.275,270.1,433.3,1.134,12.07,0.96,41.67
"2025-11-11 08:15:00",574,12.63,"2025-11-11 08:12:30",-4.289,5.272,270.1,433.3,1.131,12.12,0.959,41.66
"2025-11-11 08:30:00",575,12.66,"2025-11-11 08:16:40",-3.887,5.275,270.1,433.3,1.137,12.14,0.959,41.67
"2025-11-11 08:45:00",576,12.76,"2025-11-11 08:41:00",-3.414,5.287,270.1,433.2,1.127,12.19,0.958,41.69
"2025-11-11 09:00:00",577,12.77,"2025-11-11 08:47:00",-2.958,5.297,270.1,433.1,1.111,12.22,0.957,41.71
"2025-11-11 09:15:00",578,12.89,"2025-11-11 09:02:20",-2.496,5.311,270.1,432.9,1.103,12.38,0.958,41.74
"2025-11-11 09:30:00",579,13.04,"2025-11-11 09:16:40",-2.084,5.325,270.1,432.7,1.106,12.53,0.958,41.77
"2025-11-11 09:45:00",580,13.3,"2025-11-11 09:30:10",-1.659,5.352,270.1,432.4,1.076,12.76,0.956,41.82
"2025-11-11 10:00:00",581,13.47,"2025-11-11 09:45:10",-1.216,5.385,270.2,432,1.071,12.93,0.956,41.88
"2025-11-11 10:15:00",582,13.58,"2025-11-11 10:15:00",-0.759,5.423,270.2,431.6,1.069,13.01,0.955,41.95
"2025-11-11 10:30:00",583,13.58,"2025-11-11 10:19:00",-0.392,5.459,270.2,431.2,1.081,13.01,0.954,42.01
"2025-11-11 10:45:00",584,13.58,"2025-11-11 10:36:40",-0.111,5.496,270.3,430.7,1.079,13,0.954,42.08
"2025-11-11 11:00:00",585,13.58,"2025-11-11 10:46:50",0.14,5.541,270.3,430.3,1.082,13.03,0.954,42.16
"2025-11-11 11:15:00",586,13.59,"2025-11-11 11:02:20",0.389,5.586,270.4,429.8,1.075,13.04,0.954,42.24
"2025-11-11 11:30:00",587,13.62,"2025-11-11 11:16:50",0.623,5.626,270.5,429.3,1.071,13.05,0.954,42.31
"2025-11-11 11:45:00",588,13.67,"2025-11-11 11:34:50",0.835,5.67,270.5,428.9,1.071,13.11,0.953,42.39
"2025-11-11 12:00:00",589,13.74,"2025-11-11 11:46:10",1.051,5.722,270.7,428.5,1.069,13.19,0.952,42.49
"2025-11-11 12:15:00",590,13.82,"2025-11-11 12:00:10",1.379,5.794,271,428,1.064,13.28,0.952,42.62
"2025-11-11 12:30:00",591,13.7,"2025-11-11 12:26:50",1.78,5.859,271.2,427.4,1.069,13.21,0.952,42.74
"2025-11-11 12:45:00",592,13.73,"2025-11-11 12:30:20",2.049,5.911,271.3,427,1.323,13.19,0.952,42.83
"2025-11-11 13:00:00",593,13.76,"2025-11-11 12:45:40",2.509,5.969,271.5,426.5,2.111,13.22,0.951,42.94
"2025-11-11 13:15:00",594,13.74,"2025-11-11 13:10:50",3.241,6.031,271.7,426,1.573,13.24,0.951,43.05
"2025-11-11 13:30:00",595,13.8,"2025-11-11 13:28:40",3.85,6.082,271.8,425.6,1.527,13.22,0.951,43.14
"2025-11-11 13:45:00",596,13.72,"2025-11-11 13:37:00",4.309,6.135,271.9,425.1,1.147,13.19,0.95,43.24
"2025-11-11 14:00:00",597,13.76,"2025-11-11 13:46:50",4.623,6.197,272.1,424.6,1.067,13.22,0.949,43.35
"2025-11-11 14:15:00",598,13.73,"2025-11-11 14:08:40",4.949,6.273,272.4,424.1,1.066,13.21,0.95,43.48
"2025-11-11 14:30:00",599,13.6,"2025-11-11 14:28:50",5.221,6.314,272.5,423.7,1.061,13.14,0.949,43.55
"2025-11-11 14:45:00",600,13.57,"2025-11-11 14:31:00",5.41,6.33,272.4,423.4,1.049,13.11,0.948,43.59
"2025-11-11 15:00:00",601,13.81,"2025-11-11 14:58:50",5.823,6.368,272.5,423,1.039,13.29,0.949,43.67
"2025-11-11 15:15:00",602,13.72,"2025-11-11 15:10:30",6.243,6.407,272.5,422.6,1.043,13.21,0.948,43.73
"2025-11-11 15:30:00",603,13.7,"2025-11-11 15:26:40",6.526,6.422,272.4,422.2,1.04,13.25,0.948,43.76
"2025-11-11 15:45:00",604,13.7,"2025-11-11 15:45:00",6.664,6.435,272.3,421.8,1.059,13.22,0.948,43.79
"2025-11-11 16:00:00",605,13.51,"2025-11-11 15:56:30",6.787,6.444,272.2,421.6,1.033,13.05,0.949,43.8
"2025-11-11 16:15:00",606,13.44,"2025-11-11 16:15:00",6.72,6.424,271.9,421.4,1.047,12.94,0.948,43.76
"2025-11-11 16:30:00",607,13.35,"2025-11-11 16:29:00",6.64,6.401,271.7,421.4,1.045,12.84,0.949,43.72
"2025-11-11 16:45:00",608,13.35,"2025-11-11 16:45:00",6.547,6.375,271.5,421.5,1.051,12.8,0.949,43.67
"2025-11-11 17:00:00",609,13.28,"2025-11-11 16:59:00",6.461,6.359,271.5,421.6,1.049,12.74,0.949,43.64
"2025-11-11 17:15:00",610,13.21,"2025-11-11 17:15:00",6.373,6.337,271.4,421.7,1.043,12.68,0.948,43.6
"2025-11-11 17:30:00",611,13.18,"2025-11-11 17:28:50",6.287,6.316,271.4,422,1.041,12.62,0.948,43.56
"2025-11-11 17:45:00",612,13.16,"2025-11-11 17:40:50",6.226,6.298,271.5,422.3,1.087,12.6,0.948,43.53
"2025-11-11 18:00:00",613,13.14,"2025-11-11 17:57:00",6.199,6.283,271.6,422.7,1.084,12.57,0.947,43.5
"2025-11-11 18:15:00",614,13.13,"2025-11-11 18:09:00",6.183,6.268,271.6,423,1.067,12.57,0.946,43.47
"2025-11-11 18:30:00",615,13.12,"2025-11-11 18:25:00",6.196,6.256,271.8,423.3,1.128,12.55,0.946,43.45
"2025-11-11 18:45:00",616,13.11,"2025-11-11 18:39:00",6.174,6.244,271.9,423.6,1.485,12.54,0.945,43.43
"2025-11-11 19:00:00",617,13.1,"2025-11-11 18:57:00",6.029,6.228,271.9,423.9,1.261,12.53,0.946,43.4
"2025-11-11 19:15:00",618,13.09,"2025-11-11 19:12:40",5.746,6.21,272,424.2,1.259,12.51,0.946,43.36
"2025-11-11 19:30:00",619,13.08,"2025-11-11 19:22:50",5.377,6.197,272,424.4,1.179,12.52,0.944,43.34
"2025-11-11 19:45:00",620,13.07,"2025-11-11 19:43:00",5.036,6.19,272.1,424.6,1.117,12.49,0.944,43.32
"2025-11-11 20:00:00",621,13.07,"2025-11-11 19:46:20",4.741,6.183,272.2,424.9,1.094,12.49,0.943,43.31
"2025-11-11 20:15:00",622,13.06,"2025-11-11 20:13:00",4.532,6.165,272.1,425,1.061,12.48,0.944,43.28
"2025-11-11 20:30:00",623,13.06,"2025-11-11 20:28:30",4.638,6.145,272.1,425.2,1.072,12.48,0.943,43.24
"2025-11-11 20:45:00",624,13.04,"2025-11-11 20:42:30",4.986,6.126,272,425.4,1.063,12.47,0.943,43.21
"2025-11-11 21:00:00",625,13.04,"2025-11-11 20:58:50",5.393,6.108,272,425.6,1.098,12.47,0.944,43.17
"2025-11-11 21:15:00",626,13.03,"2025-11-11 21:06:50",5.742,6.089,272,425.7,1.115,12.46,0.943,43.14
"2025-11-11 21:30:00",627,13.01,"2025-11-11 21:29:50",5.966,6.072,271.9,425.9,1.129,12.46,0.944,43.11
"2025-11-11 21:45:00",628,13.03,"2025-11-11 21:30:50",6.109,6.055,271.9,426.1,1.591,12.46,0.943,43.08
"2025-11-11 22:00:00",629,13.02,"2025-11-11 21:45:30",6.209,6.036,271.8,426.2,1.453,12.44,0.943,43.05
"2025-11-11 22:15:00",630,13.02,"2025-11-11 22:05:00",6.253,6.016,271.8,426.4,1.219,12.45,0.942,43.01
"2025-11-11 22:30:00",631,13.01,"2025-11-11 22:16:50",6.31,5.998,271.8,426.6,1.175,12.43,0.941,42.98
"2025-11-11 22:45:00",632,13,"2025-11-11 22:43:00",6.33,5.983,271.7,426.7,1.129,12.44,0.941,42.95
"2025-11-11 23:00:00",633,13,"2025-11-11 22:45:10",6.354,5.968,271.7,426.9,1.104,12.42,0.94,42.92
"2025-11-11 23:15:00",634,12.99,"2025-11-11 23:02:20",6.37,5.953,271.7,427.1,1.093,12.42,0.94,42.9
"2025-11-11 23:30:00",635,12.99,"2025-11-11 23:19:00",6.401,5.941,271.7,427.2,1.091,12.43,0.94,42.88
"2025-11-11 23:45:00",636,12.98,"2025-11-11 23:42:30",6.461,5.93,271.7,427.4,1.085,12.41,0.939,42.85
"2025-11-12 00:00:00",637,12.98,"2025-11-11 23:46:30",6.499,5.921,271.7,427.5,1.078,12.41,0.939,42.84
"2025-11-12 00:15:00",638,12.97,"2025-11-12 00:02:20",6.508,5.911,271.7,427.6,1.087,12.4,0.938,42.82
"2025-11-12 00:30:00",639,12.97,"2025-11-12 00:18:50",6.493,5.903,271.7,427.7,1.082,12.4,0.938,42.81
"2025-11-12 00:45:00",640,12.97,"2025-11-12 00:35:00",6.433,5.896,271.7,427.7,1.102,12.39,0.938,42.79
"2025-11-12 01:00:00",641,12.96,"2025-11-12 00:50:50",6.355,5.892,271.7,427.8,1.077,12.39,0.937,42.79
"2025-11-12 01:15:00",642,12.93,"2025-11-12 01:02:20",6.25,5.89,271.7,427.8,1.065,12.39,0.937,42.78
"2025-11-12 01:30:00",643,12.96,"2025-11-12 01:16:40",6.122,5.888,271.7,427.8,1.066,12.38,0.937,42.78
"2025-11-12 01:45:00",644,12.94,"2025-11-12 01:42:30",5.983,5.886,271.7,427.8,1.054,12.38,0.936,42.77
"2025-11-12 02:00:00",645,12.94,"2025-11-12 01:46:40",5.8,5.888,271.7,427.8,1.063,12.35,0.936,42.77
"2025-11-12 02:15:00",646,12.93,"2025-11-12 02:12:30",5.609,5.884,271.6,427.8,1.067,12.36,0.935,42.77
"2025-11-12 02:30:00",647,12.93,"2025-11-12 02:16:50",5.428,5.881,271.6,427.8,1.101,12.35,0.935,42.76
"2025-11-12 02:45:00",648,12.92,"2025-11-12 02:44:50",5.259,5.875,271.5,427.8,1.089,12.35,0.934,42.75
"2025-11-12 03:00:00",649,12.92,"2025-11-12 02:45:30",5.012,5.868,271.5,427.8,1.087,12.35,0.934,42.74
"2025-11-12 03:15:00",650,12.91,"2025-11-12 03:11:00",4.779,5.859,271.4,427.8,1.08,12.33,0.933,42.72
"2025-11-12 03:30:00",651,12.91,"2025-11-12 03:29:00",4.6,5.851,271.3,427.8,1.099,12.33,0.933,42.71
"2025-11-12 03:45:00",652,12.9,"2025-11-12 03:42:40",4.46,5.841,271.2,427.8,1.084,12.33,0.932,42.69
"2025-11-12 04:00:00",653,12.9,"2025-11-12 03:58:40",4.396,5.835,271.2,427.8,1.091,12.31,0.932,42.68
"2025-11-12 04:15:00",654,12.89,"2025-11-12 04:01:00",4.264,5.827,271.2,427.8,1.111,12.31,0.932,42.67
"2025-11-12 04:30:00",655,12.89,"2025-11-12 04:29:00",4.099,5.819,271.1,427.9,1.205,12.3,0.931,42.65
"2025-11-12 04:45:00",656,12.88,"2025-11-12 04:40:40",3.96,5.81,271.1,427.9,1.164,12.31,0.931,42.64
"2025-11-12 05:00:00",657,12.87,"2025-11-12 04:59:00",3.718,5.804,271.1,428,1.368,12.28,0.931,42.62
"2025-11-12 05:15:00",658,12.86,"2025-11-12 05:14:50",3.56,5.796,271,428,1.413,12.28,0.931,42.61
"2025-11-12 05:30:00",659,12.86,"2025-11-12 05:28:50",3.47,5.786,271,428.1,1.305,12.29,0.93,42.59
"2025-11-12 05:45:00",660,12.85,"2025-11-12 05:37:00",3.386,5.776,271,428.2,1.46,12.28,0.93,42.57
"2025-11-12 06:00:00",661,12.85,"2025-11-12 05:46:10",3.357,5.767,271,428.3,1.269,12.25,0.93,42.56
"2025-11-12 06:15:00",662,12.84,"2025-11-12 06:13:00",3.367,5.759,270.9,428.4,1.119,12.26,0.929,42.55
"2025-11-12 06:30:00",663,12.83,"2025-11-12 06:23:00",3.455,5.75,270.9,428.5,1.055,12.26,0.929,42.53
"2025-11-12 06:45:00",664,12.83,"2025-11-12 06:38:50",3.576,5.741,271,428.6,1.137,12.25,0.929,42.51
"2025-11-12 07:00:00",665,12.82,"2025-11-12 06:56:40",3.497,5.731,271,428.8,1.093,12.22,0.929,42.49
"2025-11-12 07:15:00",666,12.81,"2025-11-12 07:11:00",3.267,5.717,270.9,428.9,1.059,12.23,0.928,42.47
"2025-11-12 07:30:00",667,12.8,"2025-11-12 07:25:00",3.089,5.703,270.9,429.1,1.039,12.24,0.929,42.45
"2025-11-12 07:45:00",668,12.8,"2025-11-12 07:35:00",3.073,5.693,270.9,429.2,1.048,12.22,0.928,42.43
"2025-11-12 08:00:00",669,12.81,"2025-11-12 07:46:30",3.25,5.686,270.9,429.3,1.041,12.22,0.928,42.41
"2025-11-12 08:15:00",670,12.83,"2025-11-12 08:00:50",3.702,5.683,270.9,429.4,1.037,12.26,0.927,42.41
"2025-11-12 08:30:00",671,12.85,"2025-11-12 08:16:40",4.212,5.683,271,429.4,1.035,12.28,0.926,42.41
"2025-11-12 08:45:00",672,12.87,"2025-11-12 08:30:50",4.751,5.682,271,429.5,1.028,12.29,0.926,42.41
"2025-11-12 09:00:00",673,12.9,"2025-11-12 08:49:00",5.315,5.684,271,429.5,1.025,12.33,0.926,42.42
"2025-11-12 09:15:00",674,12.93,"2025-11-12 09:01:00",5.903,5.691,271.1,429.5,1.023,12.38,0.926,42.43
"2025-11-12 09:30:00",675,12.99,"2025-11-12 09:16:40",6.476,5.699,271.1,429.4,1.019,12.43,0.925,42.44
"2025-11-12 09:45:00",676,13.04,"2025-11-12 09:30:30",7.107,5.717,271.2,429.4,1.005,12.47,0.925,42.48
"2025-11-12 10:00:00",677,13.1,"2025-11-12 09:46:40",7.637,5.748,271.4,429.2,1.017,12.53,0.925,42.53
"2025-11-12 10:15:00",678,13.14,"2025-11-12 10:01:00",8.28,5.795,271.6,428.9,1.001,12.59,0.924,42.61
"2025-11-12 10:30:00",679,13.19,"2025-11-12 10:19:00",8.86,5.857,271.9,428.6,0.998,12.62,0.925,42.72
"2025-11-12 10:45:00",680,13.22,"2025-11-12 10:30:30",9.41,5.934,272.3,428.2,0.992,12.65,0.924,42.86
"2025-11-12 11:00:00",681,13.25,"2025-11-12 10:46:40",10,6.023,272.7,427.8,1.092,12.68,0.924,43.01
"2025-11-12 11:15:00",682,13.27,"2025-11-12 11:00:20",10.63,6.128,273.3,427.3,1.343,12.71,0.924,43.2
"2025-11-12 11:30:00",683,13.27,"2025-11-12 11:16:50",11.44,6.262,274,426.7,1.424,12.74,0.922,43.44
"2025-11-12 11:45:00",684,13.32,"2025-11-12 11:30:30",12.24,6.426,274.9,426.1,1.029,12.75,0.922,43.73
"2025-11-12 12:00:00",685,13.34,"2025-11-12 11:47:00",13.17,"NAN","NAN","NAN","NAN","NAN",0.923,44.06
"2025-11-12 12:15:00",686,13.34,"2025-11-12 12:05:00",14.08,6.804,277,424.6,0.969,12.8,0.923,44.4
"2025-11-12 12:30:00",687,13.35,"2025-11-12 12:18:50",14.53,7,278.2,423.9,0.965,12.79,0.922,44.76
"2025-11-12 12:45:00",688,13.35,"2025-11-12 12:30:50",14.63,7.185,279.3,423.3,0.947,12.79,0.921,45.09
"2025-11-12 13:00:00",689,13.35,"2025-11-12 12:46:50",14.87,7.375,280.4,422.7,1.042,12.79,0.921,45.44
"2025-11-12 13:15:00",690,13.35,"2025-11-12 13:07:00",15.6,7.567,281.5,422,1.525,12.8,0.921,45.79
"2025-11-12 13:30:00",691,13.35,"2025-11-12 13:16:50",16.38,7.761,282.7,421.4,1.159,12.79,0.92,46.14
"2025-11-12 13:45:00",692,13.35,"2025-11-12 13:30:30",16.45,7.936,283.7,420.9,0.984,12.78,0.92,46.46
"2025-11-12 14:00:00",693,13.36,"2025-11-12 13:46:20",16.36,8.09,284.7,420.5,0.933,12.79,0.92,46.75
"2025-11-12 14:15:00",694,13.37,"2025-11-12 14:00:40",16.35,8.22,285.5,420.1,0.937,12.83,0.92,47
"2025-11-12 14:30:00",695,13.39,"2025-11-12 14:16:10",16.72,8.33,286.1,419.8,0.92,12.84,0.92,47.2
"2025-11-12 14:45:00",696,13.45,"2025-11-12 14:30:10",17.44,8.4,286.5,419.5,0.934,12.89,0.92,47.34
"2025-11-12 15:00:00",697,13.43,"2025-11-12 14:54:20",18.13,8.43,286.6,419.4,0.919,12.89,0.921,47.39
"2025-11-12 15:15:00",698,13.48,"2025-11-12 15:02:20",18.62,8.41,286.5,419.3,0.929,12.94,0.919,47.37
"2025-11-12 15:30:00",699,13.43,"2025-11-12 15:29:50",18.8,8.32,285.8,419.4,0.937,12.91,0.919,47.23
"2025-11-12 15:45:00",700,13.38,"2025-11-12 15:44:30",18.59,8.23,285.2,419.6,0.933,12.84,0.919,47.06
"2025-11-12 16:00:00",701,13.31,"2025-11-12 15:59:00",18.32,8.15,284.7,419.8,0.926,12.79,0.92,46.9
"2025-11-12 16:15:00",702,13.25,"2025-11-12 16:15:00",17.91,8.04,284,420.1,0.928,12.74,0.919,46.7
"2025-11-12 16:30:00",703,13.21,"2025-11-12 16:29:00",17.3,7.911,283.3,420.6,0.932,12.68,0.919,46.46
"2025-11-12 16:45:00",704,13.17,"2025-11-12 16:44:50",16.57,7.8,282.7,421,0.943,12.63,0.918,46.26
"2025-11-12 17:00:00",705,13.15,"2025-11-12 16:58:50",15.69,7.695,282.2,421.5,0.949,12.6,0.918,46.06
"2025-11-12 17:15:00",706,13.12,"2025-11-12 17:15:00",14.74,7.585,281.7,422,0.945,12.58,0.918,45.87
"2025-11-12 17:30:00",707,13.1,"2025-11-12 17:27:00",13.8,7.497,281.3,422.5,0.921,12.55,0.917,45.7
"2025-11-12 17:45:00",708,13.07,"2025-11-12 17:44:50",12.89,7.415,280.9,423,1.057,12.51,0.917,45.55
"2025-11-12 18:00:00",709,13.06,"2025-11-12 17:56:40",11.98,"NAN","NAN","NAN","NAN","NAN",0.917,45.42
"2025-11-12 18:15:00",710,13.05,"2025-11-12 18:13:00",11.1,7.292,280.4,423.8,0.959,12.49,0.917,45.32
"2025-11-12 18:30:00",711,13.04,"2025-11-12 18:29:00",10.27,7.24,280.3,424.2,1.123,12.48,0.916,45.22
"2025-11-12 18:45:00",712,13.02,"2025-11-12 18:45:00",9.51,7.199,280.2,424.6,1.15,12.45,0.916,45.14
"2025-11-12 19:00:00",713,13.02,"2025-11-12 18:56:50",8.81,7.166,280.2,424.9,1.151,12.44,0.916,45.08
"2025-11-12 19:15:00",714,13,"2025-11-12 19:15:00",8.19,7.141,280.2,425.2,1.198,12.44,0.916,45.03
"2025-11-12 19:30:00",715,12.99,"2025-11-12 19:28:40",7.632,7.122,280.2,425.5,1.142,12.43,0.916,45
"2025-11-12 19:45:00",716,12.98,"2025-11-12 19:41:00",7.134,7.107,280.3,425.8,1.119,12.4,0.915,44.97
"2025-11-12 20:00:00",717,12.97,"2025-11-12 19:59:00",6.669,7.095,280.3,426,1.092,12.39,0.915,44.94
"2025-11-12 20:15:00",718,12.96,"2025-11-12 20:02:20",6.24,7.084,280.3,426.1,1.102,12.4,0.914,44.92
"2025-11-12 20:30:00",719,12.95,"2025-11-12 20:27:00",5.836,7.074,280.3,426.3,0.974,12.38,0.914,44.9
"2025-11-12 20:45:00",720,12.94,"2025-11-12 20:42:50",5.446,7.061,280.4,426.5,0.964,12.36,0.913,44.88
"2025-11-12 21:00:00",721,12.93,"2025-11-12 20:53:00",5.081,7.046,280.3,426.7,0.959,12.35,0.913,44.85
"2025-11-12 21:15:00",722,12.92,"2025-11-12 21:09:00",4.748,7.029,280.3,426.8,1.036,12.36,0.912,44.82
"2025-11-12 21:30:00",723,12.91,"2025-11-12 21:24:50",4.439,7.007,280.3,427.1,1.545,12.34,0.912,44.78
"2025-11-12 21:45:00",724,12.9,"2025-11-12 21:45:00",4.138,6.982,280.3,427.3,1.14,12.32,0.911,44.74
"2025-11-12 22:00:00",725,12.9,"2025-11-12 21:56:50",3.846,6.954,280.2,427.6,1.017,12.31,0.911,44.69
"2025-11-12 22:15:00",726,12.89,"2025-11-12 22:02:20",3.575,6.925,280.1,427.8,0.973,12.32,0.91,44.64
"2025-11-12 22:30:00",727,12.88,"2025-11-12 22:17:00",3.328,6.897,280.1,428.1,1.007,12.31,0.909,44.58
"2025-11-12 22:45:00",728,12.87,"2025-11-12 22:43:00",3.105,6.868,280,428.4,1.092,12.28,0.909,44.53
"2025-11-12 23:00:00",729,12.86,"2025-11-12 22:47:00",2.899,6.841,279.9,428.6,1.029,12.28,0.908,44.48
"2025-11-12 23:15:00",730,12.85,"2025-11-12 23:12:50",2.697,6.817,279.9,428.9,0.984,12.28,0.908,44.44
"2025-11-12 23:30:00",731,12.85,"2025-11-12 23:23:00",2.5,6.796,279.9,429.1,0.997,12.27,0.908,44.4
"2025-11-12 23:45:00",732,12.84,"2025-11-12 23:42:30",2.312,6.776,279.9,429.3,1.039,12.25,0.907,44.36
"2025-11-13 00:00:00",733,12.83,"2025-11-12 23:59:00",2.125,6.758,279.8,429.5,0.997,12.25,0.907,44.33
"2025-11-13 00:15:00",734,12.83,"2025-11-13 00:02:50",1.955,6.742,279.8,429.6,1.537,12.25,0.906,44.3
"2025-11-13 00:30:00",735,12.81,"2025-11-13 00:28:50",1.795,6.725,279.8,429.8,1.032,12.24,0.905,44.27
"2025-11-13 00:45:00",736,12.8,"2025-11-13 00:43:00",1.626,6.712,279.8,430,1.003,12.22,0.905,44.24
"2025-11-13 01:00:00",737,12.8,"2025-11-13 00:46:40",1.458,6.7,279.7,430.1,0.969,12.21,0.904,44.22
"2025-11-13 01:15:00",738,12.79,"2025-11-13 01:10:50",1.286,6.688,279.7,430.2,1.081,12.22,0.903,44.2
"2025-11-13 01:30:00",739,12.79,"2025-11-13 01:25:00",1.132,6.676,279.7,430.3,1.035,12.21,0.903,44.18
"2025-11-13 01:45:00",740,12.78,"2025-11-13 01:34:40",0.982,6.663,279.6,430.4,0.983,12.19,0.903,44.15
"2025-11-13 02:00:00",741,12.76,"2025-11-13 01:57:00",0.842,6.651,279.6,430.5,0.971,12.18,0.903,44.13
"2025-11-13 02:15:00",742,12.76,"2025-11-13 02:12:50",0.706,6.637,279.5,430.6,0.962,12.2,0.902,44.11
"2025-11-13 02:30:00",743,12.76,"2025-11-13 02:23:00",0.569,6.625,279.5,430.6,0.957,12.19,0.902,44.08
"2025-11-13 02:45:00",744,12.75,"2025-11-13 02:35:00",0.438,6.612,279.4,430.7,0.967,12.16,0.902,44.06
"2025-11-13 03:00:00",745,12.75,"2025-11-13 02:49:00",0.306,"NAN","NAN","NAN","NAN","NAN",0.901,44.03
"2025-11-13 03:15:00",746,12.74,"2025-11-13 03:07:00",0.192,"NAN","NAN","NAN","NAN","NAN",0.9,44
"2025-11-13 03:30:00",747,12.74,"2025-11-13 03:19:00",0.076,6.565,279.1,430.8,1.251,12.15,0.9,43.98
"2025-11-13 03:45:00",748,12.73,"2025-11-13 03:43:00",-0.037,6.549,279,430.9,1.078,12.14,0.9,43.95
"2025-11-13 04:00:00",749,12.73,"2025-11-13 03:47:00",-0.153,6.534,278.9,430.9,1.477,12.15,0.899,43.92
"2025-11-13 04:15:00",750,12.72,"2025-11-13 04:02:50",-0.273,6.516,278.8,431,1.234,12.15,0.898,43.88
"2025-11-13 04:30:00",751,12.71,"2025-11-13 04:19:00",-0.397,6.498,278.7,431,1.21,12.14,0.898,43.85
"2025-11-13 04:45:00",752,12.71,"2025-11-13 04:45:00",-0.505,6.481,278.6,431.1,1.053,12.13,0.898,43.82
"2025-11-13 05:00:00",753,12.7,"2025-11-13 04:50:50",-0.593,6.463,278.5,431.2,0.982,12.14,0.898,43.79
"2025-11-13 05:15:00",754,12.7,"2025-11-13 05:15:00",-0.675,6.445,278.4,431.2,0.957,12.14,0.897,43.76
"2025-11-13 05:30:00",755,12.69,"2025-11-13 05:29:00",-0.712,6.427,278.3,431.3,0.954,12.13,0.897,43.73
"2025-11-13 05:45:00",756,12.69,"2025-11-13 05:38:40",-0.729,6.408,278.2,431.4,0.954,12.13,0.897,43.69
"2025-11-13 06:00:00",757,12.69,"2025-11-13 05:49:00",-0.697,"NAN","NAN","NAN","NAN","NAN",0.896,43.67
"2025-11-13 06:15:00",758,12.68,"2025-11-13 06:01:00",-0.733,6.371,278.1,431.7,1.24,12.12,0.896,43.63
"2025-11-13 06:30:00",759,12.68,"2025-11-13 06:29:00",-0.826,6.347,278,431.8,1.467,12.12,0.896,43.58
"2025-11-13 06:45:00",760,12.67,"2025-11-13 06:39:00",-0.915,6.32,277.8,431.9,1.241,12.12,0.895,43.54
"2025-11-13 07:00:00",761,12.67,"2025-11-13 06:47:00",-0.991,6.294,277.7,432.1,1.003,12.12,0.895,43.49
"2025-11-13 07:15:00",762,12.67,"2025-11-13 07:00:40",-1.077,6.263,277.6,432.3,0.979,12.12,0.894,43.44
"2025-11-13 07:30:00",763,12.65,"2025-11-13 07:27:00",-1.177,6.233,277.4,432.4,1.175,12.12,0.893,43.38
"2025-11-13 07:45:00",764,12.67,"2025-11-13 07:33:00",-1.243,6.201,277.3,432.6,1.504,12.12,0.892,43.33
"2025-11-13 08:00:00",765,12.69,"2025-11-13 07:46:50",-1.245,"NAN","NAN","NAN","NAN","NAN",0.892,43.28
"2025-11-13 08:15:00",766,12.74,"2025-11-13 08:03:00",-1.232,6.149,277,432.8,1.013,12.13,0.891,43.24
"2025-11-13 08:30:00",767,12.77,"2025-11-13 08:17:00",-1.152,6.126,276.8,432.9,0.951,12.17,0.89,43.2
"2025-11-13 08:45:00",768,12.85,"2025-11-13 08:30:40",-0.955,6.11,276.7,432.9,0.947,12.25,0.889,43.17
"2025-11-13 09:00:00",769,12.92,"2025-11-13 08:47:00",-0.656,6.099,276.6,432.8,0.93,12.3,0.888,43.15
"2025-11-13 09:15:00",770,13,"2025-11-13 09:01:00",-0.347,6.094,276.5,432.7,0.933,12.42,0.887,43.15
"2025-11-13 09:30:00",771,13.18,"2025-11-13 09:17:00",0.061,6.103,276.4,432.6,0.916,12.61,0.884,43.16
"2025-11-13 09:45:00",772,13.37,"2025-11-13 09:30:10",0.757,6.125,276.4,432.3,0.926,12.77,0.884,43.21
"2025-11-13 10:00:00",773,13.48,"2025-11-13 09:46:40",1.581,6.158,276.5,431.9,0.927,12.89,0.882,43.27
"2025-11-13 10:15:00",774,13.55,"2025-11-13 10:06:50",2.509,6.204,276.6,431.4,0.914,12.95,0.881,43.35
"2025-11-13 10:30:00",775,13.62,"2025-11-13 10:16:30",3.497,6.264,276.7,430.9,0.911,13,0.88,43.46
"2025-11-13 10:45:00",776,13.64,"2025-11-13 10:45:00",4.63,6.343,277,430.4,0.898,13.04,0.879,43.6
"2025-11-13 11:00:00",777,13.55,"2025-11-13 10:59:00",5.916,6.432,277.3,429.7,0.893,13,0.877,43.76
"2025-11-13 11:15:00",778,13.51,"2025-11-13 11:07:00",7.221,6.52,277.7,429.1,0.888,12.93,0.876,43.92
"2025-11-13 11:30:00",779,13.48,"2025-11-13 11:28:50",8.53,6.612,278,428.5,0.889,12.89,0.875,44.08
"2025-11-13 11:45:00",780,13.49,"2025-11-13 11:33:00",9.77,6.718,278.5,428,0.881,12.9,0.874,44.26
"2025-11-13 12:00:00",781,13.52,"2025-11-13 11:47:00",11.23,6.854,279.2,427.4,0.887,12.93,0.873,44.5
"2025-11-13 12:15:00",782,13.48,"2025-11-13 12:04:40",12.35,6.997,280,426.7,0.887,12.9,0.873,44.76
"2025-11-13 12:30:00",783,13.52,"2025-11-13 12:22:10",12.93,7.116,280.6,426.1,1.118,12.92,0.872,44.98
"2025-11-13 12:45:00",784,13.5,"2025-11-13 12:37:00",13.53,7.279,281.5,425.5,2.093,12.93,0.873,45.27
"2025-11-13 13:00:00",785,13.43,"2025-11-13 12:59:00",13.99,7.426,282.2,424.8,2.685,12.91,0.871,45.54
"2025-11-13 13:15:00",786,13.42,"2025-11-13 13:14:50",14.28,7.521,282.7,424.3,2.251,12.83,0.87,45.72
"2025-11-13 13:30:00",787,13.39,"2025-11-13 13:17:00",14.8,7.63,283.2,423.8,1.761,12.81,0.87,45.91
"2025-11-13 13:45:00",788,13.39,"2025-11-13 13:38:40",14.97,"NAN","NAN","NAN","NAN","NAN",0.871,46.13
"2025-11-13 14:00:00",789,13.42,"2025-11-13 13:46:40",15.06,7.883,284.6,422.8,0.903,12.85,0.871,46.38
"2025-11-13 14:15:00",790,13.43,"2025-11-13 14:04:30",15.28,8,285.2,422.3,0.905,12.87,0.87,46.59
"2025-11-13 14:30:00",791,13.48,"2025-11-13 14:16:40",15.48,8.04,285.3,422,0.874,12.9,0.869,46.68
"2025-11-13 14:45:00",792,13.61,"2025-11-13 14:45:00",16.18,8.13,285.8,421.7,0.863,13.03,0.869,46.87
"2025-11-13 15:00:00",793,13.55,"2025-11-13 14:52:30",17.38,8.23,286.5,421.4,0.851,12.98,0.87,47.07
"2025-11-13 15:15:00",794,13.53,"2025-11-13 15:10:40",18.22,"NAN","NAN","NAN","NAN","NAN",0.869,47.17
"2025-11-13 15:30:00",795,13.5,"2025-11-13 15:23:00",18.59,8.25,286.3,421,0.851,12.93,0.87,47.12
"2025-11-13 15:45:00",796,13.43,"2025-11-13 15:44:40",18.42,8.19,285.8,420.9,0.868,12.87,0.871,47.01
"2025-11-13 16:00:00",797,13.34,"2025-11-13 15:59:00",18.08,8.12,285.2,420.9,0.864,12.81,0.871,46.87
"2025-11-13 16:15:00",798,13.28,"2025-11-13 16:15:00",17.51,8.02,284.5,421,0.863,12.72,0.871,46.7
"2025-11-13 16:30:00",799,13.23,"2025-11-13 16:29:00",16.53,7.907,283.8,421.4,0.852,12.66,0.871,46.48
"2025-11-13 16:45:00",800,13.2,"2025-11-13 16:45:00",15.37,7.803,283.2,421.7,0.861,12.62,0.871,46.28
"2025-11-13 17:00:00",801,13.18,"2025-11-13 16:58:50",14.22,7.705,282.7,422.2,0.859,12.59,0.872,46.1
"2025-11-13 17:15:00",802,13.15,"2025-11-13 17:15:00",13.15,7.608,282.2,422.6,0.88,12.56,0.873,45.92
"2025-11-13 17:30:00",803,13.13,"2025-11-13 17:28:40",12.18,7.515,281.8,423.1,0.897,12.54,0.872,45.76
"2025-11-13 17:45:00",804,13.11,"2025-11-13 17:43:00",11.31,7.437,281.4,423.5,0.852,12.51,0.873,45.6
"2025-11-13 18:00:00",805,13.1,"2025-11-13 17:58:50",10.48,7.363,281.1,423.9,0.871,12.5,0.873,45.46
"2025-11-13 18:15:00",806,13.09,"2025-11-13 18:14:20",9.68,7.298,280.8,424.3,0.874,12.48,0.874,45.34
"2025-11-13 18:30:00",807,13.08,"2025-11-13 18:25:00",8.95,7.242,280.6,424.6,0.873,12.47,0.875,45.24
"2025-11-13 18:45:00",808,13.07,"2025-11-13 18:39:00",8.29,7.193,280.4,424.9,1.387,12.45,0.874,45.14
"2025-11-13 19:00:00",809,13.06,"2025-11-13 18:53:00",7.687,7.149,280.3,425.3,1.865,12.44,0.874,45.06
"2025-11-13 19:15:00",810,13.04,"2025-11-13 19:07:00",7.147,7.107,280.1,425.6,1.142,12.43,0.874,44.98
"2025-11-13 19:30:00",811,13.03,"2025-11-13 19:27:00",6.649,7.073,280.1,425.9,0.979,12.42,0.875,44.92
"2025-11-13 19:45:00",812,13.02,"2025-11-13 19:41:00",6.202,7.042,280,426.2,1.041,12.41,0.875,44.86
"2025-11-13 20:00:00",813,13.01,"2025-11-13 19:59:00",5.797,7.013,279.9,426.4,1.063,12.4,0.875,44.8
"2025-11-13 20:15:00",814,13.01,"2025-11-13 20:14:40",5.416,6.989,279.8,426.6,0.939,12.39,0.875,44.76
"2025-11-13 20:30:00",815,13,"2025-11-13 20:21:00",5.068,6.966,279.7,426.7,1.09,12.38,0.875,44.71
"2025-11-13 20:45:00",816,12.98,"2025-11-13 20:45:00",4.753,6.944,279.7,426.9,1.25,12.37,0.875,44.67
"2025-11-13 21:00:00",817,12.98,"2025-11-13 20:58:50",4.456,6.922,279.6,427,0.902,12.36,0.876,44.63
"2025-11-13 21:15:00",818,12.97,"2025-11-13 21:13:00",4.173,"NAN","NAN","NAN","NAN","NAN",0.876,44.59
"2025-11-13 21:30:00",819,12.97,"2025-11-13 21:23:00",3.907,6.878,279.4,427.3,0.891,12.35,0.876,44.55
"2025-11-13 21:45:00",820,12.96,"2025-11-13 21:39:00",3.665,6.852,279.3,427.5,0.88,12.34,0.876,44.51
"2025-11-13 22:00:00",821,12.95,"2025-11-13 21:56:50",3.447,6.825,279.2,427.7,0.884,12.33,0.876,44.46
"2025-11-13 22:15:00",822,12.95,"2025-11-13 22:07:00",3.238,6.794,279.1,427.9,0.885,12.32,0.876,44.4
"2025-11-13 22:30:00",823,12.94,"2025-11-13 22:29:00",3.038,6.763,279,428.1,1.053,12.32,0.876,44.35
"2025-11-13 22:45:00",824,12.93,"2025-11-13 22:42:50",2.842,6.73,278.8,428.3,0.942,12.31,0.876,44.29
"2025-11-13 23:00:00",825,12.92,"2025-11-13 22:51:00",2.644,6.697,278.7,428.6,0.91,12.31,0.876,44.23
"2025-11-13 23:15:00",826,12.91,"2025-11-13 23:15:00",2.462,6.665,278.6,428.8,0.916,12.3,0.876,44.17
"2025-11-13 23:30:00",827,12.91,"2025-11-13 23:17:00",2.284,6.633,278.5,429,0.913,12.29,0.876,44.12
"2025-11-13 23:45:00",828,12.9,"2025-11-13 23:43:00",2.108,6.604,278.4,429.2,0.911,12.28,0.876,44.06
"2025-11-14 00:00:00",829,12.9,"2025-11-13 23:53:00",1.935,6.576,278.3,429.4,0.913,12.28,0.876,44.01
"2025-11-14 00:15:00",830,12.89,"2025-11-14 00:05:00",1.771,6.55,278.2,429.6,0.98,12.27,0.876,43.96
"2025-11-14 00:30:00",831,12.88,"2025-11-14 00:20:50",1.614,6.528,278.1,429.7,0.949,12.26,0.875,43.92
"2025-11-14 00:45:00",832,12.88,"2025-11-14 00:44:50",1.473,6.508,278,429.9,0.93,12.26,0.876,43.88
"2025-11-14 01:00:00",833,12.87,"2025-11-14 00:52:50",1.32,6.489,278,430,0.906,12.25,0.876,43.85
"2025-11-14 01:15:00",834,12.86,"2025-11-14 01:08:50",1.187,6.472,277.9,430.1,0.931,12.24,0.876,43.82
"2025-11-14 01:30:00",835,12.86,"2025-11-14 01:16:50",1.059,6.456,277.8,430.2,0.949,12.23,0.876,43.79
"2025-11-14 01:45:00",836,12.85,"2025-11-14 01:45:00",0.938,6.443,277.7,430.2,0.913,12.23,0.876,43.76
"2025-11-14 02:00:00",837,12.85,"2025-11-14 01:46:50",0.833,6.429,277.7,430.3,0.927,12.22,0.876,43.74
"2025-11-14 02:15:00",838,12.84,"2025-11-14 02:02:20",0.736,6.417,277.6,430.3,0.944,12.22,0.875,43.72
"2025-11-14 02:30:00",839,12.84,"2025-11-14 02:24:50",0.642,6.405,277.5,430.4,0.909,12.21,0.875,43.69
"2025-11-14 02:45:00",840,12.83,"2025-11-14 02:37:00",0.546,6.393,277.4,430.4,0.948,12.21,0.876,43.67
"2025-11-14 03:00:00",841,12.82,"2025-11-14 02:53:00",0.453,6.382,277.4,430.4,1.035,12.19,0.875,43.65
"2025-11-14 03:15:00",842,12.81,"2025-11-14 03:15:00",0.365,6.371,277.3,430.5,1.151,12.19,0.875,43.63
"2025-11-14 03:30:00",843,12.8,"2025-11-14 03:25:00",0.298,6.358,277.2,430.5,1.035,12.18,0.875,43.61
"2025-11-14 03:45:00",844,12.8,"2025-11-14 03:38:50",0.224,6.348,277.1,430.5,0.965,12.18,0.875,43.59
"2025-11-14 04:00:00",845,12.79,"2025-11-14 03:47:00",0.133,6.338,277.1,430.5,0.952,12.17,0.874,43.57
"2025-11-14 04:15:00",846,12.78,"2025-11-14 04:02:20",0.069,6.325,277,430.6,0.948,12.16,0.875,43.55
"2025-11-14 04:30:00",847,12.78,"2025-11-14 04:23:00",-0.006,6.313,276.9,430.6,0.943,12.15,0.874,43.53
"2025-11-14 04:45:00",848,12.76,"2025-11-14 04:45:00",-0.065,6.301,276.8,430.6,0.977,12.14,0.875,43.5
"2025-11-14 05:00:00",849,12.76,"2025-11-14 04:46:20",-0.124,6.286,276.8,430.7,0.987,12.18,0.875,43.48
"2025-11-14 05:15:00",850,12.75,"2025-11-14 05:07:00",-0.178,6.275,276.7,430.7,0.971,12.2,0.875,43.46
"2025-11-14 05:30:00",851,12.75,"2025-11-14 05:19:00",-0.235,6.263,276.6,430.8,0.94,12.19,0.875,43.43
"2025-11-14 05:45:00",852,12.74,"2025-11-14 05:31:00",-0.292,6.246,276.6,430.9,0.946,12.18,0.875,43.41
"2025-11-14 06:00:00",853,12.73,"2025-11-14 05:53:00",-0.29,6.229,276.5,431,0.966,12.17,0.875,43.37
"2025-11-14 06:15:00",854,12.72,"2025-11-14 06:15:00",-0.318,6.211,276.4,431.1,0.96,12.17,0.875,43.34
"2025-11-14 06:30:00",855,12.71,"2025-11-14 06:25:00",-0.366,6.195,276.3,431.2,1.088,12.16,0.874,43.31
"2025-11-14 06:45:00",856,12.71,"2025-11-14 06:43:00",-0.421,6.179,276.3,431.4,1.005,12.15,0.874,43.28
"2025-11-14 07:00:00",857,12.7,"2025-11-14 06:50:50",-0.467,6.161,276.2,431.5,0.995,12.14,0.874,43.25
"2025-11-14 07:15:00",858,12.7,"2025-11-14 07:09:00",-0.497,6.143,276.2,431.7,1.325,12.14,0.874,43.22
"2025-11-14 07:30:00",859,12.69,"2025-11-14 07:19:00",-0.5,6.12,276.1,431.8,1.04,12.13,0.874,43.18
"2025-11-14 07:45:00",860,12.7,"2025-11-14 07:30:40",-0.499,6.1,276.1,432,0.949,12.14,0.873,43.15
"2025-11-14 08:00:00",861,12.71,"2025-11-14 07:46:50",-0.421,6.09,276.1,432.2,0.908,12.16,0.874,43.13
"2025-11-14 08:15:00",862,12.73,"2025-11-14 08:01:00",-0.235,6.079,276,432.3,0.914,12.18,0.874,43.11
"2025-11-14 08:30:00",863,12.74,"2025-11-14 08:16:50",-0.076,6.064,276,432.3,0.906,12.2,0.874,43.09
"2025-11-14 08:45:00",864,12.8,"2025-11-14 08:30:50",0.17,6.057,276,432.4,0.903,12.28,0.873,43.08
"2025-11-14 09:00:00",865,12.89,"2025-11-14 08:46:30",0.618,6.06,276,432.5,0.911,12.31,0.873,43.09
"2025-11-14 09:15:00",866,12.95,"2025-11-14 09:02:20",1.23,6.069,276.1,432.4,0.913,12.37,0.873,43.1
"2025-11-14 09:30:00",867,13.12,"2025-11-14 09:16:10",1.929,6.089,276.2,432.3,0.921,12.57,0.872,43.14
"2025-11-14 09:45:00",868,13.29,"2025-11-14 09:31:00",3.09,6.128,276.4,432.1,0.91,12.7,0.872,43.22
"2025-11-14 10:00:00",869,13.37,"2025-11-14 09:54:30",4.376,6.183,276.6,431.8,0.901,12.8,0.871,43.32
"2025-11-14 10:15:00",870,13.29,"2025-11-14 10:11:00",6.116,6.258,276.9,431.3,0.917,12.79,0.871,43.45
"2025-11-14 10:30:00",871,13.34,"2025-11-14 10:16:10",8.29,6.331,277.2,430.9,0.911,12.74,0.871,43.58
"2025-11-14 10:45:00",872,13.37,"2025-11-14 10:30:40",10.21,6.42,277.7,430.4,0.913,12.8,0.871,43.74
"2025-11-14 11:00:00",873,13.37,"2025-11-14 10:57:00",11.99,6.524,278.2,430,0.911,12.79,0.87,43.92
"2025-11-14 11:15:00",874,13.38,"2025-11-14 11:00:30",13.42,6.631,278.8,429.5,0.906,12.81,0.871,44.12
"2025-11-14 11:30:00",875,13.42,"2025-11-14 11:19:00",14.74,6.771,279.6,428.9,0.91,12.87,0.871,44.36
"2025-11-14 11:45:00",876,13.45,"2025-11-14 11:30:10",15.94,6.93,280.5,428.3,0.895,12.89,0.87,44.64
"2025-11-14 12:00:00",877,13.44,"2025-11-14 11:58:30",17.16,7.119,281.5,427.6,0.889,12.91,0.871,44.98
"2025-11-14 12:15:00",878,13.43,"2025-11-14 12:04:20",17.97,7.291,282.5,426.9,0.898,12.85,0.87,45.29
"2025-11-14 12:30:00",879,13.46,"2025-11-14 12:28:50",18.43,7.444,283.3,426.2,0.883,12.9,0.869,45.57
"2025-11-14 12:45:00",880,13.43,"2025-11-14 12:45:00",18.95,7.604,284.2,425.6,2.158,12.86,0.87,45.86
"2025-11-14 13:00:00",881,13.43,"2025-11-14 12:48:40",19.51,7.795,285.3,425,2.077,12.89,0.869,46.2
"2025-11-14 13:15:00",882,13.45,"2025-11-14 13:00:10",20.2,7.978,286.4,424.4,1.828,12.91,0.87,46.54
"2025-11-14 13:30:00",883,13.44,"2025-11-14 13:28:50",20.78,8.14,287.3,423.9,1.247,12.9,0.87,46.83
"2025-11-14 13:45:00",884,13.44,"2025-11-14 13:38:50",21.01,8.25,287.9,423.3,0.899,12.9,0.868,47.06
"2025-11-14 14:00:00",885,13.39,"2025-11-14 13:49:00",21.23,"NAN","NAN","NAN","NAN","NAN",0.868,47.25
"2025-11-14 14:15:00",886,13.43,"2025-11-14 14:08:40",21.61,"NAN","NAN","NAN","NAN","NAN",0.869,47.53
"2025-11-14 14:30:00",887,13.4,"2025-11-14 14:28:50",22.25,8.7,290.6,422,0.827,12.89,0.869,47.87
"2025-11-14 14:45:00",888,13.4,"2025-11-14 14:35:00",22.8,8.85,291.4,421.4,0.811,12.91,0.868,48.14
"2025-11-14 15:00:00",889,13.4,"2025-11-14 14:50:30",23.22,8.98,292.1,421,0.793,12.94,0.867,48.4
"2025-11-14 15:15:00",890,13.45,"2025-11-14 15:13:00",23.68,9.07,292.6,420.5,0.878,12.94,0.868,48.58
"2025-11-14 15:30:00",891,13.45,"2025-11-14 15:27:00",23.99,9.1,292.6,420.3,0.885,12.89,0.868,48.65
"2025-11-14 15:45:00",892,13.4,"2025-11-14 15:45:00",23.93,9.08,292.4,420.1,0.87,12.87,0.869,48.62
"2025-11-14 16:00:00",893,13.36,"2025-11-14 15:48:50",23.79,9.02,291.9,420.2,0.846,12.84,0.868,48.51
"2025-11-14 16:15:00",894,13.35,"2025-11-14 16:05:00",23.55,8.97,291.6,420.3,0.869,12.8,0.868,48.4
"2025-11-14 16:30:00",895,13.32,"2025-11-14 16:28:40",23.23,8.9,291.2,420.5,0.811,12.79,0.867,48.3
"2025-11-14 16:45:00",896,13.25,"2025-11-14 16:44:40",22.85,8.85,291,420.7,0.826,12.74,0.868,48.18
"2025-11-14 17:00:00",897,13.21,"2025-11-14 16:59:00",22.17,8.77,290.5,421.1,0.817,12.67,0.868,48.01
"2025-11-14 17:15:00",898,13.17,"2025-11-14 17:14:40",21.23,8.67,290,421.5,0.82,12.61,0.867,47.84
"2025-11-14 17:30:00",899,13.14,"2025-11-14 17:27:00",20.36,8.59,289.6,421.8,0.82,12.59,0.867,47.69
"2025-11-14 17:45:00",900,13.12,"2025-11-14 17:44:50",19.4,8.51,289.3,422.2,0.821,12.57,0.867,47.56
"2025-11-14 18:00:00",901,13.11,"2025-11-14 17:58:40",18.38,8.44,288.9,422.5,0.827,12.55,0.867,47.42
"2025-11-14 18:15:00",902,13.09,"2025-11-14 18:10:50",17.42,8.37,288.6,422.9,0.847,12.52,0.867,47.28
"2025-11-14 18:30:00",903,13.08,"2025-11-14 18:22:40",16.52,8.31,288.3,423.3,0.919,12.51,0.866,47.16
"2025-11-14 18:45:00",904,13.07,"2025-11-14 18:40:30",15.69,8.25,288.2,423.7,1.033,12.51,0.866,47.06
"2025-11-14 19:00:00",905,13.06,"2025-11-14 18:56:40",14.93,8.2,288.1,424.1,0.969,12.49,0.866,46.97
"2025-11-14 19:15:00",906,13.05,"2025-11-14 19:02:10",14.25,8.16,288,424.5,0.899,12.46,0.866,46.89
"2025-11-14 19:30:00",907,13.04,"2025-11-14 19:27:00",13.61,8.12,287.9,424.8,0.885,12.47,0.865,46.82
"2025-11-14 19:45:00",908,13.04,"2025-11-14 19:41:00",13.08,8.09,287.9,425.2,0.873,12.47,0.866,46.76
"2025-11-14 20:00:00",909,13.03,"2025-11-14 19:58:40",12.59,8.06,287.8,425.4,0.859,12.46,0.865,46.7
"2025-11-14 20:15:00",910,13.02,"2025-11-14 20:09:00",12.13,8.04,287.8,425.6,1.696,12.43,0.865,46.66
"2025-11-14 20:30:00",911,13.01,"2025-11-14 20:27:00",11.72,8.02,287.7,425.8,0.917,12.43,0.865,46.62
"2025-11-14 20:45:00",912,13,"2025-11-14 20:45:00",11.36,8,287.7,426,1.012,12.43,0.864,46.59
"2025-11-14 21:00:00",913,13,"2025-11-14 20:56:30",11.01,7.994,287.7,426.1,0.983,12.42,0.864,46.57
"2025-11-14 21:15:00",914,12.99,"2025-11-14 21:10:40",10.7,7.987,287.8,426.3,0.87,12.4,0.864,46.56
"2025-11-14 21:30:00",915,12.98,"2025-11-14 21:29:00",10.43,7.98,287.8,426.4,0.859,12.4,0.864,46.54
"2025-11-14 21:45:00",916,12.98,"2025-11-14 21:44:40",10.17,7.972,287.8,426.6,0.831,12.4,0.863,46.53
"2025-11-14 22:00:00",917,12.97,"2025-11-14 21:55:00",9.93,7.964,287.9,426.7,0.85,12.39,0.863,46.51
"2025-11-14 22:15:00",918,12.97,"2025-11-14 22:08:50",9.73,7.956,287.9,426.9,0.849,12.37,0.863,46.5
"2025-11-14 22:30:00",919,12.96,"2025-11-14 22:19:00",9.49,7.945,287.9,427.1,0.85,12.37,0.863,46.48
"2025-11-14 22:45:00",920,12.96,"2025-11-14 22:30:50",9.27,7.932,288,427.2,1.809,12.37,0.863,46.45
"2025-11-14 23:00:00",921,12.94,"2025-11-14 22:59:00",9.07,7.919,288,427.4,1.008,12.37,0.862,46.43
"2025-11-14 23:15:00",922,12.94,"2025-11-14 23:15:00",8.88,7.904,288,427.6,0.855,12.34,0.862,46.4
"2025-11-14 23:30:00",923,12.93,"2025-11-14 23:27:00",8.69,7.891,288,427.9,0.838,12.35,0.862,46.38
"2025-11-14 23:45:00",924,12.93,"2025-11-14 23:43:00",8.54,7.879,288.1,428.1,0.836,12.35,0.862,46.36
"2025-11-15 00:00:00",925,12.92,"2025-11-14 23:48:50",8.39,7.867,288.1,428.3,0.847,12.34,0.862,46.33
"2025-11-15 00:15:00",926,12.92,"2025-11-15 00:11:00",8.26,7.856,288.2,428.5,0.857,12.32,0.861,46.32
"2025-11-15 00:30:00",927,12.91,"2025-11-15 00:27:00",8.29,7.86,288.3,428.7,0.878,12.33,0.862,46.32
"2025-11-15 00:45:00",928,12.91,"2025-11-15 00:30:50",8.4,7.868,288.5,428.8,0.863,12.33,0.861,46.34
"2025-11-15 01:00:00",929,12.91,"2025-11-15 00:47:00",8.46,7.871,288.6,429,0.856,12.33,0.861,46.34
"2025-11-15 01:15:00",930,12.9,"2025-11-15 01:02:40",8.48,7.874,288.8,429.1,0.849,12.3,0.861,46.35
"2025-11-15 01:30:00",931,12.89,"2025-11-15 01:29:00",8.51,7.88,288.9,429.2,0.853,12.3,0.861,46.35
"2025-11-15 01:45:00",932,12.89,"2025-11-15 01:30:50",8.48,7.884,289,429.3,0.849,12.31,0.861,46.36
"2025-11-15 02:00:00",933,12.88,"2025-11-15 01:59:00",8.53,7.898,289.1,429.4,0.953,12.3,0.861,46.38
"2025-11-15 02:15:00",934,12.88,"2025-11-15 02:13:00",8.72,7.922,289.4,429.5,0.877,12.28,0.861,46.43
"2025-11-15 02:30:00",935,12.88,"2025-11-15 02:17:00",8.87,7.942,289.6,429.5,1.669,12.29,0.861,46.46
"2025-11-15 02:45:00",936,12.87,"2025-11-15 02:44:40",8.97,7.958,289.7,429.6,0.907,12.29,0.861,46.49
"2025-11-15 03:00:00",937,12.87,"2025-11-15 02:48:50",9.03,7.97,289.9,429.6,0.875,12.29,0.861,46.51
"2025-11-15 03:15:00",938,12.86,"2025-11-15 03:14:40",9.03,7.983,290,429.6,0.865,12.26,0.861,46.53
"2025-11-15 03:30:00",939,12.86,"2025-11-15 03:21:00",9.01,7.997,290.1,429.6,0.851,12.27,0.861,46.56
"2025-11-15 03:45:00",940,12.85,"2025-11-15 03:43:00",9.04,8.02,290.2,429.6,0.86,12.28,0.861,46.59
"2025-11-15 04:00:00",941,12.85,"2025-11-15 03:57:00",9.18,8.04,290.5,429.6,0.992,12.27,0.861,46.63
"2025-11-15 04:15:00",942,12.84,"2025-11-15 04:10:30",9.36,8.07,290.7,429.6,1.077,12.25,0.861,46.68
"2025-11-15 04:30:00",943,12.84,"2025-11-15 04:29:00",9.66,8.1,290.9,429.6,0.943,12.25,0.861,46.73
"2025-11-15 04:45:00",944,12.83,"2025-11-15 04:45:00",10.05,8.13,291.2,429.6,0.886,12.26,0.861,46.8
"2025-11-15 05:00:00",945,12.83,"2025-11-15 04:48:30",10.53,8.17,291.5,429.6,0.911,12.25,0.861,46.87
"2025-11-15 05:15:00",946,12.83,"2025-11-15 05:08:50",11.12,8.21,291.9,429.6,0.879,12.23,0.86,46.94
"2025-11-15 05:30:00",947,12.82,"2025-11-15 05:25:00",11.98,8.26,292.3,429.7,0.855,12.24,0.861,47.02
"2025-11-15 05:45:00",948,12.82,"2025-11-15 05:32:40",12.99,8.31,292.7,429.7,0.855,12.25,0.861,47.11
"2025-11-15 06:00:00",949,12.82,"2025-11-15 05:57:00",13.84,8.36,293.1,429.7,0.865,12.25,0.861,47.21
"2025-11-15 06:15:00",950,12.81,"2025-11-15 06:05:00",14.55,8.41,293.6,429.8,0.877,12.23,0.861,47.3
"2025-11-15 06:30:00",951,12.81,"2025-11-15 06:21:00",15.07,8.45,294,429.8,0.891,12.24,0.861,47.38
"2025-11-15 06:45:00",952,12.81,"2025-11-15 06:42:50",15.39,8.49,294.3,429.9,0.905,12.25,0.861,47.44
"2025-11-15 07:00:00",953,12.81,"2025-11-15 06:55:00",15.59,8.51,294.6,430,0.89,12.24,0.861,47.49
"2025-11-15 07:15:00",954,12.81,"2025-11-15 07:00:50",15.73,8.54,294.9,430.1,0.883,12.22,0.86,47.54
"2025-11-15 07:30:00",955,12.81,"2025-11-15 07:16:30",15.85,8.56,295.1,430.2,0.864,12.23,0.86,47.58
"2025-11-15 07:45:00",956,12.81,"2025-11-15 07:32:20",15.88,8.59,295.4,430.3,0.851,12.24,0.86,47.63
"2025-11-15 08:00:00",957,12.8,"2025-11-15 07:46:50",15.99,8.61,295.7,430.5,0.849,12.24,0.86,47.67
"2025-11-15 08:15:00",958,12.82,"2025-11-15 08:00:30",16.1,8.63,295.9,430.5,0.84,12.24,0.86,47.71
"2025-11-15 08:30:00",959,12.84,"2025-11-15 08:16:20",16.2,8.65,296.1,430.6,0.833,12.28,0.86,47.75
"2025-11-15 08:45:00",960,12.92,"2025-11-15 08:30:40",16.37,8.69,296.4,430.5,0.828,12.36,0.86,47.81
"2025-11-15 09:00:00",961,12.91,"2025-11-15 08:48:50",16.67,8.72,296.6,430.5,0.821,12.35,0.86,47.87
"2025-11-15 09:15:00",962,12.94,"2025-11-15 09:02:10",16.94,8.75,296.8,430.4,0.819,12.36,0.859,47.93
"2025-11-15 09:30:00",963,12.97,"2025-11-15 09:16:30",17.12,8.79,297,430.2,0.819,12.41,0.86,47.99
"2025-11-15 09:45:00",964,13.08,"2025-11-15 09:30:10",17.39,8.83,297.2,430,0.813,12.53,0.86,48.07
"2025-11-15 10:00:00",965,13.12,"2025-11-15 09:46:10",17.74,8.89,297.5,429.6,0.81,12.6,0.86,48.18
"2025-11-15 10:15:00",966,13.17,"2025-11-15 10:14:50",18.13,8.97,297.7,429.1,0.811,12.64,0.86,48.32
"2025-11-15 10:30:00",967,13.16,"2025-11-15 10:18:40",18.43,9.04,298,428.7,0.802,12.61,0.86,48.45
"2025-11-15 10:45:00",968,13.28,"2025-11-15 10:30:10",18.68,9.1,298.2,428.2,0.792,12.73,0.86,48.57
"2025-11-15 11:00:00",969,13.28,"2025-11-15 10:54:40",19.16,9.19,298.5,427.7,0.788,12.74,0.859,48.71
"2025-11-15 11:15:00",970,13.25,"2025-11-15 11:06:50",19.56,9.27,298.8,427.1,0.783,12.7,0.86,48.85
"2025-11-15 11:30:00",971,13.32,"2025-11-15 11:16:10",19.95,9.35,298.9,426.3,0.784,12.77,0.859,49
"2025-11-15 11:45:00",972,13.38,"2025-11-15 11:44:20",20.7,9.49,298.4,423.9,0.778,12.87,0.86,49.25
"2025-11-15 12:00:00",973,13.36,"2025-11-15 11:59:00",21.28,9.64,299,423.2,0.779,12.83,0.86,49.51
"2025-11-15 12:15:00",974,13.35,"2025-11-15 12:03:00",21.74,9.79,299.7,422.4,0.775,12.79,0.859,49.77
"2025-11-15 12:30:00",975,13.42,"2025-11-15 12:15:10",22.21,9.98,300.7,421.6,0.771,12.86,0.859,50.1
"2025-11-15 12:45:00",976,13.42,"2025-11-15 12:42:50",22.66,10.19,301.8,420.8,0.763,12.89,0.86,50.47
"2025-11-15 13:00:00",977,13.4,"2025-11-15 12:58:30",22.86,10.33,302.4,420.1,0.768,12.87,0.86,50.75
"2025-11-15 13:15:00",978,13.39,"2025-11-15 13:00:20",22.93,10.44,302.8,419.5,1.163,12.85,0.859,50.94
"2025-11-15 13:30:00",979,13.44,"2025-11-15 13:18:20",23.17,10.57,303.4,418.9,1.475,12.9,0.859,51.18
"2025-11-15 13:45:00",980,13.43,"2025-11-15 13:38:10",23.46,"NAN","NAN","NAN","NAN","NAN",0.859,51.44
"2025-11-15 14:00:00",981,13.44,"2025-11-15 13:52:30",23.63,10.85,304.9,417.8,0.965,12.91,0.859,51.71
"2025-11-15 14:15:00",982,13.46,"2025-11-15 14:09:00",23.83,11.01,305.7,417.2,0.882,12.93,0.86,51.99
"2025-11-15 14:30:00",983,13.49,"2025-11-15 14:24:30",24.33,11.15,306.5,416.7,0.839,12.93,0.859,52.26
"2025-11-15 14:45:00",984,13.44,"2025-11-15 14:40:20",24.94,11.29,307.2,416.2,0.829,12.96,0.86,52.52
"2025-11-15 15:00:00",985,13.5,"2025-11-15 14:48:10",25.23,11.4,307.7,415.7,0.809,12.98,0.861,52.72
"2025-11-15 15:15:00",986,13.45,"2025-11-15 15:15:00",25.54,11.47,308,415.4,0.787,12.98,0.861,52.87
"2025-11-15 15:30:00",987,13.45,"2025-11-15 15:17:00",25.86,11.47,307.9,415.1,0.781,12.89,0.862,52.91
"2025-11-15 15:45:00",988,13.4,"2025-11-15 15:44:50",25.71,11.44,307.6,415,0.79,12.88,0.861,52.86
"2025-11-15 16:00:00",989,13.33,"2025-11-15 15:59:00",25.36,11.4,307.2,415.1,0.775,12.83,0.861,52.77
"2025-11-15 16:15:00",990,13.28,"2025-11-15 16:14:50",24.95,11.32,306.8,415.3,0.767,12.74,0.861,52.63
"2025-11-15 16:30:00",991,13.24,"2025-11-15 16:28:50",24.51,11.25,306.5,415.7,0.77,12.69,0.861,52.48
"2025-11-15 16:45:00",992,13.22,"2025-11-15 16:39:00",24.08,11.17,306.1,416.1,0.769,12.68,0.861,52.33
"2025-11-15 17:00:00",993,13.2,"2025-11-15 16:59:00",23.71,11.1,306.1,416.6,0.775,12.66,0.861,52.2
"2025-11-15 17:15:00",994,13.18,"2025-11-15 17:12:50",23.43,11.04,306,417.2,0.77,12.62,0.861,52.09
"2025-11-15 17:30:00",995,13.14,"2025-11-15 17:28:50",23.16,10.98,305.8,417.7,0.785,12.58,0.861,51.98
"2025-11-15 17:45:00",996,13.12,"2025-11-15 17:43:00",22.85,10.91,305.6,418.2,0.784,12.57,0.862,51.85
"2025-11-15 18:00:00",997,13.11,"2025-11-15 17:59:00",22.52,10.84,305.4,418.6,0.789,12.56,0.862,51.73
"2025-11-15 18:15:00",998,13.1,"2025-11-15 18:15:00",22.03,10.8,305.4,419,0.79,12.53,0.861,51.65
"2025-11-15 18:30:00",999,13.09,"2025-11-15 18:24:50",21.86,10.77,305.4,419.4,0.806,12.52,0.861,51.59
"2025-11-15 18:45:00",1000,13.08,"2025-11-15 18:45:00",21.88,10.77,305.6,419.7,0.83,12.53,0.861,51.56
"2025-11-15 19:00:00",1001,13.08,"2025-11-15 18:57:00",21.91,10.76,305.8,420.1,0.986,12.52,0.861,51.55
"2025-11-15 19:15:00",1002,13.07,"2025-11-15 19:11:00",21.8,10.73,305.9,420.5,0.875,12.5,0.861,51.51
"2025-11-15 19:30:00",1003,13.07,"2025-11-15 19:25:00",21.75,10.73,306.1,420.8,0.832,12.49,0.861,51.5
"2025-11-15 19:45:00",1004,13.05,"2025-11-15 19:41:00",21.74,10.75,306.5,421.1,0.805,12.5,0.861,51.52
"2025-11-15 20:00:00",1005,13.06,"2025-11-15 19:49:00",21.62,10.76,306.8,421.4,0.805,12.5,0.861,51.55
"2025-11-15 20:15:00",1006,13.05,"2025-11-15 20:01:00",21.41,"NAN","NAN","NAN","NAN","NAN",0.861,51.56
"2025-11-15 20:30:00",1007,13.04,"2025-11-15 20:26:20",21.11,10.77,307.2,421.8,0.881,12.46,0.86,51.57
"2025-11-15 20:45:00",1008,13.03,"2025-11-15 20:37:00",20.75,10.77,307.3,422,0.897,12.47,0.859,51.56
"2025-11-15 21:00:00",1009,13.03,"2025-11-15 20:50:20",20.45,10.78,307.5,422.1,0.871,12.47,0.858,51.57
"2025-11-15 21:15:00",1010,13.02,"2025-11-15 21:01:00",20.17,10.78,307.6,422.3,0.863,12.46,0.858,51.57
"2025-11-15 21:30:00",1011,13.02,"2025-11-15 21:17:00",19.95,10.8,307.9,422.4,0.805,12.44,0.859,51.6
"2025-11-15 21:45:00",1012,13.01,"2025-11-15 21:33:00",19.6,10.82,308.1,422.5,0.824,12.44,0.858,51.64
"2025-11-15 22:00:00",1013,13.01,"2025-11-15 21:55:00",19.52,10.83,308.3,422.7,0.897,12.44,0.858,51.67
"2025-11-15 22:15:00",1014,13,"2025-11-15 22:07:00",19.39,10.84,308.5,422.9,0.897,12.43,0.857,51.68
"2025-11-15 22:30:00",1015,13,"2025-11-15 22:25:00",19.19,10.84,308.6,423,0.845,12.42,0.858,51.67
"2025-11-15 22:45:00",1016,12.99,"2025-11-15 22:43:00",18.93,10.83,308.7,423.2,0.835,12.42,0.858,51.66
"2025-11-15 23:00:00",1017,12.98,"2025-11-15 22:59:00",18.68,10.83,308.9,423.5,0.86,12.42,0.858,51.65
"2025-11-15 23:15:00",1018,12.98,"2025-11-15 23:02:10",18.49,10.84,309.1,423.7,0.825,12.41,0.858,51.66
"2025-11-15 23:30:00",1019,12.97,"2025-11-15 23:27:00",18.34,10.84,309.3,424,0.826,12.4,0.858,51.67
"2025-11-15 23:45:00",1020,12.97,"2025-11-15 23:30:50",18.04,10.82,309.3,424.2,0.837,12.39,0.858,51.64
"2025-11-16 00:00:00",1021,12.97,"2025-11-15 23:48:50",17.52,10.79,309.3,424.4,1.095,12.4,0.858,51.59
"2025-11-16 00:15:00",1022,12.96,"2025-11-16 00:06:40",16.86,10.76,309.1,424.7,1.075,12.39,0.858,51.52
"2025-11-16 00:30:00",1023,12.95,"2025-11-16 00:29:00",16.18,10.72,309,424.8,1.863,12.37,0.857,51.46
"2025-11-16 00:45:00",1024,12.95,"2025-11-16 00:45:00",15.52,10.7,308.9,425,1.592,12.36,0.857,51.41
"2025-11-16 01:00:00",1025,12.94,"2025-11-16 00:59:00",14.98,10.68,308.9,425.2,1.057,12.36,0.857,51.37
"2025-11-16 01:15:00",1026,12.94,"2025-11-16 01:13:00",14.56,10.66,308.8,425.3,0.897,12.37,0.856,51.33
"2025-11-16 01:30:00",1027,12.93,"2025-11-16 01:23:00",14.55,10.65,308.9,425.4,0.851,12.35,0.857,51.32
"2025-11-16 01:45:00",1028,12.93,"2025-11-16 01:44:20",14.7,10.64,308.9,425.6,0.845,12.34,0.857,51.3
"2025-11-16 02:00:00",1029,12.93,"2025-11-16 01:56:40",14.79,10.63,308.8,425.6,0.847,12.34,0.856,51.28
"2025-11-16 02:15:00",1030,12.92,"2025-11-16 02:04:50",14.84,10.62,308.8,425.7,0.831,12.35,0.856,51.25
"2025-11-16 02:30:00",1031,12.91,"2025-11-16 02:29:00",14.65,10.61,308.6,425.7,0.853,12.34,0.855,51.23
"2025-11-16 02:45:00",1032,12.91,"2025-11-16 02:37:00",14.26,10.59,308.5,425.7,0.841,12.31,0.855,51.2
"2025-11-16 03:00:00",1033,12.91,"2025-11-16 02:46:40",13.76,10.58,308.4,425.7,0.827,12.32,0.855,51.17
"2025-11-16 03:15:00",1034,12.9,"2025-11-16 03:13:00",13.26,10.57,308.3,425.6,0.833,12.33,0.855,51.15
"2025-11-16 03:30:00",1035,12.89,"2025-11-16 03:29:00",12.79,"NAN","NAN","NAN","NAN","NAN",0.855,51.12
"2025-11-16 03:45:00",1036,12.89,"2025-11-16 03:41:00",12.38,10.54,308,425.5,0.812,12.31,0.855,51.1
"2025-11-16 04:00:00",1037,12.89,"2025-11-16 03:57:00",11.99,10.53,307.9,425.5,0.828,12.31,0.855,51.07
"2025-11-16 04:15:00",1038,12.88,"2025-11-16 04:03:00",11.64,10.52,307.8,425.5,0.837,12.29,0.855,51.05
"2025-11-16 04:30:00",1039,12.87,"2025-11-16 04:29:00",11.32,10.51,307.7,425.5,0.837,12.28,0.855,51.03
"2025-11-16 04:45:00",1040,12.87,"2025-11-16 04:45:00",10.98,10.49,307.6,425.4,0.849,12.28,0.855,51.01
"2025-11-16 05:00:00",1041,12.87,"2025-11-16 04:54:30",10.61,"NAN","NAN","NAN","NAN","NAN",0.855,50.98
"2025-11-16 05:15:00",1042,12.86,"2025-11-16 05:14:40",10.36,10.47,307.3,425.4,0.838,12.27,0.855,50.96
"2025-11-16 05:30:00",1043,12.86,"2025-11-16 05:18:50",10.25,10.45,307.2,425.5,0.835,12.26,0.855,50.94
"2025-11-16 05:45:00",1044,12.85,"2025-11-16 05:30:20",10.09,10.44,307.2,425.5,0.881,12.26,0.855,50.91
"2025-11-16 06:00:00",1045,12.84,"2025-11-16 05:49:00",9.93,10.42,307.1,425.6,0.856,12.25,0.855,50.87
"2025-11-16 06:15:00",1046,12.84,"2025-11-16 06:11:00",9.74,10.4,307,425.6,0.874,12.25,0.855,50.84
"2025-11-16 06:30:00",1047,12.83,"2025-11-16 06:26:50",9.48,10.38,306.8,425.7,0.877,12.24,0.855,50.8
"2025-11-16 06:45:00",1048,12.83,"2025-11-16 06:44:40",9.12,"NAN","NAN","NAN","NAN","NAN",0.855,50.76
"2025-11-16 07:00:00",1049,12.82,"2025-11-16 06:49:00",8.69,10.33,306.5,425.9,0.952,12.23,0.855,50.71
"2025-11-16 07:15:00",1050,12.82,"2025-11-16 07:15:00",8.28,10.3,306.4,426,0.912,12.22,0.855,50.66
"2025-11-16 07:30:00",1051,12.81,"2025-11-16 07:21:00",7.969,10.26,306.2,426.2,0.877,12.23,0.855,50.6
"2025-11-16 07:45:00",1052,12.82,"2025-11-16 07:30:40",7.711,10.23,306.1,426.3,0.858,12.22,0.855,50.54
"2025-11-16 08:00:00",1053,12.82,"2025-11-16 07:46:20",7.505,10.2,305.9,426.4,0.853,12.23,0.855,50.49
"2025-11-16 08:15:00",1054,12.83,"2025-11-16 08:00:40",7.326,10.17,305.8,426.6,0.833,12.24,0.854,50.44
"2025-11-16 08:30:00",1055,12.85,"2025-11-16 08:17:00",7.262,10.15,305.6,426.7,0.839,12.27,0.854,50.39
"2025-11-16 08:45:00",1056,12.87,"2025-11-16 08:30:40",7.537,10.12,305.5,426.8,0.837,12.29,0.854,50.35
"2025-11-16 09:00:00",1057,12.9,"2025-11-16 08:46:50",7.937,10.1,305.4,426.9,0.836,12.32,0.853,50.31
"2025-11-16 09:15:00",1058,12.93,"2025-11-16 09:01:00",8.35,10.07,305.2,427,0.833,12.35,0.853,50.25
"2025-11-16 09:30:00",1059,12.98,"2025-11-16 09:16:50",8.72,10.04,305,427.1,0.829,12.41,0.852,50.2
"2025-11-16 09:45:00",1060,13.03,"2025-11-16 09:30:20",9.21,10.02,304.9,427.1,0.827,12.45,0.853,50.16
"2025-11-16 10:00:00",1061,13.09,"2025-11-16 09:46:50",9.61,9.99,304.7,427.2,0.825,12.51,0.852,50.12
"2025-11-16 10:15:00",1062,13.15,"2025-11-16 10:00:40",9.98,9.98,304.6,427.1,0.831,12.56,0.853,50.09
"2025-11-16 10:30:00",1063,13.2,"2025-11-16 10:17:00",10.26,9.99,304.5,426.9,0.84,12.62,0.852,50.09
"2025-11-16 10:45:00",1064,13.23,"2025-11-16 10:30:50",10.44,10,304.4,426.5,0.823,12.65,0.852,50.12
"2025-11-16 11:00:00",1065,13.26,"2025-11-16 10:46:50",10.74,10.03,304.3,426.2,0.825,12.7,0.852,50.16
"2025-11-16 11:15:00",1066,13.29,"2025-11-16 11:02:10",11.23,10.07,304.4,425.7,0.807,12.71,0.852,50.23
"2025-11-16 11:30:00",1067,13.32,"2025-11-16 11:18:50",11.63,10.15,304.5,425.2,0.813,12.75,0.851,50.34
"2025-11-16 11:45:00",1068,13.35,"2025-11-16 11:30:40",12.34,10.25,304.9,424.5,0.795,12.76,0.85,50.52
"2025-11-16 12:00:00",1069,13.37,"2025-11-16 11:47:00",13.28,10.38,305.3,423.6,0.851,12.8,0.851,50.74
"2025-11-16 12:15:00",1070,13.38,"2025-11-16 12:06:50",14.11,10.52,305.9,422.8,0.842,12.79,0.85,50.99
"2025-11-16 12:30:00",1071,13.38,"2025-11-16 12:22:50",14.35,10.68,306.5,421.8,0.807,12.82,0.85,51.28
"2025-11-16 12:45:00",1072,13.38,"2025-11-16 12:30:50",14.2,10.84,307.1,420.9,0.791,12.81,0.849,51.55
"2025-11-16 13:00:00",1073,13.4,"2025-11-16 12:47:00",14.18,10.98,307.6,420.1,0.802,12.84,0.849,51.82
"2025-11-16 13:15:00",1074,13.41,"2025-11-16 13:08:50",14.6,11.13,308.2,419.2,0.886,12.82,0.849,52.08
"2025-11-16 13:30:00",1075,13.41,"2025-11-16 13:25:00",15.29,11.29,308.9,418.4,0.834,12.84,0.849,52.39
"2025-11-16 13:45:00",1076,13.42,"2025-11-16 13:33:00",15.39,11.46,309.6,417.6,0.795,12.84,0.849,52.7
"2025-11-16 14:00:00",1077,13.44,"2025-11-16 13:48:30",15.28,11.6,310.2,416.8,0.783,12.87,0.848,52.97
"2025-11-16 14:15:00",1078,13.43,"2025-11-16 14:01:00",15.32,11.72,310.6,416.2,0.843,12.85,0.847,53.21
"2025-11-16 14:30:00",1079,13.49,"2025-11-16 14:16:50",15.88,11.81,310.9,415.6,0.786,12.93,0.847,53.41
"2025-11-16 14:45:00",1080,13.54,"2025-11-16 14:30:30",16.63,11.88,311.1,415.1,0.765,12.98,0.848,53.55
"2025-11-16 15:00:00",1081,13.6,"2025-11-16 14:52:10",16.95,11.89,310.9,414.8,0.788,13.05,0.847,53.6
"2025-11-16 15:15:00",1082,13.51,"2025-11-16 15:14:40",17.14,11.85,310.5,414.7,0.764,13.04,0.848,53.58
"2025-11-16 15:30:00",1083,13.5,"2025-11-16 15:18:50",17.21,11.74,309.7,414.7,0.756,12.96,0.848,53.41
"2025-11-16 15:45:00",1084,13.46,"2025-11-16 15:44:50",16.93,11.6,308.8,414.9,0.777,12.93,0.848,53.15
"2025-11-16 16:00:00",1085,13.37,"2025-11-16 15:59:00",16.34,11.45,307.8,415.3,0.811,12.87,0.847,52.86
"2025-11-16 16:15:00",1086,13.3,"2025-11-16 16:14:50",15.56,11.29,307,415.9,0.803,12.76,0.846,52.54
"2025-11-16 16:30:00",1087,13.28,"2025-11-16 16:26:50",14.8,11.13,306.2,416.6,0.792,12.73,0.846,52.24
"2025-11-16 16:45:00",1088,13.24,"2025-11-16 16:44:40",14.09,10.98,305.6,417.3,0.784,12.68,0.846,51.97
"2025-11-16 17:00:00",1089,13.2,"2025-11-16 16:58:50",13.36,10.84,305.1,418.2,0.784,12.65,0.845,51.73
"2025-11-16 17:15:00",1090,13.17,"2025-11-16 17:14:50",12.62,10.7,304.6,419,0.782,12.6,0.845,51.49
"2025-11-16 17:30:00",1091,13.13,"2025-11-16 17:29:00",11.82,10.58,304.2,419.9,0.775,12.58,0.845,51.25
"2025-11-16 17:45:00",1092,13.1,"2025-11-16 17:45:00",11.05,10.45,303.8,420.7,0.775,12.53,0.845,51.03
"2025-11-16 18:00:00",1093,13.09,"2025-11-16 17:59:00",10.28,10.34,303.4,421.4,0.785,12.52,0.845,50.81
"2025-11-16 18:15:00",1094,13.08,"2025-11-16 18:13:00",9.52,10.23,302.9,422,0.773,12.49,0.845,50.61
"2025-11-16 18:30:00",1095,13.07,"2025-11-16 18:23:00",8.8,10.13,302.5,422.5,0.786,12.49,0.844,50.43
"2025-11-16 18:45:00",1096,13.05,"2025-11-16 18:45:00",8.14,10.04,302.1,423,0.786,12.46,0.844,50.26
"2025-11-16 19:00:00",1097,13.04,"2025-11-16 18:59:00",7.536,9.96,301.8,423.5,0.793,12.46,0.844,50.1
"2025-11-16 19:15:00",1098,13.02,"2025-11-16 19:15:00",6.99,9.88,301.4,423.9,0.798,12.43,0.844,49.96
"2025-11-16 19:30:00",1099,13.02,"2025-11-16 19:28:50",6.473,9.81,301.1,424.2,0.819,12.44,0.844,49.82
"2025-11-16 19:45:00",1100,13.01,"2025-11-16 19:44:40",6.004,9.75,300.8,424.5,0.809,12.41,0.843,49.7
"2025-11-16 20:00:00",1101,12.99,"2025-11-16 19:57:00",5.585,9.69,300.5,424.7,0.807,12.41,0.843,49.6
"2025-11-16 20:15:00",1102,12.98,"2025-11-16 20:09:00",5.17,9.64,300.2,424.9,0.865,12.38,0.842,49.5
"2025-11-16 20:30:00",1103,12.97,"2025-11-16 20:27:00",4.782,9.6,300,425,0.835,12.39,0.842,49.42
"2025-11-16 20:45:00",1104,12.96,"2025-11-16 20:44:50",4.421,9.56,299.7,425,0.845,12.36,0.842,49.35
"2025-11-16 21:00:00",1105,12.95,"2025-11-16 20:59:00",4.084,9.53,299.5,425.1,0.812,12.37,0.842,49.28
"2025-11-16 21:15:00",1106,12.94,"2025-11-16 21:11:00",3.739,9.49,299.2,425.1,0.794,12.34,0.842,49.21
"2025-11-16 21:30:00",1107,12.94,"2025-11-16 21:20:50",3.434,9.45,298.9,425.2,0.913,12.35,0.841,49.14
"2025-11-16 21:45:00",1108,12.92,"2025-11-16 21:38:40",3.137,9.42,298.7,425.3,0.891,12.32,0.841,49.07
"2025-11-16 22:00:00",1109,12.91,"2025-11-16 21:55:00",2.859,9.37,298.4,425.4,0.883,12.33,0.841,49
"2025-11-16 22:15:00",1110,12.9,"2025-11-16 22:12:50",2.576,9.33,298.2,425.5,0.871,12.3,0.841,48.92
"2025-11-16 22:30:00",1111,12.89,"2025-11-16 22:27:00",2.303,9.28,297.9,425.7,0.897,12.31,0.841,48.83
"2025-11-16 22:45:00",1112,12.89,"2025-11-16 22:37:00",2.052,9.22,297.6,425.9,0.864,12.28,0.84,48.74
"2025-11-16 23:00:00",1113,12.88,"2025-11-16 22:54:50",1.818,9.17,297.3,426.1,0.955,12.29,0.84,48.64
"2025-11-16 23:15:00",1114,12.86,"2025-11-16 23:12:50",1.585,9.12,297,426.4,0.939,12.26,0.84,48.54
"2025-11-16 23:30:00",1115,12.86,"2025-11-16 23:21:00",1.348,9.06,296.7,426.6,2.232,12.27,0.84,48.44
"2025-11-16 23:45:00",1116,12.85,"2025-11-16 23:35:00",1.126,9,296.4,426.9,1.113,12.24,0.839,48.34
"2025-11-17 00:00:00",1117,12.84,"2025-11-16 23:49:00",0.918,8.95,296.1,427.1,1.085,12.25,0.839,48.24
"2025-11-17 00:15:00",1118,12.83,"2025-11-17 00:11:00",0.711,8.89,295.8,427.3,1.069,12.22,0.839,48.14
"2025-11-17 00:30:00",1119,12.81,"2025-11-17 00:29:00",0.519,8.84,295.6,427.5,1.072,12.23,0.839,48.05
"2025-11-17 00:45:00",1120,12.8,"2025-11-17 00:43:00",0.339,8.79,295.3,427.7,1.027,12.21,0.839,47.96
"2025-11-17 01:00:00",1121,12.8,"2025-11-17 00:56:40",0.145,8.74,295,427.8,1.057,12.21,0.838,47.87
"2025-11-17 01:15:00",1122,12.78,"2025-11-17 01:12:40",-0.043,8.7,294.7,427.9,0.943,12.18,0.838,47.79
"2025-11-17 01:30:00",1123,12.78,"2025-11-17 01:19:00",-0.223,8.66,294.4,428,0.969,12.19,0.838,47.72
"2025-11-17 01:45:00",1124,12.77,"2025-11-17 01:41:00",-0.409,8.62,294.1,428,0.945,12.17,0.838,47.64
"2025-11-17 02:00:00",1125,12.76,"2025-11-17 01:59:00",-0.583,8.58,293.8,428.1,0.901,12.16,0.837,47.57
"2025-11-17 02:15:00",1126,12.75,"2025-11-17 02:11:00",-0.735,8.54,293.5,428.1,0.853,12.15,0.837,47.5
"2025-11-17 02:30:00",1127,12.75,"2025-11-17 02:25:00",-0.869,8.51,293.2,428,0.889,12.14,0.837,47.44
"2025-11-17 02:45:00",1128,12.74,"2025-11-17 02:45:00",-0.999,8.47,292.9,428,0.861,12.13,0.837,47.37
"2025-11-17 03:00:00",1129,12.74,"2025-11-17 02:56:40",-1.147,8.44,292.6,428,0.875,12.13,0.837,47.3
"2025-11-17 03:15:00",1130,12.73,"2025-11-17 03:15:00",-1.272,8.4,292.2,427.9,0.916,12.13,0.837,47.24
"2025-11-17 03:30:00",1131,12.72,"2025-11-17 03:17:40",-1.376,8.37,291.9,427.8,0.951,12.14,0.835,47.18
"2025-11-17 03:45:00",1132,12.72,"2025-11-17 03:45:00",-1.477,8.33,291.6,427.8,0.925,12.13,0.835,47.11
"2025-11-17 04:00:00",1133,12.72,"2025-11-17 03:54:50",-1.581,8.3,291.3,427.7,0.907,12.13,0.835,47.06
"2025-11-17 04:15:00",1134,12.71,"2025-11-17 04:05:00",-1.708,8.26,290.9,427.6,0.903,12.13,0.834,46.99
"2025-11-17 04:30:00",1135,12.7,"2025-11-17 04:21:00",-1.797,8.23,290.6,427.6,0.879,12.13,0.834,46.93
"2025-11-17 04:45:00",1136,12.7,"2025-11-17 04:45:00",-1.852,8.2,290.3,427.5,1.174,12.13,0.834,46.87
"2025-11-17 05:00:00",1137,12.69,"2025-11-17 04:59:00",-1.914,8.17,290,427.4,0.941,12.12,0.834,46.82
"2025-11-17 05:15:00",1138,12.69,"2025-11-17 05:02:50",-1.963,8.14,289.7,427.3,0.941,12.12,0.834,46.76
"2025-11-17 05:30:00",1139,12.69,"2025-11-17 05:29:00",-2.032,8.1,289.4,427.3,0.912,12.13,0.834,46.7
"2025-11-17 05:45:00",1140,12.69,"2025-11-17 05:30:50",-2.087,8.07,289.1,427.3,0.996,12.13,0.833,46.64
"2025-11-17 06:00:00",1141,12.68,"2025-11-17 05:58:50",-2.127,8.04,288.8,427.2,1.057,12.12,0.833,46.59
"2025-11-17 06:15:00",1142,12.68,"2025-11-17 06:01:00",-2.193,8.01,288.5,427.2,0.999,12.12,0.833,46.53
"2025-11-17 06:30:00",1143,12.68,"2025-11-17 06:27:00",-2.275,7.969,288.2,427.1,0.944,12.12,0.832,46.46
"2025-11-17 06:45:00",1144,12.67,"2025-11-17 06:39:00",-2.326,7.933,287.9,427.1,0.919,12.12,0.833,46.4
"2025-11-17 07:00:00",1145,12.67,"2025-11-17 06:47:00",-2.38,7.902,287.6,427.1,0.911,12.12,0.832,46.34
"2025-11-17 07:15:00",1146,12.67,"2025-11-17 07:02:10",-2.44,7.866,287.4,427.1,0.905,12.12,0.832,46.28
"2025-11-17 07:30:00",1147,12.67,"2025-11-17 07:16:30",-2.485,7.829,287.1,427.2,0.902,12.12,0.832,46.22
"2025-11-17 07:45:00",1148,12.67,"2025-11-17 07:30:50",-2.528,7.793,286.8,427.2,0.904,12.12,0.832,46.15
"2025-11-17 08:00:00",1149,12.68,"2025-11-17 07:46:50",-2.549,7.759,286.6,427.3,0.901,12.12,0.832,46.1
"2025-11-17 08:15:00",1150,12.71,"2025-11-17 08:00:50",-2.528,7.728,286.3,427.3,0.885,12.14,0.832,46.05
"2025-11-17 08:30:00",1151,12.74,"2025-11-17 08:16:40",-2.508,7.695,286.1,427.3,0.884,12.15,0.832,45.99
"2025-11-17 08:45:00",1152,12.77,"2025-11-17 08:30:50",-2.417,7.666,285.8,427.3,0.887,12.19,0.832,45.94
"2025-11-17 09:00:00",1153,12.82,"2025-11-17 08:46:50",-2.252,7.64,285.6,427.3,0.863,12.23,0.831,45.89
"2025-11-17 09:15:00",1154,12.88,"2025-11-17 09:00:40",-2.006,7.617,285.5,427.4,0.879,12.29,0.831,45.85
"2025-11-17 09:30:00",1155,12.96,"2025-11-17 09:16:30",-1.68,7.601,285.3,427.4,0.87,12.37,0.831,45.82
"2025-11-17 09:45:00",1156,13.05,"2025-11-17 09:30:30",-1.07,7.591,285.3,427.4,0.863,12.48,0.832,45.81
"2025-11-17 10:00:00",1157,13.16,"2025-11-17 09:46:50",-0.355,7.589,285.2,427.4,0.875,12.58,0.832,45.81
"2025-11-17 10:15:00",1158,13.25,"2025-11-17 10:00:20",0.528,7.601,285.3,427.2,0.865,12.67,0.831,45.83
"2025-11-17 10:30:00",1159,13.33,"2025-11-17 10:16:50",1.468,7.635,285.4,427,0.879,12.72,0.831,45.88
"2025-11-17 10:45:00",1160,13.37,"2025-11-17 10:30:40",2.352,7.682,285.5,426.6,0.853,12.78,0.831,45.96
"2025-11-17 11:00:00",1161,13.4,"2025-11-17 10:46:50",3.447,7.736,285.7,426.2,0.854,12.81,0.831,46.06
"2025-11-17 11:15:00",1162,13.41,"2025-11-17 11:02:10",4.789,7.809,286,425.8,0.852,12.84,0.832,46.18
"2025-11-17 11:30:00",1163,13.44,"2025-11-17 11:17:00",6.035,7.897,286.3,425.2,0.833,12.84,0.831,46.32
"2025-11-17 11:45:00",1164,13.46,"2025-11-17 11:30:10",7.429,8.03,286.9,424.6,0.82,12.87,0.832,46.54
"2025-11-17 12:00:00",1165,13.46,"2025-11-17 11:57:10",8.98,8.18,287.6,423.7,0.829,12.89,0.831,46.82
"2025-11-17 12:15:00",1166,13.46,"2025-11-17 12:12:40",10.42,8.36,288.5,422.9,0.837,12.89,0.832,47.13
"2025-11-17 12:30:00",1167,13.46,"2025-11-17 12:18:50",11.21,8.56,289.5,422,0.822,12.88,0.832,47.48
"2025-11-17 12:45:00",1168,13.46,"2025-11-17 12:31:00",11.46,8.74,290.4,421.2,0.821,12.87,0.832,47.81
"2025-11-17 13:00:00",1169,13.45,"2025-11-17 12:58:30",11.67,"NAN","NAN","NAN","NAN","NAN",0.832,48.12
"2025-11-17 13:15:00",1170,13.45,"2025-11-17 13:06:30",12.2,9.08,292.1,419.6,0.801,12.86,0.832,48.43
"2025-11-17 13:30:00",1171,13.44,"2025-11-17 13:27:00",13.13,9.27,293,418.9,0.804,12.86,0.832,48.77
"2025-11-17 13:45:00",1172,13.44,"2025-11-17 13:34:40",13.55,9.45,293.9,418.1,0.797,12.87,0.832,49.11
"2025-11-17 14:00:00",1173,13.45,"2025-11-17 13:46:50",13.62,9.61,294.8,417.5,0.794,12.91,0.832,49.42
"2025-11-17 14:15:00",1174,13.66,"2025-11-17 14:02:40",13.85,9.71,295.2,416.9,0.775,13.09,0.832,49.63
"2025-11-17 14:30:00",1175,13.55,"2025-11-17 14:29:00",14.35,9.78,295.4,416.4,0.783,13.02,0.831,49.78
"2025-11-17 14:45:00",1176,13.55,"2025-11-17 14:34:40",15.04,9.86,295.7,416,0.769,13.01,0.831,49.95
"2025-11-17 15:00:00",1177,13.61,"2025-11-17 14:56:50",15.52,9.92,295.9,415.7,0.782,13.08,0.832,50.08
"2025-11-17 15:15:00",1178,13.55,"2025-11-17 15:14:50",16.06,9.93,295.9,415.5,0.79,13.07,0.832,50.12
"2025-11-17 15:30:00",1179,13.5,"2025-11-17 15:19:00",16.35,9.89,295.5,415.4,0.782,12.96,0.832,50.07
"2025-11-17 15:45:00",1180,13.45,"2025-11-17 15:44:50",16.2,9.81,295,415.5,0.789,12.93,0.832,49.94
"2025-11-17 16:00:00",1181,13.33,"2025-11-17 15:59:00",15.71,9.72,294.4,415.7,0.784,12.83,0.832,49.76
"2025-11-17 16:15:00",1182,13.3,"2025-11-17 16:06:40",14.88,9.62,293.9,416.2,0.793,12.75,0.832,49.57
"2025-11-17 16:30:00",1183,13.25,"2025-11-17 16:27:00",13.99,9.49,293.4,416.9,0.793,12.71,0.832,49.34
"2025-11-17 16:45:00",1184,13.22,"2025-11-17 16:42:40",13.11,9.37,293.1,417.8,0.808,12.65,0.831,49.11
"2025-11-17 17:00:00",1185,13.2,"2025-11-17 16:58:40",12.25,9.25,292.7,418.7,0.789,12.62,0.831,48.89
"2025-11-17 17:15:00",1186,13.15,"2025-11-17 17:15:00",11.47,9.14,292.5,419.6,0.799,12.59,0.831,48.69
"2025-11-17 17:30:00",1187,13.13,"2025-11-17 17:29:00",10.74,9.02,292.2,420.5,0.797,12.56,0.831,48.49
"2025-11-17 17:45:00",1188,13.11,"2025-11-17 17:42:40",10.09,8.92,291.9,421.3,0.801,12.53,0.831,48.29
"2025-11-17 18:00:00",1189,13.09,"2025-11-17 17:58:50",9.48,8.83,291.6,422,0.807,12.51,0.831,48.11
"2025-11-17 18:15:00",1190,13.08,"2025-11-17 18:15:00",8.89,8.74,291.4,422.6,1.187,12.5,0.83,47.95
"2025-11-17 18:30:00",1191,13.07,"2025-11-17 18:27:00",8.35,8.66,291.1,423.2,0.861,12.46,0.83,47.8
"2025-11-17 18:45:00",1192,13.06,"2025-11-17 18:41:00",7.85,8.59,290.9,423.7,0.825,12.47,0.83,47.67
"2025-11-17 19:00:00",1193,13.04,"2025-11-17 18:54:50",7.394,8.53,290.7,424.1,0.827,12.45,0.83,47.55
"2025-11-17 19:15:00",1194,13.03,"2025-11-17 19:09:00",6.954,8.47,290.5,424.6,0.807,12.45,0.83,47.44
"2025-11-17 19:30:00",1195,13.02,"2025-11-17 19:24:50",6.555,8.42,290.4,424.9,0.802,12.43,0.83,47.35
"2025-11-17 19:45:00",1196,13.01,"2025-11-17 19:43:00",6.198,8.38,290.3,425.3,0.814,12.41,0.829,47.26
"2025-11-17 20:00:00",1197,13,"2025-11-17 19:58:50",5.941,8.35,290.2,425.5,0.821,12.41,0.829,47.2
"2025-11-17 20:15:00",1198,12.99,"2025-11-17 20:14:40",5.78,8.32,290.1,425.8,0.794,12.39,0.828,47.16
"2025-11-17 20:30:00",1199,12.98,"2025-11-17 20:25:00",5.631,8.31,290.1,425.9,0.797,12.39,0.828,47.12
"2025-11-17 20:45:00",1200,12.98,"2025-11-17 20:42:50",5.378,8.28,290,426.1,0.803,12.37,0.828,47.08
"2025-11-17 21:00:00",1201,12.97,"2025-11-17 20:58:50",5.098,8.26,289.9,426.2,0.817,12.37,0.828,47.03
"2025-11-17 21:15:00",1202,12.96,"2025-11-17 21:14:40",4.813,8.23,289.8,426.3,0.809,12.35,0.828,46.98
"2025-11-17 21:30:00",1203,12.95,"2025-11-17 21:29:00",4.527,8.2,289.6,426.4,0.837,12.35,0.828,46.93
"2025-11-17 21:45:00",1204,12.94,"2025-11-17 21:44:40",4.258,8.17,289.5,426.6,0.811,12.34,0.828,46.87
"2025-11-17 22:00:00",1205,12.93,"2025-11-17 21:58:50",3.996,8.14,289.3,426.7,0.822,12.33,0.828,46.82
"2025-11-17 22:15:00",1206,12.92,"2025-11-17 22:09:00",3.763,8.11,289.2,426.9,1.343,12.32,0.827,46.76
"2025-11-17 22:30:00",1207,12.91,"2025-11-17 22:17:40",3.641,8.08,289,427,0.887,12.31,0.827,46.71
"2025-11-17 22:45:00",1208,12.9,"2025-11-17 22:43:00",3.511,8.04,288.9,427.2,0.833,12.3,0.827,46.64
"2025-11-17 23:00:00",1209,12.9,"2025-11-17 22:53:00",3.357,8,288.7,427.5,0.841,12.29,0.827,46.57
"2025-11-17 23:15:00",1210,12.89,"2025-11-17 23:02:50",3.273,7.969,288.6,427.7,0.83,12.29,0.827,46.51
"2025-11-17 23:30:00",1211,12.88,"2025-11-17 23:20:50",3.261,7.941,288.5,427.9,0.811,12.27,0.827,46.46
"2025-11-17 23:45:00",1212,12.87,"2025-11-17 23:43:00",3.399,7.923,288.5,428.2,0.826,12.28,0.827,46.43
"2025-11-18 00:00:00",1213,12.86,"2025-11-17 23:58:50",3.64,7.912,288.6,428.4,0.823,12.25,0.827,46.41
"2025-11-18 00:15:00",1214,12.85,"2025-11-18 00:11:00",3.931,7.905,288.7,428.7,0.826,12.25,0.826,46.39
"2025-11-18 00:30:00",1215,12.85,"2025-11-18 00:17:00",4.161,7.898,288.7,428.8,0.858,12.25,0.827,46.38
"2025-11-18 00:45:00",1216,12.84,"2025-11-18 00:44:40",4.218,7.884,288.4,428.4,0.898,12.23,0.828,46.36
"2025-11-18 01:00:00",1217,12.83,"2025-11-18 00:58:50",4.186,7.877,288.1,428.2,0.909,12.23,0.829,46.34
"2025-11-18 01:15:00",1218,12.81,"2025-11-18 01:11:00",4.146,7.873,288.1,428.1,0.861,12.21,0.829,46.34
"2025-11-18 01:30:00",1219,12.8,"2025-11-18 01:27:00",4.117,7.873,288.2,428.3,0.849,12.22,0.829,46.33
"2025-11-18 01:45:00",1220,12.8,"2025-11-18 01:43:00",4.109,7.876,288.3,428.4,0.827,12.19,0.828,46.34
"2025-11-18 02:00:00",1221,12.79,"2025-11-18 01:59:00",4.147,7.876,288.1,428.1,0.847,12.19,0.829,46.34
"2025-11-18 02:15:00",1222,12.77,"2025-11-18 02:15:00",4.2,7.876,287.8,427.7,0.858,12.17,0.83,46.34
"2025-11-18 02:30:00",1223,12.77,"2025-11-18 02:29:00",4.261,7.885,287.9,427.7,0.861,12.17,0.831,46.35
"2025-11-18 02:45:00",1224,12.76,"2025-11-18 02:39:00",4.337,7.898,288,427.7,0.853,12.16,0.83,46.37
"2025-11-18 03:00:00",1225,12.76,"2025-11-18 02:58:30",4.422,7.905,287.9,427.5,0.852,12.16,0.831,46.39
"2025-11-18 03:15:00",1226,12.75,"2025-11-18 03:09:00",4.489,7.918,288,427.5,0.863,12.15,0.832,46.41
"2025-11-18 03:30:00",1227,12.75,"2025-11-18 03:23:00",4.596,7.934,288.1,427.5,0.922,12.14,0.832,46.44
"2025-11-18 03:45:00",1228,12.74,"2025-11-18 03:45:00",4.729,7.951,288.3,427.5,0.906,12.15,0.832,46.47
"2025-11-18 04:00:00",1229,12.74,"2025-11-18 03:57:00",4.854,7.969,288.3,427.4,0.886,12.13,0.832,46.5
"2025-11-18 04:15:00",1230,12.73,"2025-11-18 04:08:40",4.959,7.985,288.4,427.3,0.881,12.14,0.832,46.53
"2025-11-18 04:30:00",1231,12.72,"2025-11-18 04:29:00",5.041,8,288.5,427.2,0.868,12.14,0.831,46.56
"2025-11-18 04:45:00",1232,12.72,"2025-11-18 04:45:00",5.127,8.02,288.6,427.1,0.859,12.13,0.832,46.59
"2025-11-18 05:00:00",1233,12.72,"2025-11-18 04:59:00",5.21,8.04,288.7,427,0.901,12.13,0.832,46.62
"2025-11-18 05:15:00",1234,12.72,"2025-11-18 05:10:50",5.3,8.05,288.6,426.7,0.895,12.13,0.832,46.65
"2025-11-18 05:30:00",1235,12.72,"2025-11-18 05:22:50",5.39,8.07,288.5,426.4,0.883,12.14,0.832,46.67
"2025-11-18 05:45:00",1236,12.72,"2025-11-18 05:45:00",5.472,8.08,288.5,426.2,0.91,12.13,0.832,46.7
"2025-11-18 06:00:00",1237,12.72,"2025-11-18 05:55:00",5.538,8.09,288.5,426.1,0.909,12.13,0.832,46.72
"2025-11-18 06:15:00",1238,12.72,"2025-11-18 06:02:50",5.613,8.11,288.2,425.5,0.918,12.13,0.834,46.74
"2025-11-18 06:30:00",1239,12.71,"2025-11-18 06:21:00",5.676,8.12,288.2,425.3,0.897,12.13,0.834,46.77
"2025-11-18 06:45:00",1240,12.71,"2025-11-18 06:37:00",5.7,8.12,287.5,424.3,0.95,12.13,0.838,46.78
"2025-11-18 07:00:00",1241,12.71,"2025-11-18 06:46:50",5.691,8.13,287.1,423.6,0.969,12.13,0.84,46.78
"2025-11-18 07:15:00",1242,12.71,"2025-11-18 07:00:50",5.684,8.14,287.2,423.6,0.959,12.13,0.84,46.8
"2025-11-18 07:30:00",1243,12.71,"2025-11-18 07:22:40",5.714,8.16,287.4,423.7,0.954,12.13,0.839,46.83
"2025-11-18 07:45:00",1244,12.71,"2025-11-18 07:30:40",5.736,8.17,287.6,423.8,0.969,12.13,0.838,46.85
"2025-11-18 08:00:00",1245,12.72,"2025-11-18 07:46:50",5.775,8.18,287.8,423.9,1.011,12.13,0.838,46.88
"2025-11-18 08:15:00",1246,12.72,"2025-11-18 08:00:50",5.807,8.2,287.9,424,1.01,12.14,0.837,46.9
"2025-11-18 08:30:00",1247,12.75,"2025-11-18 08:18:40",5.842,8.21,288.1,424.1,1.019,12.15,0.838,46.93
"2025-11-18 08:45:00",1248,12.77,"2025-11-18 08:30:30",6.008,8.23,288.4,424.3,0.957,12.19,0.838,46.97
"2025-11-18 09:00:00",1249,12.83,"2025-11-18 08:46:50",6.238,8.26,288.7,424.4,0.929,12.26,0.838,47.02
"2025-11-18 09:15:00",1250,12.78,"2025-11-18 09:13:00",6.483,"NAN","NAN","NAN","NAN","NAN",0.837,47.06
"2025-11-18 09:30:00",1251,12.74,"2025-11-18 09:21:00",6.738,"NAN","NAN","NAN","NAN","NAN",0.836,47.09
"2025-11-18 09:45:00",1252,12.73,"2025-11-18 09:31:00",6.97,8.31,289.3,424.7,0.933,12.15,0.836,47.12
"2025-11-18 10:00:00",1253,12.71,"2025-11-18 09:57:00",7.158,8.32,289.5,424.9,0.928,12.14,0.836,47.14
"2025-11-18 10:15:00",1254,12.72,"2025-11-18 10:01:00",7.198,8.33,289.5,424.6,0.935,12.13,0.837,47.16
"2025-11-18 10:30:00",1255,12.71,"2025-11-18 10:16:50",7.139,8.34,289,423.9,0.977,12.13,0.842,47.17
"2025-11-18 10:45:00",1256,12.71,"2025-11-18 10:30:40",7.097,8.34,288.9,423.7,0.977,12.13,0.847,47.18
"2025-11-18 11:00:00",1257,12.71,"2025-11-18 10:46:50",7.085,8.34,288.5,423.1,0.985,12.13,0.85,47.17
"2025-11-18 11:15:00",1258,12.72,"2025-11-18 11:00:50",7.049,8.33,287.5,421.8,1.025,12.13,0.853,47.15
"2025-11-18 11:30:00",1259,12.77,"2025-11-18 11:17:00",7.029,8.32,286.5,420.4,1.064,12.2,0.858,47.14
"2025-11-18 11:45:00",1260,12.93,"2025-11-18 11:30:30",7.078,8.34,286.3,420,1.053,12.36,0.86,47.17
"2025-11-18 12:00:00",1261,13.26,"2025-11-18 11:45:10",7.334,8.38,286.6,419.9,1.051,12.75,0.859,47.25
"2025-11-18 12:15:00",1262,13.43,"2025-11-18 12:06:20",7.716,8.45,287,419.7,1.033,12.86,0.859,47.37
"2025-11-18 12:30:00",1263,13.44,"2025-11-18 12:23:00",8.17,8.53,287.3,419.3,0.982,12.92,0.859,47.51
"2025-11-18 12:45:00",1264,13.5,"2025-11-18 12:45:00",8.6,8.6,287.6,418.7,1.007,12.98,0.859,47.65
"2025-11-18 13:00:00",1265,13.26,"2025-11-18 12:56:40",8.92,8.66,287.8,418.3,0.938,12.78,0.859,47.76
"2025-11-18 13:15:00",1266,13.2,"2025-11-18 13:14:50",9.02,8.67,287.9,418.3,0.955,12.66,0.86,47.79
"2025-11-18 13:30:00",1267,13.19,"2025-11-18 13:22:30",9.08,8.68,288,418.5,0.938,12.6,0.86,47.8
"2025-11-18 13:45:00",1268,13.19,"2025-11-18 13:44:50",9.17,8.7,288.3,418.6,0.923,12.65,0.861,47.83
"2025-11-18 14:00:00",1269,13.14,"2025-11-18 13:52:50",9.28,8.72,288.5,418.7,0.928,12.57,0.863,47.86
"2025-11-18 14:15:00",1270,13.15,"2025-11-18 14:15:00",9.38,8.73,288.8,419.1,0.927,12.58,0.864,47.88
"2025-11-18 14:30:00",1271,13.1,"2025-11-18 14:26:50",9.47,8.73,289.2,419.6,0.92,12.54,0.865,47.88
"2025-11-18 14:45:00",1272,13.06,"2025-11-18 14:42:50",9.51,8.72,289.4,420,0.932,12.49,0.866,47.87
"2025-11-18 15:00:00",1273,13.09,"2025-11-18 14:46:10",9.54,8.71,289.6,420.3,0.929,12.52,0.867,47.86
"2025-11-18 15:15:00",1274,13.05,"2025-11-18 15:12:50",9.59,8.72,289.9,420.8,0.922,12.49,0.869,47.87
"2025-11-18 15:30:00",1275,13.02,"2025-11-18 15:27:00",9.62,8.72,290.1,421,0.926,12.45,0.871,47.87
"2025-11-18 15:45:00",1276,13,"2025-11-18 15:44:50",9.62,8.72,290.1,421,0.949,12.45,0.872,47.87
"2025-11-18 16:00:00",1277,13,"2025-11-18 15:46:50",9.64,8.73,290.4,421.4,0.919,12.4,0.874,47.88
"2025-11-18 16:15:00",1278,13,"2025-11-18 16:14:40",9.7,8.74,290.5,421.3,0.951,12.44,0.877,47.9
"2025-11-18 16:30:00",1279,12.95,"2025-11-18 16:29:00",9.77,8.75,290.7,421.5,0.944,12.38,0.879,47.92
"2025-11-18 16:45:00",1280,12.93,"2025-11-18 16:40:40",9.84,8.76,291,421.9,0.949,12.35,0.879,47.93
"2025-11-18 17:00:00",1281,12.9,"2025-11-18 16:58:50",9.91,8.76,291.3,422.3,0.933,12.34,0.88,47.94
"2025-11-18 17:15:00",1282,12.87,"2025-11-18 17:15:00",9.98,8.76,291.6,422.7,0.936,12.29,0.88,47.94
"2025-11-18 17:30:00",1283,12.84,"2025-11-18 17:29:00",10.04,8.76,291.8,423.1,0.924,12.26,0.881,47.94
"2025-11-18 17:45:00",1284,12.82,"2025-11-18 17:45:00",10.09,8.76,292.1,423.4,0.911,12.24,0.881,47.93
"2025-11-18 18:00:00",1285,12.8,"2025-11-18 17:59:00",10.15,8.76,292.2,423.6,0.923,12.22,0.882,47.93
"2025-11-18 18:15:00",1286,12.79,"2025-11-18 18:13:00",10.18,8.76,291.8,423,0.965,12.2,0.884,47.94
"2025-11-18 18:30:00",1287,12.78,"2025-11-18 18:29:00",10.2,8.77,291.5,422.4,1.02,12.19,0.888,47.95
"2025-11-18 18:45:00",1288,12.77,"2025-11-18 18:41:00",10.23,8.79,289.6,419.5,1.365,12.18,0.894,47.99
"2025-11-18 19:00:00",1289,12.75,"2025-11-18 18:57:00",10.28,8.8,290.1,420.1,1.241,12.17,0.894,48
"2025-11-18 19:15:00",1290,12.75,"2025-11-18 19:14:50",10.29,8.8,290.3,420.3,1.359,12.16,0.895,48.01
"2025-11-18 19:30:00",1291,12.74,"2025-11-18 19:28:50",10.3,8.81,290.7,420.8,1.419,12.15,0.894,48.03
"2025-11-18 19:45:00",1292,12.74,"2025-11-18 19:43:00",10.27,8.81,290.9,421.2,1.275,12.15,0.894,48.03
"2025-11-18 20:00:00",1293,12.74,"2025-11-18 19:46:40",10.24,8.81,291.2,421.5,1.327,12.14,0.894,48.03
"2025-11-18 20:15:00",1294,12.73,"2025-11-18 20:14:50",10.09,8.8,291.3,421.9,1.193,12.14,0.896,48.01
"2025-11-18 20:30:00",1295,12.73,"2025-11-18 20:18:40",9.81,8.78,291.5,422.4,1.101,12.14,0.897,47.98
"2025-11-18 20:45:00",1296,12.73,"2025-11-18 20:41:00",9.51,8.77,291.8,422.9,1.137,12.14,0.898,47.95
"2025-11-18 21:00:00",1297,12.73,"2025-11-18 20:47:00",9.24,8.76,292,423.4,1.163,12.14,0.899,47.93
"2025-11-18 21:15:00",1298,12.73,"2025-11-18 21:09:00",9,8.75,292.3,423.9,1.185,12.13,0.899,47.91
"2025-11-18 21:30:00",1299,12.72,"2025-11-18 21:18:00",8.86,8.74,292.6,424.3,1.251,12.13,0.901,47.9
"2025-11-18 21:45:00",1300,12.72,"2025-11-18 21:30:50",8.76,8.74,292.8,424.7,1.189,12.13,0.902,47.89
"2025-11-18 22:00:00",1301,12.72,"2025-11-18 21:57:00",8.69,8.74,292.9,424.9,1.091,12.13,0.904,47.89
"2025-11-18 22:15:00",1302,12.72,"2025-11-18 22:07:00",8.66,8.74,293.1,425.2,1.003,12.13,0.906,47.89
"2025-11-18 22:30:00",1303,12.72,"2025-11-18 22:25:00",8.66,8.74,293.2,425.3,1.263,12.13,0.909,47.89
"2025-11-18 22:45:00",1304,12.71,"2025-11-18 22:43:00",8.68,8.74,293.3,425.5,1.344,12.13,0.911,47.9
"2025-11-18 23:00:00",1305,12.71,"2025-11-18 22:59:00",8.73,8.75,293.5,425.6,1.145,12.13,0.914,47.9
"2025-11-18 23:15:00",1306,12.71,"2025-11-18 23:07:00",8.78,8.75,293.6,425.7,1.217,12.13,0.917,47.91
"2025-11-18 23:30:00",1307,12.71,"2025-11-18 23:18:50",8.83,8.76,293.7,425.8,1.582,12.13,0.92,47.92
"2025-11-18 23:45:00",1308,12.71,"2025-11-18 23:34:40",8.87,8.76,293.7,425.8,1.386,12.13,0.924,47.93
"2025-11-19 00:00:00",1309,12.71,"2025-11-18 23:52:40",8.88,8.77,293.8,425.8,1.047,12.13,0.928,47.94
"2025-11-19 00:15:00",1310,12.71,"2025-11-19 00:02:20",8.88,8.78,293.8,425.7,1.097,12.13,0.932,47.95
"2025-11-19 00:30:00",1311,12.71,"2025-11-19 00:29:00",8.88,8.78,293.7,425.6,1.208,12.13,0.936,47.97
"2025-11-19 00:45:00",1312,12.71,"2025-11-19 00:39:00",8.87,8.79,293.7,425.4,1.184,12.13,0.939,47.98
"2025-11-19 01:00:00",1313,12.7,"2025-11-19 00:58:00",8.88,8.8,293.7,425.3,1.136,12.13,0.944,48
"2025-11-19 01:15:00",1314,12.71,"2025-11-19 01:06:50",8.88,8.81,293.7,425.2,1.169,12.13,0.949,48.01
"2025-11-19 01:30:00",1315,12.7,"2025-11-19 01:19:00",8.89,8.82,293.7,425.1,1.051,12.13,0.955,48.03
"2025-11-19 01:45:00",1316,12.7,"2025-11-19 01:30:50",8.91,8.83,293.8,425,1.039,12.13,0.96,48.05
"2025-11-19 02:00:00",1317,12.7,"2025-11-19 01:46:40",8.92,8.84,293.8,425,1.037,12.13,0.965,48.07
"2025-11-19 02:15:00",1318,12.7,"2025-11-19 02:05:00",8.92,8.85,293.9,425,1.042,12.12,0.97,48.08
"2025-11-19 02:30:00",1319,12.7,"2025-11-19 02:26:50",8.92,8.86,293.9,424.9,1.047,12.13,0.976,48.1
"2025-11-19 02:45:00",1320,12.7,"2025-11-19 02:34:40",8.92,8.87,294,424.9,1.059,12.13,0.981,48.12
"2025-11-19 03:00:00",1321,12.69,"2025-11-19 02:57:00",8.92,8.88,294.1,424.9,1.064,12.13,0.986,48.13
"2025-11-19 03:15:00",1322,12.69,"2025-11-19 03:02:10",8.92,"NAN","NAN","NAN","NAN","NAN",0.989,48.14
"2025-11-19 03:30:00",1323,12.69,"2025-11-19 03:17:00",8.92,8.89,294.3,425,1.053,12.12,0.992,48.16
"2025-11-19 03:45:00",1324,12.69,"2025-11-19 03:30:50",8.92,8.9,294.4,425.1,1.066,12.13,0.994,48.17
"2025-11-19 04:00:00",1325,12.69,"2025-11-19 03:52:50",8.88,8.9,294.5,425.2,1.245,12.13,0.996,48.18
"2025-11-19 04:15:00",1326,12.69,"2025-11-19 04:15:00",8.85,8.91,294.6,425.3,1.247,12.12,0.998,48.19
"2025-11-19 04:30:00",1327,12.69,"2025-11-19 04:17:00",8.81,8.91,294.7,425.4,1.158,12.12,0.999,48.2
"2025-11-19 04:45:00",1328,12.69,"2025-11-19 04:34:40",8.75,8.92,294.9,425.6,1.156,12.13,1.001,48.21
"2025-11-19 05:00:00",1329,12.69,"2025-11-19 04:50:40",8.64,8.92,295,425.8,1.123,12.12,1.002,48.21
"2025-11-19 05:15:00",1330,12.68,"2025-11-19 05:06:40",8.51,8.92,295.1,425.9,1.091,12.12,1.003,48.21
"2025-11-19 05:30:00",1331,12.68,"2025-11-19 05:27:00",8.41,8.92,295.2,426.1,1.083,12.12,1.003,48.21
"2025-11-19 05:45:00",1332,12.69,"2025-11-19 05:30:40",8.34,8.93,295.4,426.3,1.101,12.12,1.004,48.22
"2025-11-19 06:00:00",1333,12.69,"2025-11-19 05:46:30",8.28,8.93,295.6,426.5,1.181,12.12,1.005,48.22
"2025-11-19 06:15:00",1334,12.68,"2025-11-19 06:08:50",8.21,8.93,295.8,426.8,1.095,12.12,1.005,48.22
"2025-11-19 06:30:00",1335,12.68,"2025-11-19 06:28:40",8.14,8.93,295.9,427,1.231,12.12,1.007,48.22
"2025-11-19 06:45:00",1336,12.68,"2025-11-19 06:42:40",8.1,8.93,296.1,427.3,1.101,12.12,1.007,48.22
"2025-11-19 07:00:00",1337,12.68,"2025-11-19 06:46:40",8.07,"NAN","NAN","NAN","NAN","NAN",1.008,48.22
"2025-11-19 07:15:00",1338,12.68,"2025-11-19 07:02:10",8.05,8.93,296.5,427.9,1.048,12.12,1.01,48.22
"2025-11-19 07:30:00",1339,12.68,"2025-11-19 07:25:00",8.03,8.93,296.7,428.2,1.036,12.12,1.011,48.22
"2025-11-19 07:45:00",1340,12.68,"2025-11-19 07:31:00",8.02,8.92,296.9,428.5,1.037,12.12,1.012,48.22
"2025-11-19 08:00:00",1341,12.68,"2025-11-19 07:47:00",8.02,8.93,297.1,428.8,1.036,12.12,1.014,48.22
"2025-11-19 08:15:00",1342,12.69,"2025-11-19 08:00:50",8.03,8.93,297.3,429,1.074,12.12,1.016,48.23
"2025-11-19 08:30:00",1343,12.69,"2025-11-19 08:19:00",8.07,8.93,297.5,429.2,1.043,12.12,1.018,48.23
"2025-11-19 08:45:00",1344,12.71,"2025-11-19 08:30:30",8.12,8.94,297.7,429.4,1.039,12.12,1.02,48.24
"2025-11-19 09:00:00",1345,12.73,"2025-11-19 08:47:00",8.22,8.95,297.9,429.5,1.055,12.13,1.021,48.26
"2025-11-19 09:15:00",1346,12.75,"2025-11-19 09:00:50",8.29,8.96,298,429.7,1.065,12.14,1.022,48.29
"2025-11-19 09:30:00",1347,12.76,"2025-11-19 09:21:00",8.35,8.98,298.2,429.7,1.039,12.16,1.025,48.31
"2025-11-19 09:45:00",1348,12.78,"2025-11-19 09:37:00",8.4,8.99,298.3,429.7,1.041,12.18,1.027,48.34
"2025-11-19 10:00:00",1349,12.8,"2025-11-19 09:46:40",8.46,9.01,298.4,429.7,1.048,12.21,1.03,48.37
"2025-11-19 10:15:00",1350,12.87,"2025-11-19 10:00:20",8.56,9.04,298.6,429.5,1.04,12.28,1.032,48.42
"2025-11-19 10:30:00",1351,12.96,"2025-11-19 10:16:10",8.65,9.06,298.7,429.4,1.031,12.36,1.034,48.47
"2025-11-19 10:45:00",1352,13.04,"2025-11-19 10:30:10",8.77,9.1,298.8,429.2,1.033,12.5,1.036,48.53
"2025-11-19 11:00:00",1353,13.21,"2025-11-19 10:45:20",8.97,9.14,299,428.9,1.046,12.62,1.039,48.61
"2025-11-19 11:15:00",1354,13.23,"2025-11-19 11:14:50",9.19,9.18,299.1,428.5,1.047,12.63,1.042,48.68
"2025-11-19 11:30:00",1355,13.22,"2025-11-19 11:17:00",9.36,9.22,299.1,428.2,1.041,12.64,1.046,48.74
"2025-11-19 11:45:00",1356,13.21,"2025-11-19 11:44:50",9.51,9.25,299.2,427.9,1.057,12.62,1.049,48.8
"2025-11-19 12:00:00",1357,13.17,"2025-11-19 11:59:00",9.58,9.28,299.2,427.7,1.035,12.59,1.052,48.85
"2025-11-19 12:15:00",1358,13.15,"2025-11-19 12:06:40",9.61,9.3,299.3,427.5,1.031,12.55,1.057,48.89
"2025-11-19 12:30:00",1359,13.19,"2025-11-19 12:16:50",9.57,9.32,299.4,427.3,1.043,12.59,1.06,48.93
"2025-11-19 12:45:00",1360,13.23,"2025-11-19 12:31:00",9.55,9.35,299.4,427.1,1.052,12.65,1.064,48.98
"2025-11-19 13:00:00",1361,13.27,"2025-11-19 12:46:30",9.57,9.38,299.6,426.9,1.067,12.68,1.068,49.04
"2025-11-19 13:15:00",1362,13.19,"2025-11-19 13:11:00",9.61,9.41,299.6,426.7,1.067,12.63,1.073,49.09
"2025-11-19 13:30:00",1363,13.19,"2025-11-19 13:28:40",9.64,9.43,299.7,426.5,1.081,12.61,1.077,49.13
"2025-11-19 13:45:00",1364,13.17,"2025-11-19 13:34:10",9.66,9.45,299.7,426.4,1.091,12.58,1.081,49.16
"2025-11-19 14:00:00",1365,13.22,"2025-11-19 13:58:50",9.69,9.47,299.8,426.3,1.093,12.63,1.085,49.2
"2025-11-19 14:15:00",1366,13.19,"2025-11-19 14:05:00",9.73,9.49,299.9,426.2,1.115,12.6,1.09,49.23
"2025-11-19 14:30:00",1367,13.22,"2025-11-19 14:17:00",9.73,9.51,300,426,1.135,12.63,1.096,49.27
"2025-11-19 14:45:00",1368,13.2,"2025-11-19 14:43:00",9.76,9.53,300,425.8,1.152,12.61,1.101,49.31
"2025-11-19 15:00:00",1369,13.17,"2025-11-19 14:59:00",9.79,9.56,300.1,425.7,1.171,12.59,1.105,49.35
"2025-11-19 15:15:00",1370,13.11,"2025-11-19 15:12:30",9.77,9.57,300.2,425.5,1.188,12.53,1.11,49.38
"2025-11-19 15:30:00",1371,13.08,"2025-11-19 15:29:00",9.71,9.58,300.2,425.6,1.22,12.5,1.114,49.4
"2025-11-19 15:45:00",1372,13.03,"2025-11-19 15:38:10",9.65,9.59,300.4,425.6,1.234,12.46,1.119,49.41
"2025-11-19 16:00:00",1373,13.01,"2025-11-19 15:54:50",9.59,9.6,300.5,425.7,1.249,12.41,1.124,49.43
"2025-11-19 16:15:00",1374,12.98,"2025-11-19 16:15:00",9.53,9.61,300.6,425.8,1.267,12.39,1.127,49.44
"2025-11-19 16:30:00",1375,12.95,"2025-11-19 16:29:00",9.48,9.61,300.8,426,1.313,12.36,1.132,49.44
"2025-11-19 16:45:00",1376,12.92,"2025-11-19 16:45:00",9.41,9.61,301,426.2,1.31,12.33,1.136,49.44
"2025-11-19 17:00:00",1377,12.9,"2025-11-19 16:56:50",9.36,9.61,301.1,426.4,1.327,12.3,1.14,49.45
"2025-11-19 17:15:00",1378,12.87,"2025-11-19 17:15:00",9.32,9.62,301.3,426.7,1.344,12.28,1.143,49.45
"2025-11-19 17:30:00",1379,12.85,"2025-11-19 17:27:00",9.27,9.62,301.5,426.9,1.387,12.25,1.146,49.45
"2025-11-19 17:45:00",1380,12.83,"2025-11-19 17:44:50",9.23,9.62,301.7,427.3,1.399,12.23,1.149,49.45
"2025-11-19 18:00:00",1381,12.81,"2025-11-19 17:59:00",9.19,9.61,301.9,427.6,1.431,12.22,1.152,49.45
"2025-11-19 18:15:00",1382,12.79,"2025-11-19 18:14:40",9.17,9.61,302.2,427.9,1.457,12.19,1.153,49.45
"2025-11-19 18:30:00",1383,12.78,"2025-11-19 18:29:00",9.13,9.61,302.4,428.2,1.519,12.18,1.157,49.45
"2025-11-19 18:45:00",1384,12.77,"2025-11-19 18:44:30",9.09,9.61,302.6,428.5,1.621,12.16,1.159,49.45
"2025-11-19 19:00:00",1385,12.76,"2025-11-19 18:57:00",9.05,9.61,302.8,428.8,1.662,12.16,1.161,49.45
"2025-11-19 19:15:00",1386,12.74,"2025-11-19 19:07:00",9.01,9.61,303,429,1.703,12.14,1.164,49.45
"2025-11-19 19:30:00",1387,12.73,"2025-11-19 19:27:00",8.96,9.62,303.2,429.3,1.622,12.13,1.166,49.45
"2025-11-19 19:45:00",1388,12.73,"2025-11-19 19:44:40",8.92,9.62,303.4,429.6,1.682,12.12,1.167,49.45
"2025-11-19 20:00:00",1389,12.72,"2025-11-19 19:57:00",8.89,9.62,303.6,429.9,1.693,12.12,1.168,49.46
"2025-11-19 20:15:00",1390,12.71,"2025-11-19 20:07:00",8.87,9.62,303.8,430.1,1.718,12.12,1.169,49.46
"2025-11-19 20:30:00",1391,12.71,"2025-11-19 20:29:00",8.85,9.62,304,430.4,1.765,12.12,1.172,49.46
"2025-11-19 20:45:00",1392,12.7,"2025-11-19 20:37:00",8.83,9.62,304.2,430.6,1.737,12.12,1.174,49.47
"2025-11-19 21:00:00",1393,12.7,"2025-11-19 20:51:00",8.82,9.63,304.4,430.9,1.706,12.12,1.176,49.47
"2025-11-19 21:15:00",1394,12.69,"2025-11-19 21:11:00",8.79,9.63,304.5,431.1,1.738,12.12,1.179,49.48
"2025-11-19 21:30:00",1395,12.69,"2025-11-19 21:18:50",8.79,9.63,304.8,431.4,1.757,12.12,1.18,49.48
"2025-11-19 21:45:00",1396,12.68,"2025-11-19 21:45:00",8.79,9.64,304.9,431.6,1.769,12.12,1.181,49.49
"2025-11-19 22:00:00",1397,12.68,"2025-11-19 21:57:00",8.77,9.64,305.1,431.8,1.78,12.12,1.183,49.49
"2025-11-19 22:15:00",1398,12.68,"2025-11-19 22:14:40",8.77,9.64,305.3,432,1.771,12.12,1.188,49.5
"2025-11-19 22:30:00",1399,12.68,"2025-11-19 22:18:50",8.77,9.65,305.5,432.2,1.788,12.12,1.192,49.51
"2025-11-19 22:45:00",1400,12.67,"2025-11-19 22:37:00",8.77,9.65,305.7,432.5,1.833,12.12,1.196,49.51
"2025-11-19 23:00:00",1401,12.67,"2025-11-19 22:47:00",8.75,9.65,305.9,432.7,1.813,12.12,1.2,49.52
"2025-11-19 23:15:00",1402,12.67,"2025-11-19 23:12:50",8.75,9.66,306,432.9,1.801,12.12,1.205,49.52
"2025-11-19 23:30:00",1403,12.67,"2025-11-19 23:23:00",8.75,9.66,306.2,433.1,1.807,12.12,1.211,49.53
"2025-11-19 23:45:00",1404,12.67,"2025-11-19 23:32:50",8.75,9.66,306.4,433.3,1.818,12.12,1.217,49.54
"2025-11-20 00:00:00",1405,12.67,"2025-11-19 23:58:40",8.75,9.67,306.6,433.5,1.819,12.12,1.223,49.54
"2025-11-20 00:15:00",1406,12.67,"2025-11-20 00:00:40",8.74,9.67,306.7,433.8,1.811,12.12,1.232,49.54
"2025-11-20 00:30:00",1407,12.67,"2025-11-20 00:29:00",8.72,9.67,306.9,434,1.828,12.12,1.24,49.55
"2025-11-20 00:45:00",1408,12.66,"2025-11-20 00:31:00",8.72,9.67,307.1,434.2,1.781,12.12,1.251,49.55
"2025-11-20 01:00:00",1409,12.66,"2025-11-20 00:59:00",8.7,9.67,307.3,434.5,1.779,12.12,1.26,49.55
"2025-11-20 01:15:00",1410,12.66,"2025-11-20 01:14:50",8.7,9.67,307.5,434.8,1.817,12.12,1.271,49.55
"2025-11-20 01:30:00",1411,12.66,"2025-11-20 01:16:50",8.7,9.67,307.7,435,1.897,12.12,1.285,49.55
"2025-11-20 01:45:00",1412,12.66,"2025-11-20 01:41:00",8.7,9.67,307.8,435.3,1.8,12.12,1.296,49.55
"2025-11-20 02:00:00",1413,12.66,"2025-11-20 01:59:00",8.7,9.67,308,435.6,1.812,12.12,1.308,49.55
"2025-11-20 02:15:00",1414,12.66,"2025-11-20 02:11:00",8.7,9.67,308.2,435.9,1.868,12.12,1.32,49.54
"2025-11-20 02:30:00",1415,12.66,"2025-11-20 02:22:40",8.7,9.67,308.5,436.2,1.927,12.12,1.33,49.54
"2025-11-20 02:45:00",1416,12.66,"2025-11-20 02:40:50",8.7,9.66,308.6,436.5,1.859,12.12,1.341,49.54
"2025-11-20 03:00:00",1417,12.66,"2025-11-20 02:50:50",8.7,9.66,308.8,436.8,1.828,12.12,1.358,49.53
"2025-11-20 03:15:00",1418,12.66,"2025-11-20 03:06:50",8.7,9.66,309,437.1,1.821,12.12,1.372,49.53
"2025-11-20 03:30:00",1419,12.65,"2025-11-20 03:27:00",8.71,9.66,309.2,437.4,1.871,12.12,1.389,49.52
"2025-11-20 03:45:00",1420,12.65,"2025-11-20 03:41:00",8.72,9.65,309.4,437.7,1.915,12.12,1.407,49.52
"2025-11-20 04:00:00",1421,12.65,"2025-11-20 03:47:00",8.74,9.65,309.6,438,1.897,12.12,1.438,49.51
"2025-11-20 04:15:00",1422,12.65,"2025-11-20 04:06:50",8.75,9.65,309.8,438.3,1.943,12.11,1.475,49.51
"2025-11-20 04:30:00",1423,12.65,"2025-11-20 04:19:00",8.75,9.65,310,438.6,1.963,12.12,1.497,49.51
"2025-11-20 04:45:00",1424,12.65,"2025-11-20 04:45:00",8.75,9.65,310.2,438.9,1.995,12.12,1.517,49.5
"2025-11-20 05:00:00",1425,12.65,"2025-11-20 04:59:00",8.75,9.64,310.4,439.2,2.069,12.12,1.544,49.5
"2025-11-20 05:15:00",1426,12.65,"2025-11-20 05:02:50",8.75,9.64,310.6,439.6,2.113,12.12,1.564,49.5
"2025-11-20 05:30:00",1427,12.64,"2025-11-20 05:26:40",8.76,9.64,310.8,439.9,2.182,12.12,1.581,49.49
"2025-11-20 05:45:00",1428,12.64,"2025-11-20 05:30:50",8.77,9.64,311,440.2,2.194,12.12,1.599,49.49
"2025-11-20 06:00:00",1429,12.65,"2025-11-20 05:52:40",8.77,9.64,311.3,440.6,2.267,12.12,1.618,49.49
"2025-11-20 06:15:00",1430,12.65,"2025-11-20 06:05:00",8.77,9.63,311.6,441,2.278,12.11,1.637,49.48
"2025-11-20 06:30:00",1431,12.64,"2025-11-20 06:18:50",8.77,9.63,311.9,441.4,2.365,12.12,1.652,49.48
"2025-11-20 06:45:00",1432,12.64,"2025-11-20 06:33:00",8.77,9.63,312.2,441.9,2.347,12.12,1.666,49.47
"2025-11-20 07:00:00",1433,12.64,"2025-11-20 06:58:50",8.75,9.62,312.5,442.4,2.373,12.12,1.68,49.46
"2025-11-20 07:15:00",1434,12.64,"2025-11-20 07:07:00",8.75,9.62,312.8,442.9,2.435,12.11,1.693,49.45
"2025-11-20 07:30:00",1435,12.64,"2025-11-20 07:20:40",8.75,9.61,313.1,443.5,2.477,12.12,1.704,49.44
"2025-11-20 07:45:00",1436,12.63,"2025-11-20 07:36:50",8.76,9.6,313.4,444,2.504,12.12,1.716,49.43
"2025-11-20 08:00:00",1437,12.65,"2025-11-20 07:50:20",8.77,9.6,313.8,444.6,2.461,12.12,1.726,49.41
"2025-11-20 08:15:00",1438,12.64,"2025-11-20 08:00:40",8.77,9.59,314.1,445.1,2.48,12.12,1.734,49.4
"2025-11-20 08:30:00",1439,12.65,"2025-11-20 08:21:00",8.8,9.58,314.4,445.7,2.483,12.12,1.743,49.38
"2025-11-20 08:45:00",1440,12.66,"2025-11-20 08:36:40",8.83,9.57,314.7,446.1,2.489,12.12,1.751,49.37
"2025-11-20 09:00:00",1441,12.67,"2025-11-20 08:46:20",8.85,9.56,314.9,446.6,2.501,12.12,1.758,49.35
"2025-11-20 09:15:00",1442,12.71,"2025-11-20 09:01:00",8.89,9.56,315.1,447,2.463,12.13,1.767,49.34
"2025-11-20 09:30:00",1443,12.78,"2025-11-20 09:17:00",8.97,9.55,315.3,447.3,2.442,12.2,1.774,49.34
"2025-11-20 09:45:00",1444,12.9,"2025-11-20 09:45:00",9.11,9.56,315.4,447.4,2.472,12.31,1.78,49.35
"2025-11-20 10:00:00",1445,12.83,"2025-11-20 09:56:50",9.25,9.56,315.5,447.6,2.468,12.28,1.787,49.34
"2025-11-20 10:15:00",1446,12.82,"2025-11-20 10:14:20",9.35,9.55,315.6,447.7,2.503,12.24,1.791,49.33
"2025-11-20 10:30:00",1447,12.8,"2025-11-20 10:21:00",9.43,9.54,315.6,447.8,2.496,12.21,1.794,49.32
"2025-11-20 10:45:00",1448,12.8,"2025-11-20 10:30:40",9.48,9.53,315.6,447.9,2.469,12.21,1.8,49.3
"2025-11-20 11:00:00",1449,12.84,"2025-11-20 10:46:50",9.51,9.53,315.5,447.8,2.527,12.25,1.807,49.29
"2025-11-20 11:15:00",1450,12.87,"2025-11-20 11:03:00",9.57,9.53,315.4,447.7,2.487,12.27,1.809,49.3
"2025-11-20 11:30:00",1451,12.89,"2025-11-20 11:17:00",9.64,9.53,315.3,447.5,2.46,12.3,1.814,49.3
"2025-11-20 11:45:00",1452,12.91,"2025-11-20 11:38:50",9.7,9.53,315.2,447.3,2.459,12.31,1.818,49.3
"2025-11-20 12:00:00",1453,12.92,"2025-11-20 11:47:00",9.72,9.53,315,447.1,2.477,12.32,1.822,49.3
"2025-11-20 12:15:00",1454,12.95,"2025-11-20 12:00:30",9.75,9.53,314.9,446.9,2.427,12.34,1.825,49.3
"2025-11-20 12:30:00",1455,12.94,"2025-11-20 12:21:00",9.78,9.53,314.8,446.7,2.443,12.35,1.828,49.31
"2025-11-20 12:45:00",1456,12.96,"2025-11-20 12:30:30",9.81,9.54,314.7,446.5,2.443,12.38,1.832,49.31
"2025-11-20 13:00:00",1457,13.01,"2025-11-20 12:47:00",9.85,9.54,314.6,446.4,2.381,12.42,1.834,49.33
"2025-11-20 13:15:00",1458,13.02,"2025-11-20 13:13:00",9.93,9.55,314.6,446.2,2.409,12.42,1.835,49.35
"2025-11-20 13:30:00",1459,13.01,"2025-11-20 13:29:00",9.98,9.56,314.6,446.2,2.405,12.42,1.838,49.36
"2025-11-20 13:45:00",1460,12.98,"2025-11-20 13:41:00",10.03,9.57,314.7,446.2,2.415,12.4,1.842,49.37
"2025-11-20 14:00:00",1461,12.99,"2025-11-20 13:46:30",10.07,9.58,314.9,446.3,2.455,12.39,1.845,49.39
"2025-11-20 14:15:00",1462,12.9,"2025-11-20 14:12:30",10.08,9.59,315.1,446.5,2.433,12.36,1.847,49.4
"2025-11-20 14:30:00",1463,12.94,"2025-11-20 14:15:10",10.07,9.6,315.4,446.8,2.391,12.41,1.84,49.42
"2025-11-20 14:45:00",1464,12.99,"2025-11-20 14:45:00",10.12,9.61,315.7,447.1,2.349,12.45,1.846,49.45
"2025-11-20 15:00:00",1465,12.92,"2025-11-20 14:59:00",10.15,9.62,316.1,447.5,2.389,12.35,1.847,49.46
"2025-11-20 15:15:00",1466,12.89,"2025-11-20 15:07:00",10.14,9.63,316.5,448.1,2.39,12.29,1.843,49.47
"2025-11-20 15:30:00",1467,12.89,"2025-11-20 15:17:00",10.13,9.63,316.9,448.7,2.366,12.3,1.843,49.48
"2025-11-20 15:45:00",1468,12.85,"2025-11-20 15:45:00",10.13,9.64,317.4,449.2,2.371,12.28,1.844,49.49
"2025-11-20 16:00:00",1469,12.83,"2025-11-20 15:58:40",10.13,9.64,317.8,449.8,2.355,12.25,1.838,49.5
"2025-11-20 16:15:00",1470,12.8,"2025-11-20 16:10:50",10.16,9.65,318.3,450.3,2.379,12.22,1.838,49.51
"2025-11-20 16:30:00",1471,12.77,"2025-11-20 16:26:50",10.18,9.65,318.7,450.9,2.351,12.18,1.837,49.51
"2025-11-20 16:45:00",1472,12.73,"2025-11-20 16:45:00",10.18,9.65,319.2,451.5,2.354,12.16,1.837,49.52
"2025-11-20 17:00:00",1473,12.72,"2025-11-20 16:59:00",10.17,9.65,319.6,452.1,2.391,12.13,1.835,49.52
"2025-11-20 17:15:00",1474,12.69,"2025-11-20 17:14:50",10.14,9.66,320,452.6,2.405,12.12,1.834,49.53
"2025-11-20 17:30:00",1475,12.68,"2025-11-20 17:18:20",10.11,9.66,320.3,453.1,2.42,12.12,1.831,49.53
"2025-11-20 17:45:00",1476,12.67,"2025-11-20 17:43:00",10.08,9.66,320.7,453.6,2.457,12.12,1.828,49.53
"2025-11-20 18:00:00",1477,12.67,"2025-11-20 17:53:00",10.03,9.66,321,454,2.472,12.12,1.829,49.54
"2025-11-20 18:15:00",1478,12.66,"2025-11-20 18:15:00",9.99,9.67,321.3,454.3,2.506,12.12,1.826,49.55
"2025-11-20 18:30:00",1479,12.66,"2025-11-20 18:16:50",9.97,9.67,321.6,454.6,2.501,12.12,1.824,49.55
"2025-11-20 18:45:00",1480,12.64,"2025-11-20 18:45:00",9.97,9.68,321.8,454.9,2.545,12.12,1.821,49.57
"2025-11-20 19:00:00",1481,12.64,"2025-11-20 18:47:00",9.96,9.69,322.1,455.2,2.524,12.12,1.817,49.58
"2025-11-20 19:15:00",1482,12.64,"2025-11-20 19:11:00",9.95,9.69,322.3,455.4,2.523,12.12,1.815,49.59
"2025-11-20 19:30:00",1483,12.64,"2025-11-20 19:28:50",9.96,9.7,322.5,455.6,2.474,12.12,1.812,49.61
"2025-11-20 19:45:00",1484,12.64,"2025-11-20 19:31:00",9.99,9.71,322.7,455.8,2.482,12.12,1.809,49.63
"2025-11-20 20:00:00",1485,12.63,"2025-11-20 19:48:50",10.02,9.72,322.9,456,2.47,12.12,1.806,49.65
"2025-11-20 20:15:00",1486,12.63,"2025-11-20 20:08:50",10.04,9.73,323.1,456.1,2.481,12.11,1.802,49.67
"2025-11-20 20:30:00",1487,12.63,"2025-11-20 20:17:00",10.06,9.75,323.3,456.3,2.397,12.11,1.799,49.68
"2025-11-20 20:45:00",1488,12.63,"2025-11-20 20:30:40",10.08,9.76,323.5,456.4,2.388,12.12,1.796,49.7
"2025-11-20 21:00:00",1489,12.63,"2025-11-20 20:46:30",10.09,9.77,323.7,456.6,2.383,12.11,1.792,49.72
"2025-11-20 21:15:00",1490,12.63,"2025-11-20 21:00:40",10.09,"NAN","NAN","NAN","NAN","NAN",1.79,49.74
"2025-11-20 21:30:00",1491,12.63,"2025-11-20 21:29:00",10.06,"NAN","NAN","NAN","NAN","NAN",1.788,49.75
"2025-11-20 21:45:00",1492,12.63,"2025-11-20 21:33:00",10.07,9.79,324.3,457,2.425,12.1,1.785,49.77
"2025-11-20 22:00:00",1493,12.63,"2025-11-20 21:57:00",10.07,9.8,324.4,457.1,2.413,12.1,1.781,49.79
"2025-11-20 22:15:00",1494,12.63,"2025-11-20 22:09:00",10.06,9.81,324.6,457.3,2.372,12.09,1.777,49.8
"2025-11-20 22:30:00",1495,12.62,"2025-11-20 22:26:50",10.06,9.82,324.8,457.4,2.349,12.09,1.774,49.82
"2025-11-20 22:45:00",1496,12.62,"2025-11-20 22:42:50",10.07,9.83,324.9,457.5,2.377,12.09,1.771,49.83
"2025-11-20 23:00:00",1497,12.62,"2025-11-20 22:47:00",10.1,9.84,325.1,457.6,2.365,12.1,1.766,49.85
"2025-11-20 23:15:00",1498,12.62,"2025-11-20 23:01:00",10.12,9.85,325.3,457.7,2.362,12.07,1.765,49.86
"2025-11-20 23:30:00",1499,12.62,"2025-11-20 23:25:00",10.15,9.85,325.4,457.8,2.37,12.07,1.761,49.88
"2025-11-20 23:45:00",1500,12.62,"2025-11-20 23:30:50",10.17,9.86,325.5,457.9,2.381,12.06,1.759,49.89
"2025-11-21 00:00:00",1501,12.62,"2025-11-20 23:46:50",10.2,9.87,325.6,458,2.337,12.08,1.754,49.9
"2025-11-21 00:15:00",1502,12.62,"2025-11-21 00:10:50",10.2,9.88,325.7,458.1,2.323,12.05,1.751,49.92
"2025-11-21 00:30:00",1503,12.61,"2025-11-21 00:18:50",10.2,9.88,325.8,458.1,2.317,12.04,1.749,49.93
"2025-11-21 00:45:00",1504,12.62,"2025-11-21 00:31:00",10.2,9.89,325.9,458.2,2.319,12.04,1.744,49.94
"2025-11-21 01:00:00",1505,12.62,"2025-11-21 00:53:00",10.17,9.89,326,458.2,2.295,12.03,1.74,49.95
"2025-11-21 01:15:00",1506,12.62,"2025-11-21 01:02:40",10.13,9.9,326,458.2,2.306,12.02,1.738,49.95
"2025-11-21 01:30:00",1507,12.62,"2025-11-21 01:25:00",10.07,9.9,326.1,458.2,2.293,12.02,1.734,49.96
"2025-11-21 01:45:00",1508,12.61,"2025-11-21 01:37:00",10,9.9,326.1,458.2,2.248,12.03,1.73,49.96
"2025-11-21 02:00:00",1509,12.61,"2025-11-21 01:57:00",9.93,9.9,326.1,458.2,2.263,12.04,1.728,49.97
"2025-11-21 02:15:00",1510,12.61,"2025-11-21 02:01:00",9.9,9.91,326.1,458.2,2.261,12.02,1.723,49.97
"2025-11-21 02:30:00",1511,12.61,"2025-11-21 02:20:40",9.81,9.91,326,458.1,2.288,12.03,1.72,49.97
"2025-11-21 02:45:00",1512,12.61,"2025-11-21 02:42:50",9.79,9.91,326,458.1,2.3,12.02,1.717,49.97
"2025-11-21 03:00:00",1513,12.61,"2025-11-21 02:53:00",9.82,9.91,326,458,2.297,12.01,1.713,49.98
"2025-11-21 03:15:00",1514,12.61,"2025-11-21 03:03:00",9.88,9.91,326,458,2.333,12.01,1.71,49.99
"2025-11-21 03:30:00",1515,12.61,"2025-11-21 03:25:00",9.93,9.92,326,457.9,2.317,12.01,1.707,49.99
"2025-11-21 03:45:00",1516,12.61,"2025-11-21 03:33:00",9.97,9.92,326,457.9,2.35,12,1.705,50
"2025-11-21 04:00:00",1517,12.61,"2025-11-21 03:59:00",10.01,9.93,326,457.8,2.329,12,1.703,50.01
"2025-11-21 04:15:00",1518,12.61,"2025-11-21 04:00:40",10.04,9.93,326,457.7,2.281,11.99,1.699,50.01
"2025-11-21 04:30:00",1519,12.59,"2025-11-21 04:18:30",10.08,9.93,326,457.7,2.301,12,1.695,50.02
"2025-11-21 04:45:00",1520,12.6,"2025-11-21 04:45:00",10.14,9.94,325.9,457.6,2.318,11.99,1.692,50.02
"2025-11-21 05:00:00",1521,12.6,"2025-11-21 04:55:00",10.18,9.94,325.9,457.5,2.291,12.02,1.688,50.03
"2025-11-21 05:15:00",1522,12.59,"2025-11-21 05:02:10",10.21,9.94,325.8,457.4,2.322,12.05,1.686,50.04
"2025-11-21 05:30:00",1523,12.6,"2025-11-21 05:16:40",10.23,9.95,325.8,457.2,2.349,12.05,1.683,50.04
"2025-11-21 05:45:00",1524,12.6,"2025-11-21 05:30:40",10.24,9.95,325.7,457.1,2.339,12.01,1.681,50.05
"2025-11-21 06:00:00",1525,12.6,"2025-11-21 05:46:30",10.22,9.95,325.6,457,2.3,11.98,1.678,50.05
"2025-11-21 06:15:00",1526,12.6,"2025-11-21 06:00:30",10.21,9.95,325.6,456.9,2.315,11.97,1.674,50.05
"2025-11-21 06:30:00",1527,12.59,"2025-11-21 06:23:00",10.23,9.96,325.5,456.8,2.355,11.98,1.671,50.06
"2025-11-21 06:45:00",1528,12.59,"2025-11-21 06:39:00",10.25,9.96,325.4,456.6,2.339,11.98,1.668,50.07
"2025-11-21 07:00:00",1529,12.59,"2025-11-21 06:46:40",10.29,"NAN","NAN","NAN","NAN","NAN",1.667,50.07
"2025-11-21 07:15:00",1530,12.59,"2025-11-21 07:01:00",10.29,9.96,325.2,456.3,2.351,11.97,1.663,50.07
"2025-11-21 07:30:00",1531,12.59,"2025-11-21 07:17:00",10.31,9.97,325.2,456.2,2.321,11.98,1.66,50.08
"2025-11-21 07:45:00",1532,12.59,"2025-11-21 07:35:00",10.34,9.97,325.1,456,2.303,11.98,1.658,50.08
"2025-11-21 08:00:00",1533,12.59,"2025-11-21 07:47:00",10.39,9.97,325.1,456,2.317,11.98,1.656,50.09
"2025-11-21 08:15:00",1534,12.59,"2025-11-21 08:03:00",10.49,9.98,325.1,455.9,2.293,11.98,1.652,50.1
"2025-11-21 08:30:00",1535,12.59,"2025-11-21 08:17:00",10.56,9.98,325,455.8,2.267,11.98,1.651,50.1
"2025-11-21 08:45:00",1536,12.6,"2025-11-21 08:30:40",10.63,9.98,324.9,455.5,2.271,11.99,1.648,50.11
"2025-11-21 09:00:00",1537,12.61,"2025-11-21 08:46:30",10.69,9.99,324.8,455.4,2.249,12.06,1.646,50.12
"2025-11-21 09:15:00",1538,12.68,"2025-11-21 09:15:00",10.81,10,324.8,455.2,2.238,12.12,1.642,50.14
"2025-11-21 09:30:00",1539,12.65,"2025-11-21 09:27:00",10.94,10.01,324.8,455.1,2.255,12.12,1.64,50.16
"2025-11-21 09:45:00",1540,12.66,"2025-11-21 09:30:50",11.07,10.02,324.9,455.1,2.221,12.12,1.637,50.18
"2025-11-21 10:00:00",1541,12.67,"2025-11-21 09:55:00",11.21,10.04,325,455.1,2.221,12.12,1.634,50.21
"2025-11-21 10:15:00",1542,12.68,"2025-11-21 10:00:40",11.32,10.05,325.1,455,2.205,12.12,1.631,50.22
"2025-11-21 10:30:00",1543,12.71,"2025-11-21 10:17:00",11.42,10.06,325.1,455,2.183,12.12,1.628,50.25
"2025-11-21 10:45:00",1544,12.75,"2025-11-21 10:30:10",11.55,10.07,325.2,454.9,2.201,12.14,1.625,50.27
"2025-11-21 11:00:00",1545,12.78,"2025-11-21 10:56:40",11.7,10.09,325.3,454.8,2.213,12.18,1.622,50.31
"2025-11-21 11:15:00",1546,12.78,"2025-11-21 11:01:00",11.85,10.11,325.4,454.8,2.193,12.18,1.62,50.33
"2025-11-21 11:30:00",1547,12.78,"2025-11-21 11:27:00",12,10.12,325.5,454.7,2.243,12.18,1.618,50.36
"2025-11-21 11:45:00",1548,12.81,"2025-11-21 11:30:10",12.13,10.14,325.6,454.7,2.177,12.21,1.614,50.4
"2025-11-21 12:00:00",1549,12.86,"2025-11-21 11:45:10",12.3,10.16,325.7,454.6,2.193,12.27,1.612,50.43
"2025-11-21 12:15:00",1550,12.86,"2025-11-21 12:12:40",12.45,10.18,325.9,454.5,2.173,12.29,1.61,50.47
"2025-11-21 12:30:00",1551,12.86,"2025-11-21 12:17:00",12.57,10.2,325.9,454.4,2.181,12.26,1.608,50.5
"2025-11-21 12:45:00",1552,12.85,"2025-11-21 12:42:50",12.71,10.22,325.9,454.1,2.167,12.27,1.607,50.54
"2025-11-21 13:00:00",1553,12.86,"2025-11-21 12:46:30",12.85,10.23,325.9,453.9,2.181,12.27,1.606,50.56
"2025-11-21 13:15:00",1554,12.84,"2025-11-21 13:14:50",13,10.25,326,453.9,2.149,12.26,1.603,50.59
"2025-11-21 13:30:00",1555,12.84,"2025-11-21 13:17:00",13.11,10.27,326.1,453.9,2.215,12.24,1.601,50.62
"2025-11-21 13:45:00",1556,12.84,"2025-11-21 13:33:00",13.23,10.28,326.3,453.9,2.162,12.24,1.599,50.65
"2025-11-21 14:00:00",1557,12.82,"2025-11-21 13:59:00",13.35,10.3,326.4,453.9,2.149,12.27,1.596,50.68
"2025-11-21 14:15:00",1558,12.79,"2025-11-21 14:08:40",13.45,10.31,326.5,453.8,2.153,12.2,1.595,50.7
"2025-11-21 14:30:00",1559,12.76,"2025-11-21 14:28:40",13.55,10.32,326.6,453.7,2.563,12.18,1.593,50.72
"2025-11-21 14:45:00",1560,12.77,"2025-11-21 14:30:30",13.64,10.34,326.6,453.6,2.178,12.19,1.593,50.75
"2025-11-21 15:00:00",1561,12.76,"2025-11-21 14:58:50",13.74,10.35,326.6,453.4,2.145,12.2,1.59,50.77
"2025-11-21 15:15:00",1562,12.75,"2025-11-21 15:09:00",13.82,10.36,326.5,453.1,2.169,12.16,1.59,50.79
"2025-11-21 15:30:00",1563,12.77,"2025-11-21 15:16:40",13.89,10.38,326.5,453.1,2.16,12.18,1.588,50.82
"2025-11-21 15:45:00",1564,12.82,"2025-11-21 15:38:50",14.02,10.4,326.7,453.1,2.127,12.21,1.585,50.86
"2025-11-21 16:00:00",1565,12.8,"2025-11-21 15:52:40",14.15,10.42,326.9,453.1,2.128,12.21,1.583,50.89
"2025-11-21 16:15:00",1566,12.77,"2025-11-21 16:14:40",14.27,10.44,327.1,453.2,2.147,12.2,1.58,50.93
"2025-11-21 16:30:00",1567,12.72,"2025-11-21 16:29:00",14.36,10.45,327.3,453.2,2.147,12.14,1.578,50.95
"2025-11-21 16:45:00",1568,12.7,"2025-11-21 16:44:50",14.42,10.46,327.5,453.3,2.143,12.12,1.578,50.97
"2025-11-21 17:00:00",1569,12.67,"2025-11-21 16:58:50",14.45,10.47,327.6,453.4,2.15,12.12,1.575,50.99
"2025-11-21 17:15:00",1570,12.65,"2025-11-21 17:15:00",14.47,10.48,327.8,453.5,2.176,12.12,1.572,51
"2025-11-21 17:30:00",1571,12.64,"2025-11-21 17:27:00",14.42,10.49,327.9,453.6,2.187,12.12,1.57,51.01
"2025-11-21 17:45:00",1572,12.63,"2025-11-21 17:43:00",14.34,10.49,327.9,453.6,2.201,12.12,1.569,51.03
"2025-11-21 18:00:00",1573,12.63,"2025-11-21 17:58:50",14.25,10.5,328,453.5,2.255,12.12,1.567,51.04
"2025-11-21 18:15:00",1574,12.62,"2025-11-21 18:05:00",14.15,10.51,327.9,453.3,2.318,12.12,1.566,51.05
"2025-11-21 18:30:00",1575,12.61,"2025-11-21 18:29:00",14.07,10.52,327.8,453.2,2.345,12.1,1.565,51.07
"2025-11-21 18:45:00",1576,12.61,"2025-11-21 18:35:00",13.99,10.53,327.8,453,2.37,12.07,1.563,51.08
"2025-11-21 19:00:00",1577,12.61,"2025-11-21 18:48:40",13.93,10.54,327.7,452.8,2.383,12.04,1.562,51.1
"2025-11-21 19:15:00",1578,12.6,"2025-11-21 19:14:50",13.87,10.54,327.7,452.8,2.388,12.04,1.56,51.11
"2025-11-21 19:30:00",1579,12.6,"2025-11-21 19:29:00",13.79,10.55,327.7,452.7,2.353,12.02,1.558,51.13
"2025-11-21 19:45:00",1580,12.6,"2025-11-21 19:32:50",13.73,10.56,327.7,452.5,2.333,12.01,1.557,51.14
"2025-11-21 20:00:00",1581,12.6,"2025-11-21 19:59:00",13.69,10.57,327.6,452.3,2.314,12.02,1.555,51.15
"2025-11-21 20:15:00",1582,12.6,"2025-11-21 20:02:50",13.6,10.57,327.5,452.1,2.329,12.05,1.554,51.17
"2025-11-21 20:30:00",1583,12.6,"2025-11-21 20:22:50",13.56,10.58,327.4,451.9,2.31,12.05,1.551,51.18
"2025-11-21 20:45:00",1584,12.6,"2025-11-21 20:38:50",13.51,10.59,327.3,451.6,2.345,12.03,1.55,51.19
"2025-11-21 21:00:00",1585,12.59,"2025-11-21 20:59:00",13.48,10.6,327.2,451.4,2.315,12.03,1.549,51.21
"2025-11-21 21:15:00",1586,12.59,"2025-11-21 21:13:00",13.46,10.6,327,451.1,2.325,12.03,1.546,51.22
"2025-11-21 21:30:00",1587,12.59,"2025-11-21 21:28:50",13.45,10.61,326.9,450.9,2.372,12.03,1.545,51.23
"2025-11-21 21:45:00",1588,12.59,"2025-11-21 21:38:50",13.45,10.62,326.8,450.5,2.394,12.02,1.544,51.25
"2025-11-21 22:00:00",1589,12.59,"2025-11-21 21:54:50",13.44,10.63,326.6,450.3,2.394,12.03,1.542,51.26
"2025-11-21 22:15:00",1590,12.55,"2025-11-21 22:02:20",13.47,10.63,326.5,450,2.391,12.02,1.54,51.27
"2025-11-21 22:30:00",1591,12.59,"2025-11-21 22:23:00",13.47,10.64,326.3,449.7,2.425,12.03,1.541,51.29
"2025-11-21 22:45:00",1592,12.58,"2025-11-21 22:38:30",13.47,10.65,326.2,449.4,2.443,11.99,1.54,51.3
"2025-11-21 23:00:00",1593,12.59,"2025-11-21 22:54:50",13.47,10.65,326,449,2.435,11.98,1.54,51.31
"2025-11-21 23:15:00",1594,12.59,"2025-11-21 23:06:50",13.47,10.66,325.8,448.7,2.487,11.98,1.539,51.32
"2025-11-21 23:30:00",1595,12.59,"2025-11-21 23:28:40",13.47,10.67,325.6,448.4,2.493,11.98,1.54,51.33
"2025-11-21 23:45:00",1596,12.59,"2025-11-21 23:36:40",13.49,10.67,325.5,448.1,2.558,11.98,1.538,51.34
"2025-11-22 00:00:00",1597,12.58,"2025-11-21 23:59:00",13.49,"NAN","NAN","NAN","NAN","NAN",1.538,51.35
"2025-11-22 00:15:00",1598,12.57,"2025-11-22 00:02:50",13.51,10.69,325.1,447.5,2.543,11.97,1.538,51.37
"2025-11-22 00:30:00",1599,12.58,"2025-11-22 00:28:30",13.54,10.69,325,447.2,2.56,11.97,1.537,51.38
"2025-11-22 00:45:00",1600,12.58,"2025-11-22 00:41:00",13.55,10.7,324.8,446.9,2.591,11.97,1.537,51.39
"2025-11-22 01:00:00",1601,12.58,"2025-11-22 00:50:50",13.64,10.71,324.6,446.5,2.631,11.98,1.537,51.4
"2025-11-22 01:15:00",1602,12.58,"2025-11-22 01:14:50",13.82,10.71,324.5,446.2,2.646,11.98,1.538,51.42
"2025-11-22 01:30:00",1603,12.58,"2025-11-22 01:26:50",13.88,10.72,324.3,445.9,2.662,11.97,1.537,51.43
"2025-11-22 01:45:00",1604,12.57,"2025-11-22 01:40:50",13.94,10.73,324.1,445.6,2.639,11.96,1.538,51.44
"2025-11-22 02:00:00",1605,12.58,"2025-11-22 01:52:30",13.95,10.73,323.9,445.2,2.651,11.96,1.538,51.45
"2025-11-22 02:15:00",1606,12.58,"2025-11-22 02:10:40",14.03,10.75,323.8,444.9,2.667,11.96,1.537,51.48
"2025-11-22 02:30:00",1607,12.57,"2025-11-22 02:24:50",14.08,10.76,323.6,444.6,2.694,11.96,1.539,51.5
"2025-11-22 02:45:00",1608,12.58,"2025-11-22 02:32:40",13.99,10.77,323.4,444.1,2.689,11.96,1.541,51.52
"2025-11-22 03:00:00",1609,12.57,"2025-11-22 02:51:00",13.73,10.77,323.2,443.7,2.74,11.96,1.54,51.52
"2025-11-22 03:15:00",1610,12.57,"2025-11-22 03:06:50",13.4,10.78,323,443.4,2.702,11.96,1.54,51.53
"2025-11-22 03:30:00",1611,12.57,"2025-11-22 03:27:00",13.05,10.78,322.8,443.2,2.727,11.96,1.541,51.54
"2025-11-22 03:45:00",1612,12.57,"2025-11-22 03:33:00",12.61,10.78,322.7,442.9,2.757,11.96,1.543,51.54
"2025-11-22 04:00:00",1613,12.56,"2025-11-22 03:57:00",12.22,10.78,322.5,442.7,2.795,11.95,1.542,51.54
"2025-11-22 04:15:00",1614,12.56,"2025-11-22 04:03:00",11.89,10.78,322.3,442.4,2.814,11.94,1.544,51.54
"2025-11-22 04:30:00",1615,12.56,"2025-11-22 04:19:00",11.61,10.78,322.1,442.2,2.785,11.94,1.544,51.53
"2025-11-22 04:45:00",1616,12.56,"2025-11-22 04:39:00",11.39,10.78,321.8,441.9,2.823,11.94,1.544,51.53
"2025-11-22 05:00:00",1617,12.56,"2025-11-22 04:46:30",11.15,10.77,321.6,441.6,2.785,11.94,1.545,51.52
"2025-11-22 05:15:00",1618,12.56,"2025-11-22 05:00:40",10.95,10.77,321.4,441.4,2.844,11.94,1.547,51.51
"2025-11-22 05:30:00",1619,12.55,"2025-11-22 05:24:50",10.8,10.76,321.2,441.1,2.872,11.93,1.548,51.51
"2025-11-22 05:45:00",1620,12.55,"2025-11-22 05:33:00",10.7,10.76,321,440.9,2.856,11.93,1.549,51.5
"2025-11-22 06:00:00",1621,12.54,"2025-11-22 05:50:30",10.63,10.76,320.8,440.7,2.884,11.93,1.549,51.5
"2025-11-22 06:15:00",1622,12.54,"2025-11-22 06:02:50",10.56,10.75,320.6,440.5,2.879,11.93,1.551,51.49
"2025-11-22 06:30:00",1623,12.54,"2025-11-22 06:17:00",10.48,10.75,320.5,440.3,2.897,11.93,1.553,51.48
"2025-11-22 06:45:00",1624,12.54,"2025-11-22 06:30:30",10.44,10.75,320.3,440.1,2.905,11.93,1.554,51.48
"2025-11-22 07:00:00",1625,12.54,"2025-11-22 06:59:00",10.42,"NAN","NAN","NAN","NAN","NAN",1.555,51.47
"2025-11-22 07:15:00",1626,12.54,"2025-11-22 07:07:00",10.38,10.74,320,439.7,2.911,11.93,1.556,51.47
"2025-11-22 07:30:00",1627,12.54,"2025-11-22 07:28:50",10.33,10.74,319.8,439.5,2.871,11.92,1.556,51.46
"2025-11-22 07:45:00",1628,12.53,"2025-11-22 07:43:00",10.26,10.73,319.6,439.3,2.809,11.92,1.559,51.45
"2025-11-22 08:00:00",1629,12.53,"2025-11-22 07:48:40",10.18,10.73,319.5,439.2,2.818,11.93,1.561,51.44
"2025-11-22 08:15:00",1630,12.55,"2025-11-22 08:00:40",10.12,10.72,319.3,439,2.793,11.94,1.56,51.44
"2025-11-22 08:30:00",1631,12.57,"2025-11-22 08:19:00",10.09,10.72,319.1,438.7,2.753,11.96,1.564,51.44
"2025-11-22 08:45:00",1632,12.59,"2025-11-22 08:30:30",10.09,10.73,318.9,438.5,2.761,11.99,1.564,51.44
"2025-11-22 09:00:00",1633,12.63,"2025-11-22 08:46:40",10.09,10.73,318.8,438.2,2.743,12.09,1.566,51.45
"2025-11-22 09:15:00",1634,12.69,"2025-11-22 09:01:00",10.09,10.74,318.6,437.9,2.707,12.12,1.569,51.46
"2025-11-22 09:30:00",1635,12.74,"2025-11-22 09:17:00",10.16,10.75,318.4,437.5,2.714,12.14,1.571,51.49
"2025-11-22 09:45:00",1636,12.8,"2025-11-22 09:30:50",10.25,10.77,318.3,437.1,2.7,12.21,1.574,51.52
"2025-11-22 10:00:00",1637,12.87,"2025-11-22 09:45:10",10.32,10.79,318.2,436.7,2.696,12.27,1.577,51.55
"2025-11-22 10:15:00",1638,12.95,"2025-11-22 10:07:00",10.44,"NAN","NAN","NAN","NAN","NAN",1.581,51.59
"2025-11-22 10:30:00",1639,12.99,"2025-11-22 10:17:00",10.69,10.83,317.9,435.9,2.7,12.39,1.584,51.63
"2025-11-22 10:45:00",1640,13.01,"2025-11-22 10:36:50",10.91,10.86,317.8,435.4,2.689,12.41,1.587,51.68
"2025-11-22 11:00:00",1641,13.06,"2025-11-22 10:46:20",11.05,10.89,317.8,435,2.665,12.45,1.591,51.73
"2025-11-22 11:15:00",1642,13.05,"2025-11-22 11:03:00",11.27,10.92,317.7,434.6,2.694,12.47,1.593,51.78
"2025-11-22 11:30:00",1643,13.13,"2025-11-22 11:19:00",11.53,10.95,317.6,434.1,2.663,12.53,1.598,51.85
"2025-11-22 11:45:00",1644,13.09,"2025-11-22 11:41:00",11.83,10.99,317.6,433.6,2.647,12.51,1.6,51.92
"2025-11-22 12:00:00",1645,13.13,"2025-11-22 11:45:10",11.98,11.03,317.5,433,2.662,12.55,1.601,52
"2025-11-22 12:15:00",1646,13.2,"2025-11-22 12:05:00",12.32,11.1,317.6,432.4,2.647,12.6,1.607,52.12
"2025-11-22 12:30:00",1647,13.21,"2025-11-22 12:16:50",12.65,11.15,317.7,431.9,2.655,12.61,1.611,52.21
"2025-11-22 12:45:00",1648,13.17,"2025-11-22 12:36:50",13.02,11.22,317.8,431.3,2.657,12.6,1.614,52.33
"2025-11-22 13:00:00",1649,13.1,"2025-11-22 12:58:50",13.18,11.23,317.6,430.9,2.653,12.54,1.617,52.35
"2025-11-22 13:15:00",1650,13.06,"2025-11-22 13:04:40",13.05,11.23,317.3,430.6,2.665,12.48,1.618,52.35
"2025-11-22 13:30:00",1651,13.14,"2025-11-22 13:16:50",13.24,11.29,317.5,430.1,2.666,12.54,1.621,52.47
"2025-11-22 13:45:00",1652,13.18,"2025-11-22 13:39:00",13.68,11.39,317.9,429.6,2.659,12.59,1.625,52.63
"2025-11-22 14:00:00",1653,13.16,"2025-11-22 13:58:30",14.05,11.46,318.1,429.1,2.658,12.6,1.629,52.76
"2025-11-22 14:15:00",1654,13.16,"2025-11-22 14:00:40",14.28,11.51,318.2,428.6,2.659,12.58,1.63,52.85
"2025-11-22 14:30:00",1655,13.12,"2025-11-22 14:20:50",14.61,11.53,318.1,428.3,2.653,12.56,1.634,52.88
"2025-11-22 14:45:00",1656,13.18,"2025-11-22 14:34:50",15.17,11.54,318,428,2.633,12.58,1.636,52.9
"2025-11-22 15:00:00",1657,13.13,"2025-11-22 14:58:50",15.58,11.53,317.8,427.9,2.663,12.6,1.639,52.87
"2025-11-22 15:15:00",1658,13.07,"2025-11-22 15:14:40",15.64,11.48,317.5,428,2.636,12.54,1.64,52.79
"2025-11-22 15:30:00",1659,13.09,"2025-11-22 15:15:10",15.48,11.43,317.2,428.1,2.625,12.5,1.641,52.72
"2025-11-22 15:45:00",1660,13.11,"2025-11-22 15:44:50",15.37,11.42,317.1,428.1,2.654,12.53,1.645,52.69
"2025-11-22 16:00:00",1661,13.08,"2025-11-22 15:58:50",14.91,"NAN","NAN","NAN","NAN","NAN",1.646,52.65
"2025-11-22 16:15:00",1662,13.03,"2025-11-22 16:11:00",14.3,11.38,316.9,428.2,2.639,12.46,1.648,52.63
"2025-11-22 16:30:00",1663,12.99,"2025-11-22 16:29:00",13.75,11.37,316.9,428.4,2.629,12.42,1.65,52.6
"2025-11-22 16:45:00",1664,12.95,"2025-11-22 16:44:50",13.18,11.35,316.8,428.5,2.689,12.38,1.654,52.57
"2025-11-22 17:00:00",1665,12.93,"2025-11-22 16:58:40",12.57,11.34,316.8,428.6,2.69,12.34,1.655,52.54
"2025-11-22 17:15:00",1666,12.9,"2025-11-22 17:14:40",11.98,11.32,316.7,428.7,2.691,12.31,1.658,52.51
"2025-11-22 17:30:00",1667,12.88,"2025-11-22 17:29:00",11.41,11.32,316.8,428.8,2.683,12.28,1.66,52.5
"2025-11-22 17:45:00",1668,12.87,"2025-11-22 17:40:50",10.86,11.31,316.7,428.9,2.722,12.26,1.663,52.48
"2025-11-22 18:00:00",1669,12.82,"2025-11-22 17:57:20",10.33,11.3,316.8,429,2.81,12.24,1.665,52.47
"2025-11-22 18:15:00",1670,12.84,"2025-11-22 18:08:50",9.83,11.29,316.8,429.2,2.846,12.23,1.668,52.45
"2025-11-22 18:30:00",1671,12.83,"2025-11-22 18:26:40",9.39,11.28,316.8,429.3,2.855,12.22,1.672,52.44
"2025-11-22 18:45:00",1672,12.82,"2025-11-22 18:45:00",8.98,11.27,316.8,429.4,2.907,12.21,1.675,52.42
"2025-11-22 19:00:00",1673,12.81,"2025-11-22 18:59:00",8.62,11.27,316.8,429.5,2.916,12.2,1.677,52.41
"2025-11-22 19:15:00",1674,12.8,"2025-11-22 19:15:00",8.32,11.26,316.9,429.6,2.907,12.2,1.68,52.39
"2025-11-22 19:30:00",1675,12.8,"2025-11-22 19:19:00",8.05,11.25,316.9,429.7,2.931,12.19,1.685,52.37
"2025-11-22 19:45:00",1676,12.79,"2025-11-22 19:39:00",7.831,11.24,316.9,429.9,2.951,12.18,1.686,52.35
"2025-11-22 20:00:00",1677,12.78,"2025-11-22 19:47:00",7.581,11.22,316.8,430,2.855,12.17,1.689,52.32
"2025-11-22 20:15:00",1678,12.77,"2025-11-22 20:11:00",7.306,11.2,316.8,430.2,2.861,12.16,1.693,52.28
"2025-11-22 20:30:00",1679,12.77,"2025-11-22 20:19:00",7.035,11.17,316.6,430.3,2.845,12.15,1.696,52.23
"2025-11-22 20:45:00",1680,12.76,"2025-11-22 20:43:00",6.758,11.14,316.5,430.5,2.871,12.15,1.698,52.18
"2025-11-22 21:00:00",1681,12.76,"2025-11-22 20:47:00",6.501,11.11,316.4,430.7,2.858,12.13,1.701,52.12
"2025-11-22 21:15:00",1682,12.75,"2025-11-22 21:03:00",6.262,11.08,316.3,430.8,2.875,12.13,1.705,52.07
"2025-11-22 21:30:00",1683,12.75,"2025-11-22 21:17:00",6.017,11.05,316.2,431,2.885,12.12,1.708,52.01
"2025-11-22 21:45:00",1684,12.73,"2025-11-22 21:34:40",5.813,11.02,316,431.2,2.869,12.12,1.712,51.96
"2025-11-22 22:00:00",1685,12.73,"2025-11-22 21:53:00",5.681,10.99,315.9,431.3,2.919,12.12,1.714,51.91
"2025-11-22 22:15:00",1686,12.72,"2025-11-22 22:02:20",5.553,10.96,315.7,431.5,2.885,12.12,1.717,51.85
"2025-11-22 22:30:00",1687,12.72,"2025-11-22 22:19:00",5.369,10.92,315.5,431.6,2.883,12.12,1.721,51.78
"2025-11-22 22:45:00",1688,12.71,"2025-11-22 22:42:30",5.15,10.88,315.3,431.7,2.828,12.12,1.723,51.72
"2025-11-22 23:00:00",1689,12.7,"2025-11-22 22:53:00",5.056,10.85,315.1,431.9,2.855,12.12,1.726,51.66
"2025-11-22 23:15:00",1690,12.7,"2025-11-22 23:14:50",4.977,10.82,315,431.9,2.851,12.12,1.73,51.6
"2025-11-22 23:30:00",1691,12.69,"2025-11-22 23:23:00",4.854,10.79,314.8,432,2.83,12.12,1.733,51.55
"2025-11-22 23:45:00",1692,12.69,"2025-11-22 23:45:00",4.726,10.76,314.6,432.1,2.829,12.12,1.737,51.49
"2025-11-23 00:00:00",1693,12.68,"2025-11-22 23:53:00",4.589,10.72,314.4,432.2,2.804,12.12,1.74,51.43
"2025-11-23 00:15:00",1694,12.68,"2025-11-23 00:14:40",4.404,10.69,314.1,432.3,2.834,12.12,1.743,51.38
"2025-11-23 00:30:00",1695,12.66,"2025-11-23 00:18:40",4.219,10.66,314,432.4,2.815,12.12,1.747,51.32
"2025-11-23 00:45:00",1696,12.66,"2025-11-23 00:41:00",4.062,10.64,313.8,432.4,2.799,12.12,1.751,51.28
"2025-11-23 01:00:00",1697,12.66,"2025-11-23 00:56:30",3.884,10.61,313.6,432.5,2.809,12.12,1.754,51.23
"2025-11-23 01:15:00",1698,12.65,"2025-11-23 01:02:20",3.717,10.59,313.5,432.6,2.815,12.12,1.759,51.19
"2025-11-23 01:30:00",1699,12.64,"2025-11-23 01:23:00",3.569,10.56,313.3,432.7,2.793,12.11,1.762,51.14
"2025-11-23 01:45:00",1700,12.64,"2025-11-23 01:36:50",3.419,10.53,313.2,432.8,2.817,12.07,1.766,51.09
"2025-11-23 02:00:00",1701,12.63,"2025-11-23 01:59:00",3.258,10.5,313,432.9,2.839,12.05,1.771,51.04
"2025-11-23 02:15:00",1702,12.63,"2025-11-23 02:04:40",3.126,10.48,312.9,433,2.883,12.02,1.773,50.99
"2025-11-23 02:30:00",1703,12.62,"2025-11-23 02:23:00",3.007,10.46,312.8,433.1,2.887,11.99,1.776,50.95
"2025-11-23 02:45:00",1704,12.61,"2025-11-23 02:42:40",2.968,10.43,312.7,433.3,2.88,11.98,1.782,50.91
"2025-11-23 03:00:00",1705,12.59,"2025-11-23 02:53:00",2.92,10.41,312.7,433.4,2.885,11.98,1.786,50.87
"2025-11-23 03:15:00",1706,12.6,"2025-11-23 03:09:00",2.826,10.38,312.6,433.6,2.873,11.97,1.792,50.82
"2025-11-23 03:30:00",1707,12.59,"2025-11-23 03:23:00",2.651,10.35,312.4,433.8,2.899,11.97,1.795,50.76
"2025-11-23 03:45:00",1708,12.58,"2025-11-23 03:39:00",2.482,10.32,312.3,434,2.886,11.96,1.8,50.71
"2025-11-23 04:00:00",1709,12.58,"2025-11-23 03:55:00",2.351,10.29,312.2,434.2,2.934,11.95,1.804,50.65
"2025-11-23 04:15:00",1710,12.57,"2025-11-23 04:07:00",2.226,10.27,312.1,434.4,2.952,11.94,1.81,50.61
"2025-11-23 04:30:00",1711,12.57,"2025-11-23 04:19:00",2.097,10.25,312.1,434.6,2.984,11.94,1.815,50.58
"2025-11-23 04:45:00",1712,12.56,"2025-11-23 04:31:00",2.005,10.23,312.2,434.8,2.973,11.93,1.82,50.55
"2025-11-23 05:00:00",1713,12.55,"2025-11-23 04:53:00",1.936,10.22,312.2,435,2.969,11.93,1.826,50.52
"2025-11-23 05:15:00",1714,12.54,"2025-11-23 05:09:00",1.863,10.2,312.2,435.2,2.965,11.92,1.83,50.49
"2025-11-23 05:30:00",1715,12.54,"2025-11-23 05:21:00",1.773,10.18,312.2,435.5,2.985,11.91,1.836,50.46
"2025-11-23 05:45:00",1716,12.53,"2025-11-23 05:43:00",1.746,10.16,312.3,435.8,2.989,11.91,1.842,50.43
"2025-11-23 06:00:00",1717,12.53,"2025-11-23 05:48:50",1.731,10.14,312.3,436.1,2.975,11.9,1.848,50.39
"2025-11-23 06:15:00",1718,12.52,"2025-11-23 06:14:50",1.665,10.12,312.3,436.3,3.015,11.89,1.855,50.35
"2025-11-23 06:30:00",1719,12.52,"2025-11-23 06:19:00",1.62,10.11,312.4,436.6,3.051,11.89,1.86,50.32
"2025-11-23 06:45:00",1720,12.51,"2025-11-23 06:43:00",1.591,10.09,312.5,436.9,3.104,11.89,1.868,50.29
"2025-11-23 07:00:00",1721,12.5,"2025-11-23 06:53:00",1.546,10.06,312.5,437.3,3.099,11.88,1.872,50.25
"2025-11-23 07:15:00",1722,12.49,"2025-11-23 07:02:20",1.458,10.04,312.6,437.6,3.074,11.87,1.879,50.2
"2025-11-23 07:30:00",1723,12.49,"2025-11-23 07:23:00",1.335,10.02,312.6,438,3.142,11.87,1.885,50.16
"2025-11-23 07:45:00",1724,12.49,"2025-11-23 07:31:00",1.25,9.99,312.7,438.4,3.113,11.87,1.892,50.12
"2025-11-23 08:00:00",1725,12.5,"2025-11-23 07:47:00",1.154,9.98,312.8,438.7,3.114,11.88,1.9,50.09
"2025-11-23 08:15:00",1726,12.5,"2025-11-23 08:04:50",1.118,9.96,313,439.1,3.125,11.89,1.906,50.06
"2025-11-23 08:30:00",1727,12.53,"2025-11-23 08:16:40",1.134,9.95,313.1,439.4,3.117,11.91,1.912,50.04
"2025-11-23 08:45:00",1728,12.54,"2025-11-23 08:30:40",1.214,9.93,313.2,439.8,3.124,11.92,1.917,50.02
"2025-11-23 09:00:00",1729,12.56,"2025-11-23 08:47:00",1.388,9.92,313.4,440.1,3.1,11.95,1.923,50
"2025-11-23 09:15:00",1730,12.59,"2025-11-23 09:00:50",1.664,9.92,313.5,440.4,3.132,11.98,1.929,49.99
"2025-11-23 09:30:00",1731,12.62,"2025-11-23 09:16:40",2.062,9.92,313.7,440.6,3.111,12.01,1.935,49.99
"2025-11-23 09:45:00",1732,12.65,"2025-11-23 09:30:30",2.644,9.92,313.9,440.8,3.113,12.12,1.94,50.01
"2025-11-23 10:00:00",1733,12.69,"2025-11-23 09:47:00",3.423,9.94,314.2,441,3.175,12.12,1.946,50.04
"2025-11-23 10:15:00",1734,12.73,"2025-11-23 10:01:00",4.431,9.96,314.4,441.1,3.179,12.12,1.95,50.08
"2025-11-23 10:30:00",1735,12.77,"2025-11-23 10:16:40",5.496,10,314.8,441.2,3.177,12.15,1.955,50.15
"2025-11-23 10:45:00",1736,12.81,"2025-11-23 10:30:50",6.429,10.05,315.3,441.3,3.177,12.2,1.959,50.24
"2025-11-23 11:00:00",1737,12.85,"2025-11-23 10:47:00",7.338,10.1,315.7,441.3,3.17,12.23,1.963,50.34
"2025-11-23 11:15:00",1738,12.86,"2025-11-23 11:03:00",8.04,10.16,316.2,441.3,3.166,12.25,1.965,50.45
"2025-11-23 11:30:00",1739,12.88,"2025-11-23 11:18:50",8.66,10.23,316.7,441.2,3.141,12.28,1.968,50.56
"2025-11-23 11:45:00",1740,12.91,"2025-11-23 11:31:00",9.32,10.3,317.3,441.1,3.158,12.31,1.971,50.7
"2025-11-23 12:00:00",1741,12.95,"2025-11-23 11:46:50",10.21,10.39,317.8,440.9,3.162,12.34,1.975,50.85
"2025-11-23 12:15:00",1742,12.96,"2025-11-23 12:00:40",11.05,10.45,318.3,440.7,3.167,12.36,1.978,50.96
"2025-11-23 12:30:00",1743,12.97,"2025-11-23 12:16:40",11.97,10.51,318.7,440.6,3.123,12.36,1.981,51.07
"2025-11-23 12:45:00",1744,12.99,"2025-11-23 12:37:00",12.61,10.57,319,440.4,3.152,12.39,1.983,51.18
"2025-11-23 13:00:00",1745,13.01,"2025-11-23 12:46:50",13.03,10.63,319.4,440.2,3.149,12.41,1.986,51.28
"2025-11-23 13:15:00",1746,13.03,"2025-11-23 13:12:40",13.58,10.68,319.6,440,3.198,12.44,1.988,51.36
"2025-11-23 13:30:00",1747,13.02,"2025-11-23 13:29:00",14.12,10.72,319.8,439.7,3.21,12.43,1.99,51.44
"2025-11-23 13:45:00",1748,13.02,"2025-11-23 13:31:00",14.69,10.75,319.9,439.5,3.205,12.42,1.994,51.49
"2025-11-23 14:00:00",1749,13.05,"2025-11-23 13:53:00",15.11,10.78,319.9,439.3,3.231,12.45,1.995,51.54
"2025-11-23 14:15:00",1750,13.05,"2025-11-23 14:00:30",15.28,10.8,319.9,439,3.281,12.47,1.997,51.58
"2025-11-23 14:30:00",1751,13.11,"2025-11-23 14:16:40",15.46,10.82,319.9,438.6,3.349,12.51,1.997,51.62
"2025-11-23 14:45:00",1752,13.11,"2025-11-23 14:35:00",15.88,10.85,319.8,438.3,3.35,12.52,2,51.66
"2025-11-23 15:00:00",1753,13.14,"2025-11-23 14:46:10",15.94,10.86,319.7,438,3.402,12.55,1.999,51.69
"2025-11-23 15:15:00",1754,13.15,"2025-11-23 15:14:40",15.82,10.86,319.5,437.7,3.384,12.57,2.001,51.69
"2025-11-23 15:30:00",1755,13.11,"2025-11-23 15:21:00",15.72,10.87,319.3,437.4,3.375,12.52,2.004,51.69
"2025-11-23 15:45:00",1756,13.06,"2025-11-23 15:44:50",15.49,10.88,319.2,437.1,3.376,12.5,2.007,51.72
"2025-11-23 16:00:00",1757,13.02,"2025-11-23 15:56:50",14.96,10.9,319.1,436.7,3.376,12.44,2.006,51.75
"2025-11-23 16:15:00",1758,12.97,"2025-11-23 16:12:50",14.22,10.91,319,436.4,3.357,12.4,2.008,51.78
"2025-11-23 16:30:00",1759,12.94,"2025-11-23 16:28:50",13.52,10.94,318.9,436,3.322,12.35,2.006,51.82
"2025-11-23 16:45:00",1760,12.91,"2025-11-23 16:45:00",12.84,10.96,318.8,435.7,3.347,12.32,2.006,51.86
"2025-11-23 17:00:00",1761,12.89,"2025-11-23 16:58:50",12.23,10.98,318.7,435.3,3.377,12.29,2.008,51.9
"2025-11-23 17:15:00",1762,12.86,"2025-11-23 17:15:00",11.59,11,318.6,434.9,3.326,12.26,2.009,51.94
"2025-11-23 17:30:00",1763,12.83,"2025-11-23 17:28:50",10.96,11.02,318.5,434.6,3.279,12.24,2.011,51.97
"2025-11-23 17:45:00",1764,12.82,"2025-11-23 17:42:40",10.38,11.03,318.4,434.2,3.33,12.21,2.011,51.99
"2025-11-23 18:00:00",1765,12.8,"2025-11-23 17:54:40",9.83,11.04,318.2,433.9,3.417,12.19,2.01,52
"2025-11-23 18:15:00",1766,12.78,"2025-11-23 18:13:00",9.32,11.04,318,433.6,3.415,12.18,2.009,52
"2025-11-23 18:30:00",1767,12.77,"2025-11-23 18:23:00",8.84,11.04,317.8,433.3,3.508,12.16,2.008,52
"2025-11-23 18:45:00",1768,12.76,"2025-11-23 18:38:50",8.41,11.03,317.5,433,3.495,12.15,2.006,51.98
"2025-11-23 19:00:00",1769,12.75,"2025-11-23 18:54:50",7.985,11.02,317.2,432.8,4.023,12.13,2.006,51.96
"2025-11-23 19:15:00",1770,12.73,"2025-11-23 19:05:00",7.595,11,316.8,432.5,3.551,12.12,2.005,51.92
"2025-11-23 19:30:00",1771,12.72,"2025-11-23 19:27:00",7.243,10.98,316.5,432.3,3.454,12.12,2.004,51.88
"2025-11-23 19:45:00",1772,12.71,"2025-11-23 19:43:00",6.935,10.95,316.1,432.1,3.437,12.12,2.005,51.83
"2025-11-23 20:00:00",1773,12.7,"2025-11-23 19:53:00",6.622,10.92,315.7,431.9,3.457,12.12,2.002,51.77
"2025-11-23 20:15:00",1774,12.68,"2025-11-23 20:15:00",6.343,10.88,315.3,431.7,3.687,12.12,2.001,51.71
"2025-11-23 20:30:00",1775,12.66,"2025-11-23 20:28:50",6.105,10.85,314.9,431.5,3.464,12.12,1.999,51.65
"2025-11-23 20:45:00",1776,12.66,"2025-11-23 20:42:50",5.962,10.82,314.5,431.4,3.401,12.12,1.997,51.6
"2025-11-23 21:00:00",1777,12.64,"2025-11-23 20:53:00",5.956,10.8,314.2,431.2,3.491,12.12,1.995,51.56
"2025-11-23 21:15:00",1778,12.64,"2025-11-23 21:02:30",6.059,10.78,313.9,431,3.491,12.11,1.993,51.52
"2025-11-23 21:30:00",1779,12.62,"2025-11-23 21:29:00",6.182,10.76,313.6,430.8,3.405,12.07,1.993,51.5
"2025-11-23 21:45:00",1780,12.62,"2025-11-23 21:40:50",6.33,10.75,313.4,430.6,3.359,12.02,1.99,51.47
"2025-11-23 22:00:00",1781,12.61,"2025-11-23 21:57:00",6.481,10.73,313.1,430.5,3.425,11.99,1.988,51.44
"2025-11-23 22:15:00",1782,12.6,"2025-11-23 22:03:00",6.616,10.72,312.9,430.3,3.445,11.98,1.985,51.42
"2025-11-23 22:30:00",1783,12.59,"2025-11-23 22:23:00",6.765,10.7,312.6,430.1,3.423,11.97,1.983,51.39
"2025-11-23 22:45:00",1784,12.59,"2025-11-23 22:33:00",6.924,10.69,312.4,429.9,3.39,11.97,1.98,51.37
"2025-11-23 23:00:00",1785,12.57,"2025-11-23 22:54:40",7.049,"NAN","NAN","NAN","NAN","NAN",1.978,51.35
"2025-11-23 23:15:00",1786,12.56,"2025-11-23 23:02:40",7.183,10.67,312,429.6,3.428,11.95,1.977,51.33
"2025-11-23 23:30:00",1787,12.56,"2025-11-23 23:23:00",7.321,10.66,311.8,429.5,3.427,11.94,1.974,51.31
"2025-11-23 23:45:00",1788,12.56,"2025-11-23 23:39:00",7.437,10.64,311.6,429.3,3.413,11.94,1.971,51.29
"2025-11-24 00:00:00",1789,12.56,"2025-11-23 23:46:20",7.541,10.63,311.4,429.2,3.399,11.93,1.968,51.26
"2025-11-24 00:15:00",1790,12.55,"2025-11-24 00:08:50",7.615,10.62,311.2,429.1,3.422,11.93,1.965,51.24
"2025-11-24 00:30:00",1791,12.54,"2025-11-24 00:23:00",7.657,10.6,311,429,3.387,11.93,1.962,51.21
"2025-11-24 00:45:00",1792,12.54,"2025-11-24 00:40:40",7.684,10.59,310.9,428.9,3.396,11.93,1.96,51.19
"2025-11-24 01:00:00",1793,12.52,"2025-11-24 00:53:00",7.706,"NAN","NAN","NAN","NAN","NAN",1.956,51.17
"2025-11-24 01:15:00",1794,12.54,"2025-11-24 01:00:50",7.706,10.57,310.6,428.8,3.399,11.91,1.953,51.15
"2025-11-24 01:30:00",1795,12.53,"2025-11-24 01:23:00",7.703,10.56,310.5,428.7,3.421,11.91,1.952,51.14
"2025-11-24 01:45:00",1796,12.53,"2025-11-24 01:37:00",7.676,10.55,310.4,428.7,3.379,11.91,1.949,51.13
"2025-11-24 02:00:00",1797,12.51,"2025-11-24 01:58:50",7.636,10.55,310.4,428.7,3.356,11.91,1.944,51.12
"2025-11-24 02:15:00",1798,12.52,"2025-11-24 02:01:00",7.59,10.54,310.3,428.7,3.355,11.9,1.942,51.11
"2025-11-24 02:30:00",1799,12.52,"2025-11-24 02:23:00",7.536,10.54,310.3,428.7,3.342,11.9,1.94,51.1
"2025-11-24 02:45:00",1800,12.52,"2025-11-24 02:38:50",7.48,10.54,310.3,428.7,3.296,11.9,1.936,51.09
"2025-11-24 03:00:00",1801,12.52,"2025-11-24 02:46:40",7.421,"NAN","NAN","NAN","NAN","NAN",1.933,51.09
"2025-11-24 03:15:00",1802,12.51,"2025-11-24 03:13:00",7.367,10.53,310.3,428.8,3.283,11.89,1.93,51.08
"2025-11-24 03:30:00",1803,12.51,"2025-11-24 03:16:50",7.31,10.53,310.3,428.9,3.303,11.89,1.926,51.08
"2025-11-24 03:45:00",1804,12.51,"2025-11-24 03:32:40",7.259,10.52,310.4,429,3.322,11.89,1.924,51.07
"2025-11-24 04:00:00",1805,12.51,"2025-11-24 03:46:30",7.208,10.52,310.4,429.1,3.303,11.89,1.922,51.06
"2025-11-24 04:15:00",1806,12.51,"2025-11-24 04:03:00",7.14,10.51,310.4,429.2,3.457,11.89,1.917,51.05
"2025-11-24 04:30:00",1807,12.5,"2025-11-24 04:29:00",7.083,10.51,310.5,429.3,3.468,11.89,1.913,51.04
"2025-11-24 04:45:00",1808,12.51,"2025-11-24 04:30:40",7.049,10.5,310.5,429.4,3.303,11.89,1.911,51.03
"2025-11-24 05:00:00",1809,12.5,"2025-11-24 04:53:00",7.025,10.49,310.5,429.6,3.271,11.88,1.908,51.01
"2025-11-24 05:15:00",1810,12.5,"2025-11-24 05:03:00",6.999,10.48,310.5,429.7,3.298,11.88,1.904,50.99
"2025-11-24 05:30:00",1811,12.5,"2025-11-24 05:17:00",6.967,10.47,310.6,429.9,3.299,11.88,1.902,50.97
"2025-11-24 05:45:00",1812,12.5,"2025-11-24 05:38:50",6.928,10.46,310.6,430,3.296,11.88,1.9,50.95
"2025-11-24 06:00:00",1813,12.5,"2025-11-24 05:46:50",6.886,10.44,310.6,430.2,3.288,11.88,1.896,50.92
"2025-11-24 06:15:00",1814,12.5,"2025-11-24 06:03:00",6.864,10.42,310.5,430.4,3.296,11.88,1.893,50.89
"2025-11-24 06:30:00",1815,12.5,"2025-11-24 06:17:00",6.817,10.41,310.5,430.5,3.328,11.87,1.891,50.86
"2025-11-24 06:45:00",1816,12.49,"2025-11-24 06:37:00",6.797,10.39,310.5,430.7,3.325,11.87,1.887,50.83
"2025-11-24 07:00:00",1817,12.49,"2025-11-24 06:47:00",6.79,10.37,310.5,430.8,3.293,11.87,1.884,50.8
"2025-11-24 07:15:00",1818,12.49,"2025-11-24 07:00:50",6.815,10.36,310.5,431,3.289,11.87,1.881,50.77
"2025-11-24 07:30:00",1819,12.48,"2025-11-24 07:28:50",6.875,"NAN","NAN","NAN","NAN","NAN",1.878,50.74
"2025-11-24 07:45:00",1820,12.49,"2025-11-24 07:30:40",6.95,10.32,310.4,431.3,3.315,11.87,1.875,50.71
"2025-11-24 08:00:00",1821,12.49,"2025-11-24 07:46:40",7.035,10.31,310.4,431.5,3.439,11.87,1.872,50.68
"2025-11-24 08:15:00",1822,12.5,"2025-11-24 08:01:00",7.112,10.29,310.4,431.6,3.234,11.88,1.869,50.66
"2025-11-24 08:30:00",1823,12.51,"2025-11-24 08:16:40",7.2,10.28,310.3,431.7,3.199,11.89,1.866,50.63
"2025-11-24 08:45:00",1824,12.52,"2025-11-24 08:30:50",7.293,10.27,310.3,431.8,3.153,11.91,1.863,50.61
"2025-11-24 09:00:00",1825,12.54,"2025-11-24 08:46:40",7.395,10.26,310.3,431.9,3.145,11.93,1.861,50.6
"2025-11-24 09:15:00",1826,12.58,"2025-11-24 09:01:00",7.518,10.25,310.2,431.9,3.103,11.97,1.858,50.58
"2025-11-24 09:30:00",1827,12.61,"2025-11-24 09:16:50",7.687,10.25,310.2,432,3.095,12.03,1.856,50.58
"2025-11-24 09:45:00",1828,12.63,"2025-11-24 09:30:50",7.851,10.24,310.2,432,3.095,12.09,1.852,50.57
"2025-11-24 10:00:00",1829,12.67,"2025-11-24 09:46:40",8.02,10.24,310.2,432,3.087,12.12,1.848,50.57
"2025-11-24 10:15:00",1830,12.7,"2025-11-24 10:00:40",8.21,10.24,310.2,432,3.045,12.12,1.845,50.57
"2025-11-24 10:30:00",1831,12.76,"2025-11-24 10:16:40",8.39,10.24,310.2,432,3.033,12.14,1.843,50.57
"2025-11-24 10:45:00",1832,12.81,"2025-11-24 10:30:30",8.6,10.24,310.2,432,3.408,12.22,1.84,50.57
"2025-11-24 11:00:00",1833,12.93,"2025-11-24 10:53:00",8.82,10.25,310.2,431.9,3.013,12.32,1.837,50.59
"2025-11-24 11:15:00",1834,12.95,"2025-11-24 11:09:00",9.06,10.26,310.2,431.8,2.975,12.34,1.834,50.61
"2025-11-24 11:30:00",1835,12.97,"2025-11-24 11:17:00",9.28,10.27,310.2,431.6,2.978,12.37,1.83,50.63
"2025-11-24 11:45:00",1836,12.99,"2025-11-24 11:33:00",9.53,10.28,310.2,431.5,2.973,12.38,1.828,50.65
"2025-11-24 12:00:00",1837,13.05,"2025-11-24 11:46:50",9.78,10.29,310.2,431.4,2.971,12.45,1.824,50.67
"2025-11-24 12:15:00",1838,13.09,"2025-11-24 12:00:30",10.15,10.32,310.3,431.2,2.973,12.54,1.823,50.72
"2025-11-24 12:30:00",1839,13.16,"2025-11-24 12:19:00",10.61,10.36,310.4,430.9,2.917,12.57,1.82,50.79
"2025-11-24 12:45:00",1840,13.21,"2025-11-24 12:44:50",11.05,10.41,310.5,430.5,2.921,12.62,1.818,50.88
"2025-11-24 13:00:00",1841,13.2,"2025-11-24 12:48:30",11.44,10.46,310.6,430.1,2.923,12.6,1.815,50.97
"2025-11-24 13:15:00",1842,13.17,"2025-11-24 13:15:00",11.64,10.49,310.6,429.8,2.933,12.59,1.812,51.02
"2025-11-24 13:30:00",1843,13.15,"2025-11-24 13:19:00",11.73,10.5,310.6,429.6,2.915,12.56,1.81,51.05
"2025-11-24 13:45:00",1844,13.07,"2025-11-24 13:44:50",11.78,10.52,310.7,429.4,2.923,12.52,1.807,51.09
"2025-11-24 14:00:00",1845,13.05,"2025-11-24 13:58:40",11.78,10.54,310.7,429.3,2.875,12.47,1.804,51.11
"2025-11-24 14:15:00",1846,13.04,"2025-11-24 14:05:00",11.76,10.55,310.8,429.3,2.894,12.44,1.801,51.12
"2025-11-24 14:30:00",1847,13.15,"2025-11-24 14:15:10",11.79,10.57,310.9,429.2,2.886,12.56,1.799,51.16
"2025-11-24 14:45:00",1848,13.14,"2025-11-24 14:45:00",11.97,10.61,310.9,428.8,2.879,12.59,1.796,51.24
"2025-11-24 15:00:00",1849,13.09,"2025-11-24 14:57:10",12.12,10.63,310.9,428.5,2.879,12.52,1.794,51.28
"2025-11-24 15:15:00",1850,13.12,"2025-11-24 15:00:10",12.16,10.65,310.9,428.3,2.858,12.53,1.791,51.31
"2025-11-24 15:30:00",1851,13.1,"2025-11-24 15:26:30",12.25,10.67,310.9,428.1,2.887,12.52,1.789,51.35
"2025-11-24 15:45:00",1852,13.11,"2025-11-24 15:30:30",12.28,10.68,311,428,2.871,12.5,1.786,51.37
"2025-11-24 16:00:00",1853,13.06,"2025-11-24 15:59:00",12.34,10.7,311,427.8,2.888,12.5,1.782,51.4
"2025-11-24 16:15:00",1854,12.99,"2025-11-24 16:14:40",12.44,10.72,311.1,427.8,2.838,12.43,1.78,51.43
"2025-11-24 16:30:00",1855,12.95,"2025-11-24 16:28:50",12.52,10.72,311.2,427.8,2.853,12.36,1.778,51.44
"2025-11-24 16:45:00",1856,12.91,"2025-11-24 16:44:30",12.52,10.73,311.3,427.9,2.883,12.32,1.776,51.46
"2025-11-24 17:00:00",1857,12.89,"2025-11-24 16:52:50",12.45,10.74,311.4,427.9,2.877,12.28,1.774,51.48
"2025-11-24 17:15:00",1858,12.85,"2025-11-24 17:14:20",12.33,10.75,311.5,428,2.854,12.26,1.77,51.49
"2025-11-24 17:30:00",1859,12.84,"2025-11-24 17:29:00",12.17,10.76,311.6,428.1,2.858,12.23,1.768,51.51
"2025-11-24 17:45:00",1860,12.83,"2025-11-24 17:42:50",11.97,10.77,311.7,428.1,2.92,12.22,1.766,51.52
"2025-11-24 18:00:00",1861,12.82,"2025-11-24 17:58:30",11.78,10.77,311.8,428.1,2.92,12.21,1.764,51.52
"2025-11-24 18:15:00",1862,12.8,"2025-11-24 18:05:00",11.59,10.78,311.9,428.2,2.952,12.19,1.761,51.53
"2025-11-24 18:30:00",1863,12.79,"2025-11-24 18:29:00",11.42,10.78,312,428.3,2.959,12.19,1.758,51.54
"2025-11-24 18:45:00",1864,12.79,"2025-11-24 18:36:50",11.3,"NAN","NAN","NAN","NAN","NAN",1.756,51.54
"2025-11-24 19:00:00",1865,12.78,"2025-11-24 18:53:00",11.2,10.79,312.1,428.4,3.039,12.17,1.754,51.55
"2025-11-24 19:15:00",1866,12.77,"2025-11-24 19:15:00",11.15,10.79,312.2,428.5,3.008,12.16,1.752,51.56
"2025-11-24 19:30:00",1867,12.72,"2025-11-24 19:23:00",11.11,10.79,312.3,428.5,3.033,12.15,1.751,51.56
"2025-11-24 19:45:00",1868,12.75,"2025-11-24 19:39:00",11.1,10.8,312.3,428.6,2.997,12.14,1.746,51.57
"2025-11-24 20:00:00",1869,12.75,"2025-11-24 19:53:00",11.13,10.8,312.4,428.7,2.991,12.13,1.745,51.57
"2025-11-24 20:15:00",1870,12.74,"2025-11-24 20:08:50",11.13,"NAN","NAN","NAN","NAN","NAN",1.744,51.58
"2025-11-24 20:30:00",1871,12.73,"2025-11-24 20:27:00",11.09,10.8,312.6,428.9,2.982,12.12,1.741,51.58
"2025-11-24 20:45:00",1872,12.73,"2025-11-24 20:45:00",11.05,10.81,312.7,429,2.984,12.12,1.739,51.58
"2025-11-24 21:00:00",1873,12.72,"2025-11-24 20:51:00",10.99,10.81,312.7,429.1,2.983,12.12,1.737,51.58
"2025-11-24 21:15:00",1874,12.72,"2025-11-24 21:12:40",10.92,10.81,312.8,429.1,2.995,12.12,1.735,51.59
"2025-11-24 21:30:00",1875,12.71,"2025-11-24 21:17:00",10.85,10.81,312.8,429.1,3.019,12.12,1.734,51.59
"2025-11-24 21:45:00",1876,12.7,"2025-11-24 21:41:00",10.78,10.81,312.7,429,3.02,12.12,1.733,51.59
"2025-11-24 22:00:00",1877,12.69,"2025-11-24 21:53:00",10.71,10.81,312.8,429.1,2.967,12.12,1.731,51.58
"2025-11-24 22:15:00",1878,12.69,"2025-11-24 22:03:00",10.64,10.81,312.8,429.2,2.98,12.12,1.728,51.58
"2025-11-24 22:30:00",1879,12.68,"2025-11-24 22:23:00",10.59,10.8,312.9,429.3,2.999,12.12,1.726,51.58
"2025-11-24 22:45:00",1880,12.67,"2025-11-24 22:41:00",10.54,10.8,313,429.5,3.015,12.12,1.725,51.57
"2025-11-24 23:00:00",1881,12.66,"2025-11-24 22:59:00",10.5,10.8,313,429.6,2.982,12.12,1.721,51.57
"2025-11-24 23:15:00",1882,12.66,"2025-11-24 23:14:50",10.47,10.79,313.1,429.7,2.998,12.12,1.719,51.56
"2025-11-24 23:30:00",1883,12.65,"2025-11-24 23:23:00",10.47,10.79,313.2,429.8,2.958,12.12,1.718,51.55
"2025-11-24 23:45:00",1884,12.64,"2025-11-24 23:44:50",10.47,10.79,313.2,429.9,3.009,12.12,1.715,51.55
"2025-11-25 00:00:00",1885,12.63,"2025-11-24 23:53:00",10.45,10.78,313.3,430,2.995,12.11,1.713,51.54
"2025-11-25 00:15:00",1886,12.62,"2025-11-25 00:13:00",10.46,10.78,313.3,430.1,3.013,12.09,1.712,51.54
"2025-11-25 00:30:00",1887,12.62,"2025-11-25 00:19:00",10.46,10.78,313.3,430.2,2.975,12.05,1.711,51.53
"2025-11-25 00:45:00",1888,12.61,"2025-11-25 00:41:00",10.47,10.78,313.4,430.3,2.98,12.02,1.709,51.53
"2025-11-25 01:00:00",1889,12.61,"2025-11-25 00:58:50",10.48,10.77,313.4,430.3,2.973,12,1.707,51.52
"2025-11-25 01:15:00",1890,12.6,"2025-11-25 01:12:30",10.49,10.77,313.4,430.4,3.005,11.98,1.705,51.52
"2025-11-25 01:30:00",1891,12.59,"2025-11-25 01:23:00",10.5,10.77,313.4,430.4,2.951,11.98,1.704,51.52
"2025-11-25 01:45:00",1892,12.58,"2025-11-25 01:45:00",10.53,10.77,313.3,430.2,2.943,11.97,1.705,51.51
"2025-11-25 02:00:00",1893,12.58,"2025-11-25 01:49:00",10.56,10.77,313.1,430,2.954,11.96,1.704,51.51
"2025-11-25 02:15:00",1894,12.57,"2025-11-25 02:11:00",10.59,10.76,312.8,429.6,2.986,11.95,1.704,51.51
"2025-11-25 02:30:00",1895,12.55,"2025-11-25 02:29:40",10.62,10.76,312.3,428.9,2.969,11.95,1.707,51.5
"2025-11-25 02:45:00",1896,12.56,"2025-11-25 02:37:00",10.66,10.76,311.5,427.8,2.957,11.94,1.712,51.5
"2025-11-25 03:00:00",1897,12.54,"2025-11-25 02:53:00",10.69,10.76,310.7,426.8,2.946,11.94,1.716,51.5
"2025-11-25 03:15:00",1898,12.54,"2025-11-25 03:01:00",10.71,10.76,310.5,426.5,2.962,11.93,1.715,51.49
"2025-11-25 03:30:00",1899,12.54,"2025-11-25 03:25:00",10.73,10.76,310.5,426.6,2.933,11.93,1.714,51.49
"2025-11-25 03:45:00",1900,12.53,"2025-11-25 03:33:00",10.74,10.75,310.7,426.9,2.941,11.93,1.712,51.49
"2025-11-25 04:00:00",1901,12.53,"2025-11-25 03:49:00",10.77,10.75,310.9,427.1,2.954,11.92,1.71,51.49
"2025-11-25 04:15:00",1902,12.53,"2025-11-25 04:02:10",10.79,10.75,311,427.2,2.916,11.92,1.708,51.49
"2025-11-25 04:30:00",1903,12.53,"2025-11-25 04:16:40",10.81,10.75,310.7,426.9,2.932,11.92,1.71,51.48
"2025-11-25 04:45:00",1904,12.53,"2025-11-25 04:43:00",10.83,10.75,310.3,426.3,2.927,11.91,1.711,51.48
"2025-11-25 05:00:00",1905,12.52,"2025-11-25 04:53:00",10.86,10.75,310,426,2.943,11.91,1.713,51.48
"2025-11-25 05:15:00",1906,12.52,"2025-11-25 05:15:00",10.89,10.75,309.6,425.4,2.923,11.91,1.713,51.48
"2025-11-25 05:30:00",1907,12.52,"2025-11-25 05:16:50",10.92,10.75,309.6,425.3,2.933,11.9,1.712,51.48
"2025-11-25 05:45:00",1908,12.52,"2025-11-25 05:43:00",10.94,10.75,309.7,425.5,2.971,11.9,1.71,51.48
"2025-11-25 06:00:00",1909,12.51,"2025-11-25 05:53:00",10.95,10.75,309.9,425.8,3.895,11.9,1.708,51.48
"2025-11-25 06:15:00",1910,12.51,"2025-11-25 06:02:10",10.96,10.75,310,425.9,6.389,11.9,1.708,51.48
"2025-11-25 06:30:00",1911,12.51,"2025-11-25 06:23:00",10.97,10.75,309.6,425.5,3.745,11.9,1.71,51.48
"2025-11-25 06:45:00",1912,12.51,"2025-11-25 06:37:00",10.99,10.75,309.3,425,2.905,11.89,1.712,51.48
"2025-11-25 07:00:00",1913,12.51,"2025-11-25 06:48:40",11.02,"NAN","NAN","NAN","NAN","NAN",1.712,51.47
"2025-11-25 07:15:00",1914,12.51,"2025-11-25 07:12:40",11.02,10.75,309.2,424.8,2.857,11.89,1.709,51.47
"2025-11-25 07:30:00",1915,12.51,"2025-11-25 07:29:00",11.02,10.75,309.2,424.9,2.885,11.89,1.709,51.48
"2025-11-25 07:45:00",1916,12.51,"2025-11-25 07:43:00",11.02,10.75,309.1,424.7,2.878,11.89,1.709,51.48
"2025-11-25 08:00:00",1917,12.51,"2025-11-25 07:47:00",11.04,10.75,308.9,424.4,2.917,11.89,1.71,51.48
"2025-11-25 08:15:00",1918,12.51,"2025-11-25 08:11:00",11.04,10.75,308.9,424.4,2.889,11.89,1.71,51.48
"2025-11-25 08:30:00",1919,12.51,"2025-11-25 08:21:00",11.05,"NAN","NAN","NAN","NAN","NAN",1.711,51.49
"2025-11-25 08:45:00",1920,12.51,"2025-11-25 08:35:00",11.06,10.76,308.6,424,2.885,11.89,1.715,51.49
"2025-11-25 09:00:00",1921,12.51,"2025-11-25 08:47:00",11.1,10.76,308.2,423.4,2.835,11.89,1.722,51.5
"2025-11-25 09:15:00",1922,12.51,"2025-11-25 09:06:50",11.15,10.76,307.7,422.6,2.847,11.89,1.729,51.51
"2025-11-25 09:30:00",1923,12.51,"2025-11-25 09:17:00",11.21,10.77,307.4,422.1,2.827,11.89,1.737,51.52
"2025-11-25 09:45:00",1924,12.52,"2025-11-25 09:30:50",11.29,10.78,307.3,422,2.805,11.93,1.742,51.53
"2025-11-25 10:00:00",1925,12.62,"2025-11-25 09:46:20",11.44,10.79,307.4,421.9,2.829,12.07,1.75,51.56
"2025-11-25 10:15:00",1926,12.64,"2025-11-25 10:02:40",11.65,10.81,307.6,422,2.838,12.12,1.756,51.59
"2025-11-25 10:30:00",1927,12.68,"2025-11-25 10:27:00",11.92,10.83,307.8,422,2.833,12.12,1.764,51.63
"2025-11-25 10:45:00",1928,12.7,"2025-11-25 10:30:40",12.26,10.85,308,422,2.847,12.12,1.773,51.66
"2025-11-25 11:00:00",1929,12.74,"2025-11-25 10:47:00",12.66,10.87,308.2,422.1,2.859,12.14,1.783,51.7
"2025-11-25 11:15:00",1930,12.74,"2025-11-25 11:13:00",13.03,"NAN","NAN","NAN","NAN","NAN",1.797,51.74
"2025-11-25 11:30:00",1931,12.74,"2025-11-25 11:17:00",13.25,10.91,308.6,422.2,2.903,12.16,1.81,51.78
"2025-11-25 11:45:00",1932,12.74,"2025-11-25 11:44:40",13.41,10.93,308.8,422.2,2.927,12.15,1.823,51.81
"2025-11-25 12:00:00",1933,12.74,"2025-11-25 11:46:50",13.51,10.95,308.9,422.3,2.949,12.15,1.835,51.84
"2025-11-25 12:15:00",1934,12.75,"2025-11-25 12:01:00",13.58,10.97,309.1,422.2,3.009,12.14,1.848,51.88
"2025-11-25 12:30:00",1935,12.78,"2025-11-25 12:16:20",13.67,10.99,309.1,422.1,3.037,12.17,1.861,51.92
"2025-11-25 12:45:00",1936,12.82,"2025-11-25 12:30:30",13.8,11.02,309.1,421.8,3.081,12.23,1.874,51.96
"2025-11-25 13:00:00",1937,12.87,"2025-11-25 12:46:50",13.94,11.04,309.1,421.4,3.086,12.27,1.889,52.01
"2025-11-25 13:15:00",1938,12.85,"2025-11-25 13:13:00",14.06,11.07,309.1,421.2,3.122,12.27,1.906,52.06
"2025-11-25 13:30:00",1939,12.85,"2025-11-25 13:17:00",14.13,11.09,309.1,420.8,3.163,12.25,1.921,52.1
"2025-11-25 13:45:00",1940,12.85,"2025-11-25 13:43:00",14.16,11.12,309.1,420.6,3.2,12.25,1.938,52.15
"2025-11-25 14:00:00",1941,12.82,"2025-11-25 13:58:50",14.21,11.14,309.1,420.3,3.279,12.24,1.955,52.19
"2025-11-25 14:15:00",1942,12.8,"2025-11-25 14:15:00",14.23,11.16,309.1,420.1,3.331,12.2,1.971,52.23
"2025-11-25 14:30:00",1943,12.76,"2025-11-25 14:29:00",14.23,11.19,309.1,419.9,3.413,12.18,1.985,52.27
"2025-11-25 14:45:00",1944,12.73,"2025-11-25 14:45:00",14.23,11.21,309.1,419.6,3.461,12.14,2,52.3
"2025-11-25 15:00:00",1945,12.7,"2025-11-25 14:54:50",14.2,11.22,309.1,419.4,3.586,12.12,2.014,52.34
"2025-11-25 15:15:00",1946,12.68,"2025-11-25 15:14:50",14.16,"NAN","NAN","NAN","NAN","NAN",2.027,52.37
"2025-11-25 15:30:00",1947,12.67,"2025-11-25 15:23:00",14.11,"NAN","NAN","NAN","NAN","NAN",2.042,52.4
"2025-11-25 15:45:00",1948,12.66,"2025-11-25 15:44:50",14.06,11.28,309.2,418.9,3.941,12.12,2.056,52.44
"2025-11-25 16:00:00",1949,12.65,"2025-11-25 15:58:30",14.03,11.3,309.2,418.8,4.038,12.12,2.071,52.48
"2025-11-25 16:15:00",1950,12.62,"2025-11-25 16:02:10",14,11.32,309.2,418.6,4.219,12.12,2.085,52.51
"2025-11-25 16:30:00",1951,12.6,"2025-11-25 16:29:00",13.98,11.34,309,418.1,4.453,12.05,2.1,52.54
"2025-11-25 16:45:00",1952,12.59,"2025-11-25 16:45:00",13.93,11.35,308.5,417.4,4.685,11.98,2.114,52.56
"2025-11-25 17:00:00",1953,12.58,"2025-11-25 16:53:00",13.89,11.36,308.1,416.6,4.904,11.96,2.128,52.58
"2025-11-25 17:15:00",1954,12.56,"2025-11-25 17:14:50",13.85,11.37,307.5,415.7,5.229,11.95,2.145,52.6
"2025-11-25 17:30:00",1955,12.55,"2025-11-25 17:26:50",13.82,11.39,307,414.9,5.485,11.94,2.166,52.62
"2025-11-25 17:45:00",1956,12.54,"2025-11-25 17:42:50",13.77,11.39,306.5,414.1,5.841,11.93,2.186,52.64
"2025-11-25 18:00:00",1957,12.53,"2025-11-25 17:55:00",13.7,11.4,306,413.4,6.255,11.93,2.211,52.65
"2025-11-25 18:15:00",1958,12.53,"2025-11-25 18:14:50",13.62,11.41,305.7,412.9,6.73,11.92,2.236,52.66
"2025-11-25 18:30:00",1959,12.52,"2025-11-25 18:28:50",13.54,11.41,305.4,412.5,7.078,11.91,2.265,52.66
"2025-11-25 18:45:00",1960,12.52,"2025-11-25 18:38:50",13.52,11.41,305.2,412.2,7.534,11.91,2.295,52.67
"2025-11-25 19:00:00",1961,12.52,"2025-11-25 18:46:50",13.51,11.42,305,411.9,7.757,11.91,2.325,52.67
"2025-11-25 19:15:00",1962,12.52,"2025-11-25 19:09:00",13.47,11.42,305,411.8,7.971,11.9,2.356,52.67
"2025-11-25 19:30:00",1963,12.5,"2025-11-25 19:23:00",13.38,"NAN","NAN","NAN","NAN","NAN",2.385,52.67
"2025-11-25 19:45:00",1964,12.51,"2025-11-25 19:33:00",13.24,11.41,305,412,8.37,11.9,2.413,52.66
"2025-11-25 20:00:00",1965,12.51,"2025-11-25 19:53:00",13.08,11.4,305.1,412.1,8.51,11.9,2.437,52.65
"2025-11-25 20:15:00",1966,12.51,"2025-11-25 20:05:00",12.89,11.4,305.2,412.4,8.86,11.89,2.46,52.64
"2025-11-25 20:30:00",1967,12.51,"2025-11-25 20:21:00",12.75,11.4,305.5,412.7,9.05,11.89,2.481,52.64
"2025-11-25 20:45:00",1968,12.5,"2025-11-25 20:38:30",12.65,11.4,305.8,413.1,9.26,11.89,2.502,52.65
"2025-11-25 21:00:00",1969,12.5,"2025-11-25 20:53:00",12.59,11.41,306.2,413.5,9.54,11.89,2.522,52.67
"2025-11-25 21:15:00",1970,12.5,"2025-11-25 21:10:50",12.55,11.43,306.6,413.9,9.59,11.88,2.54,52.69
"2025-11-25 21:30:00",1971,12.5,"2025-11-25 21:20:50",12.54,11.44,307,414.3,9.73,11.88,2.557,52.72
"2025-11-25 21:45:00",1972,12.49,"2025-11-25 21:31:00",12.52,11.45,307.4,414.7,10.01,11.89,2.574,52.74
"2025-11-25 22:00:00",1973,12.49,"2025-11-25 21:53:00",12.51,11.47,307.9,415.2,10.06,11.88,2.586,52.77
"2025-11-25 22:15:00",1974,12.49,"2025-11-25 22:13:00",12.51,"NAN","NAN","NAN","NAN","NAN",2.596,52.81
"2025-11-25 22:30:00",1975,12.49,"2025-11-25 22:17:00",12.51,11.51,308.7,415.9,10.73,11.88,2.612,52.84
"2025-11-25 22:45:00",1976,12.49,"2025-11-25 22:31:00",12.61,11.53,309,416,10.83,11.88,2.626,52.87
"2025-11-25 23:00:00",1977,12.49,"2025-11-25 22:53:00",12.72,11.54,309.2,416.2,10.99,11.88,2.642,52.9
"2025-11-25 23:15:00",1978,12.49,"2025-11-25 23:02:40",12.77,11.55,309.5,416.5,11.24,11.88,2.656,52.92
"2025-11-25 23:30:00",1979,12.49,"2025-11-25 23:16:50",12.78,11.56,309.8,416.7,11.7,11.88,2.672,52.94
"2025-11-25 23:45:00",1980,12.49,"2025-11-25 23:31:00",12.78,11.57,310,417,11.91,11.88,2.686,52.95
"2025-11-26 00:00:00",1981,12.48,"2025-11-25 23:53:00",12.75,11.58,310.2,417.1,12.72,11.87,2.702,52.97
"2025-11-26 00:15:00",1982,12.48,"2025-11-26 00:03:00",12.68,11.59,310.4,417.2,13.39,11.87,2.723,52.98
"2025-11-26 00:30:00",1983,12.48,"2025-11-26 00:29:00",12.6,11.59,310.6,417.6,14.67,11.87,2.741,52.99
"2025-11-26 00:45:00",1984,12.48,"2025-11-26 00:31:00",12.49,11.6,310.9,417.9,15,11.87,2.76,52.99
"2025-11-26 01:00:00",1985,12.48,"2025-11-26 00:53:00",12.4,11.6,311.1,418.1,14.66,11.87,2.779,53
"2025-11-26 01:15:00",1986,12.48,"2025-11-26 01:03:00",12.38,11.6,311.4,418.4,14.89,11.87,2.798,53.01
"2025-11-26 01:30:00",1987,12.48,"2025-11-26 01:27:00",12.36,11.61,311.6,418.7,14.86,11.87,2.815,53.01
"2025-11-26 01:45:00",1988,12.48,"2025-11-26 01:31:00",12.31,11.61,311.7,418.9,15.2,11.86,2.834,53.01
"2025-11-26 02:00:00",1989,12.48,"2025-11-26 01:57:00",12.21,11.6,311.7,418.9,16.15,11.86,2.849,53
"2025-11-26 02:15:00",1990,12.47,"2025-11-26 02:03:00",12.14,11.59,311.7,419,16.29,11.86,2.867,52.99
"2025-11-26 02:30:00",1991,12.47,"2025-11-26 02:23:00",12.11,11.59,311.8,419.2,16.02,11.86,2.883,52.98
"2025-11-26 02:45:00",1992,12.47,"2025-11-26 02:31:00",12.09,11.58,311.9,419.3,15.97,11.86,2.898,52.97
"2025-11-26 03:00:00",1993,12.47,"2025-11-26 02:55:00",12.06,11.58,311.2,418.4,16.19,11.86,2.913,52.96
"2025-11-26 03:15:00",1994,12.47,"2025-11-26 03:01:00",12.01,11.57,304.9,410.1,16.84,11.85,2.928,52.95
"2025-11-26 03:30:00",1995,12.47,"2025-11-26 03:25:00",11.95,11.57,306.4,412.2,16.2,11.86,2.941,52.94
"2025-11-26 03:45:00",1996,12.47,"2025-11-26 03:43:00",11.95,11.56,310.6,417.9,17.35,11.85,2.955,52.94
"2025-11-26 04:00:00",1997,12.47,"2025-11-26 03:56:50",11.9,11.56,313.5,421.7,18.08,11.85,2.969,52.93
"2025-11-26 04:15:00",1998,12.47,"2025-11-26 04:10:40",11.71,11.56,314.2,422.8,18.88,11.85,2.982,52.93
"2025-11-26 04:30:00",1999,12.47,"2025-11-26 04:24:30",11.46,11.56,315,423.8,19.37,11.85,2.994,52.92
"2025-11-26 04:45:00",2000,12.47,"2025-11-26 04:40:40",11.16,11.56,315.7,424.8,19.97,11.85,3.011,52.93
"2025-11-26 05:00:00",2001,12.46,"2025-11-26 04:53:00",10.76,11.56,316.4,425.6,19.07,11.84,3.029,52.93
"2025-11-26 05:15:00",2002,12.46,"2025-11-26 05:13:00",10.29,11.56,316.9,426.3,18.97,11.84,3.047,52.92
"2025-11-26 05:30:00",2003,12.46,"2025-11-26 05:17:00",9.82,11.56,317.3,426.9,19.41,11.84,3.065,52.92
"2025-11-26 05:45:00",2004,12.45,"2025-11-26 05:37:00",9.36,11.56,317.6,427.3,20.27,11.83,3.091,52.92
"2025-11-26 06:00:00",2005,12.45,"2025-11-26 05:53:00",8.72,11.55,317.6,427.4,20.74,11.83,3.126,52.91
"2025-11-26 06:15:00",2006,12.45,"2025-11-26 06:05:00",8.05,11.55,317.6,427.5,22.28,11.83,3.165,52.91
"2025-11-26 06:30:00",2007,12.45,"2025-11-26 06:16:30",7.519,11.55,317.5,427.3,24.11,11.82,3.214,52.92
"2025-11-26 06:45:00",2008,12.44,"2025-11-26 06:40:30",7.142,11.56,317.3,426.8,25.67,11.82,3.265,52.93
"2025-11-26 07:00:00",2009,12.44,"2025-11-26 06:53:00",6.904,11.57,316.9,426.2,33.36,11.82,3.319,52.95
"2025-11-26 07:15:00",2010,12.44,"2025-11-26 07:01:00",6.587,11.58,316.3,425.3,42.74,11.81,3.379,52.96
"2025-11-26 07:30:00",2011,12.43,"2025-11-26 07:23:00",6.268,11.58,315.6,424.3,33.65,11.81,3.428,52.97
"2025-11-26 07:45:00",2012,12.43,"2025-11-26 07:31:00",6.049,11.59,314.8,423.2,37.52,11.81,3.484,52.99
"2025-11-26 08:00:00",2013,12.43,"2025-11-26 07:46:50",5.911,11.6,314.2,422.2,68.75,11.81,3.539,53
"2025-11-26 08:15:00",2014,12.43,"2025-11-26 08:00:40",5.738,11.6,313.5,421.4,44.67,11.82,3.593,53
"2025-11-26 08:30:00",2015,12.47,"2025-11-26 08:19:00",5.614,11.59,312.8,420.5,44.27,11.86,3.645,52.99
"2025-11-26 08:45:00",2016,12.5,"2025-11-26 08:30:50",5.59,11.59,312.1,419.6,45.93,11.89,3.698,52.99
"2025-11-26 09:00:00",2017,12.56,"2025-11-26 08:46:10",5.481,11.58,311.5,418.8,46.15,11.94,3.744,52.97
"2025-11-26 09:15:00",2018,12.55,"2025-11-26 09:13:00",5.285,11.57,310.9,418.1,46.72,11.94,3.795,52.94
"2025-11-26 09:30:00",2019,12.58,"2025-11-26 09:15:10",5.128,11.56,310.4,417.6,303,12.01,3.84,52.93
"2025-11-26 09:45:00",2020,12.67,"2025-11-26 09:31:00",5.152,11.56,310.1,417.2,48.89,12.12,3.88,52.93
"2025-11-26 10:00:00",2021,12.72,"2025-11-26 09:49:00",5.208,11.55,309.9,417,50.29,12.12,3.916,52.92
"2025-11-26 10:15:00",2022,12.76,"2025-11-26 10:00:40",5.242,11.54,309.9,417.1,50.55,12.14,3.944,52.9
"2025-11-26 10:30:00",2023,12.79,"2025-11-26 10:16:50",5.232,11.53,310.2,417.6,51.02,12.19,3.972,52.88
"2025-11-26 10:45:00",2024,12.82,"2025-11-26 10:30:40",5.199,11.53,310.7,418.4,51.11,12.22,3.99,52.87
"2025-11-26 11:00:00",2025,12.88,"2025-11-26 10:46:50",5.156,11.52,309.4,416.7,52.87,12.26,4.008,52.87
"2025-11-26 11:15:00",2026,12.9,"2025-11-26 11:01:00",5.14,11.53,311.9,420,49.94,12.31,4.025,52.87
"2025-11-26 11:30:00",2027,12.96,"2025-11-26 11:23:00",5.149,11.53,312.7,421,48.91,12.34,4.038,52.87
"2025-11-26 11:45:00",2028,12.98,"2025-11-26 11:30:30",5.181,11.53,313.1,421.6,48.7,12.38,4.045,52.88
"2025-11-26 12:00:00",2029,13,"2025-11-26 11:46:40",5.248,11.53,313.3,421.9,48.65,12.4,4.053,52.88
"2025-11-26 12:15:00",2030,13.06,"2025-11-26 12:01:00",5.34,11.53,313.3,421.9,48.47,12.46,4.056,52.89
"2025-11-26 12:30:00",2031,13.08,"2025-11-26 12:23:00",5.457,11.53,313.2,421.6,47.51,12.46,4.059,52.89
"2025-11-26 12:45:00",2032,13.07,"2025-11-26 12:32:30",5.545,11.53,312.9,421.3,46.89,12.46,4.057,52.88
"2025-11-26 13:00:00",2033,13.1,"2025-11-26 12:47:00",5.633,11.52,312.8,421.3,46.17,12.49,4.05,52.85
"2025-11-26 13:15:00",2034,13.1,"2025-11-26 13:00:50",5.704,11.51,312.9,421.5,45.91,12.5,4.046,52.85
"2025-11-26 13:30:00",2035,13.14,"2025-11-26 13:19:00",5.789,11.51,313.4,422.2,45.07,12.53,4.038,52.85
"2025-11-26 13:45:00",2036,13.15,"2025-11-26 13:34:30",6.026,11.53,314.4,423.3,44.78,12.59,4.029,52.89
"2025-11-26 14:00:00",2037,13.09,"2025-11-26 13:53:00",6.533,11.57,308.6,415.1,43.81,12.55,4.02,52.96
"2025-11-26 14:15:00",2038,13.15,"2025-11-26 14:10:50",6.728,11.59,305.9,411.2,43.41,12.57,4.007,52.99
"2025-11-26 14:30:00",2039,13.17,"2025-11-26 14:29:00",7.223,11.62,305.7,410.7,43.13,12.6,3.993,53.04
"2025-11-26 14:45:00",2040,13.08,"2025-11-26 14:45:00",7.502,11.62,311,417.7,42.65,12.56,3.979,53.04
"2025-11-26 15:00:00",2041,13.07,"2025-11-26 14:56:40",7.252,11.61,319.8,429.7,41.75,12.49,3.966,53.03
"2025-11-26 15:15:00",2042,13.07,"2025-11-26 15:14:50",6.891,11.61,320.7,430.9,41.79,12.49,3.951,53.02
"2025-11-26 15:30:00",2043,13.07,"2025-11-26 15:23:00",6.646,11.62,320.8,431,41.32,12.46,3.934,53.04
"2025-11-26 15:45:00",2044,13.1,"2025-11-26 15:30:40",6.468,11.63,320.4,430.3,40.9,12.5,3.919,53.06
"2025-11-26 16:00:00",2045,12.99,"2025-11-26 15:59:00",6.324,11.63,320,429.7,40.88,12.45,3.902,53.07
"2025-11-26 16:15:00",2046,12.94,"2025-11-26 16:12:30",6.159,11.63,319,428.4,40.55,12.36,3.887,53.06
"2025-11-26 16:30:00",2047,12.93,"2025-11-26 16:29:00",5.996,11.62,317.2,426.1,40.81,12.34,3.869,53.04
"2025-11-26 16:45:00",2048,12.91,"2025-11-26 16:40:50",5.798,11.6,315.2,423.6,40.94,12.31,3.85,53
"2025-11-26 17:00:00",2049,12.88,"2025-11-26 16:58:50",5.634,11.58,313.5,421.6,40.63,12.28,3.834,52.96
"2025-11-26 17:15:00",2050,12.82,"2025-11-26 17:14:30",5.413,11.55,311.3,419,41.46,12.23,3.816,52.9
"2025-11-26 17:30:00",2051,12.79,"2025-11-26 17:29:00",5.315,11.52,309.1,416.3,40.4,12.19,3.797,52.85
"2025-11-26 17:45:00",2052,12.77,"2025-11-26 17:45:00",5.185,11.49,307,413.7,40.11,12.16,3.78,52.79
"2025-11-26 18:00:00",2053,12.76,"2025-11-26 17:53:00",4.977,11.45,304.9,411.3,40.31,12.15,3.762,52.74
"2025-11-26 18:15:00",2054,12.75,"2025-11-26 18:14:50",4.716,11.42,303,409.1,40.07,12.13,3.741,52.68
"2025-11-26 18:30:00",2055,12.74,"2025-11-26 18:23:00",4.418,11.38,301.3,407.1,39.73,12.12,3.725,52.61
"2025-11-26 18:45:00",2056,12.73,"2025-11-26 18:45:00",4.145,11.35,299.8,405.5,39.61,12.12,3.708,52.54
"2025-11-26 19:00:00",2057,12.72,"2025-11-26 18:58:50",3.813,11.31,298.4,404,38.48,12.12,3.69,52.48
"2025-11-26 19:15:00",2058,12.71,"2025-11-26 19:02:50",3.421,11.27,297.1,402.7,38.13,12.12,3.668,52.41
"2025-11-26 19:30:00",2059,12.7,"2025-11-26 19:23:00",3.019,11.24,296,401.6,38.08,12.12,3.652,52.35
"2025-11-26 19:45:00",2060,12.69,"2025-11-26 19:41:00",2.595,11.2,295,400.6,36.89,12.12,3.634,52.28
"2025-11-26 20:00:00",2061,12.69,"2025-11-26 19:53:00",2.214,11.16,294.2,399.8,36.24,12.12,3.614,52.21
"2025-11-26 20:15:00",2062,12.68,"2025-11-26 20:11:00",1.914,11.13,293.1,398.7,35.54,12.12,3.598,52.15
"2025-11-26 20:30:00",2063,12.67,"2025-11-26 20:23:00",1.758,11.09,292.5,398.3,35.25,12.12,3.579,52.09
"2025-11-26 20:45:00",2064,12.66,"2025-11-26 20:45:00",1.625,11.06,291.7,397.6,34.55,12.12,3.563,52.02
"2025-11-26 21:00:00",2065,12.65,"2025-11-26 20:56:50",1.463,11.02,291,397,34.12,12.12,3.545,51.96
"2025-11-26 21:15:00",2066,12.65,"2025-11-26 21:03:00",1.315,10.99,290.2,396.3,33.55,12.11,3.527,51.9
"2025-11-26 21:30:00",2067,12.64,"2025-11-26 21:19:00",1.172,10.95,289.4,395.6,33.07,12.1,3.511,51.84
"2025-11-26 21:45:00",2068,12.63,"2025-11-26 21:38:30",1.023,10.92,288.7,394.9,32.67,12.06,3.494,51.78
"2025-11-26 22:00:00",2069,12.62,"2025-11-26 21:54:30",0.87,10.89,287.9,394.2,32.03,12.02,3.479,51.72
"2025-11-26 22:15:00",2070,12.62,"2025-11-26 22:02:30",0.702,10.85,287.2,393.6,31.3,12,3.463,51.66
"2025-11-26 22:30:00",2071,12.61,"2025-11-26 22:23:00",0.546,10.82,286.5,392.9,30.97,11.98,3.447,51.61
"2025-11-26 22:45:00",2072,12.6,"2025-11-26 22:35:00",0.411,10.8,285.9,392.3,30.47,11.98,3.431,51.57
"2025-11-26 23:00:00",2073,12.59,"2025-11-26 22:57:00",0.306,"NAN","NAN","NAN","NAN","NAN",3.417,51.52
"2025-11-26 23:15:00",2074,12.59,"2025-11-26 23:11:00",0.213,10.75,284.7,391.2,29.87,11.96,3.402,51.48
"2025-11-26 23:30:00",2075,12.58,"2025-11-26 23:21:00",0.089,10.73,284.2,390.7,29.85,11.95,3.388,51.44
"2025-11-26 23:45:00",2076,12.57,"2025-11-26 23:41:00",-0.032,10.71,283.8,390.3,29.26,11.94,3.373,51.4
"2025-11-27 00:00:00",2077,12.56,"2025-11-26 23:57:00",-0.138,10.68,283.3,390,28.92,11.93,3.359,51.36
"2025-11-27 00:15:00",2078,12.56,"2025-11-27 00:03:00",-0.216,10.66,282.9,389.6,28.75,11.93,3.346,51.32
"2025-11-27 00:30:00",2079,12.55,"2025-11-27 00:23:00",-0.29,10.64,282.5,389.4,28.43,11.92,3.332,51.28
"2025-11-27 00:45:00",2080,12.54,"2025-11-27 00:43:00",-0.361,10.62,282.2,389.1,27.98,11.91,3.318,51.24
"2025-11-27 01:00:00",2081,12.54,"2025-11-27 00:46:50",-0.436,10.6,281.9,388.9,27.53,11.9,3.306,51.2
"2025-11-27 01:15:00",2082,12.53,"2025-11-27 01:03:00",-0.503,10.57,281.6,388.7,27.38,11.89,3.292,51.16
"2025-11-27 01:30:00",2083,12.52,"2025-11-27 01:23:00",-0.542,10.55,281.3,388.4,26.83,11.89,3.28,51.12
"2025-11-27 01:45:00",2084,12.51,"2025-11-27 01:43:00",-0.543,10.53,281,388.2,26.82,11.89,3.268,51.09
"2025-11-27 02:00:00",2085,12.5,"2025-11-27 01:47:00",-0.552,10.51,280.6,388,26.69,11.87,3.254,51.05
"2025-11-27 02:15:00",2086,12.49,"2025-11-27 02:09:00",-0.543,10.49,280.3,387.8,26.44,11.87,3.244,51.01
"2025-11-27 02:30:00",2087,12.49,"2025-11-27 02:23:00",-0.503,10.47,279.9,387.5,26.06,11.86,3.232,50.97
"2025-11-27 02:45:00",2088,12.48,"2025-11-27 02:31:00",-0.429,10.45,279.5,387.2,25.95,11.85,3.219,50.93
"2025-11-27 03:00:00",2089,12.47,"2025-11-27 02:53:00",-0.334,10.43,279.1,386.8,25.66,11.84,3.208,50.9
"2025-11-27 03:15:00",2090,12.47,"2025-11-27 03:09:00",-0.238,10.41,278.7,386.4,25.31,11.83,3.196,50.86
"2025-11-27 03:30:00",2091,12.46,"2025-11-27 03:23:00",-0.198,10.38,278.2,386,25.08,11.83,3.185,50.82
"2025-11-27 03:45:00",2092,12.45,"2025-11-27 03:39:00",-0.164,10.36,277.7,385.5,24.8,11.82,3.174,50.78
"2025-11-27 04:00:00",2093,12.44,"2025-11-27 03:57:00",-0.13,10.34,277.2,385,24.84,11.81,3.164,50.74
"2025-11-27 04:15:00",2094,12.44,"2025-11-27 04:02:50",-0.056,10.32,276.6,384.4,24.75,11.81,3.152,50.7
"2025-11-27 04:30:00",2095,12.43,"2025-11-27 04:25:00",0.035,10.3,276,383.8,24.46,11.8,3.14,50.66
"2025-11-27 04:45:00",2096,12.43,"2025-11-27 04:30:50",0.14,10.27,275.4,383.2,24.29,11.8,3.131,50.62
"2025-11-27 05:00:00",2097,12.42,"2025-11-27 04:53:00",0.229,10.25,274.7,382.5,24.11,11.79,3.12,50.58
"2025-11-27 05:15:00",2098,12.41,"2025-11-27 05:02:10",0.223,10.23,274.1,381.8,23.8,11.78,3.109,50.54
"2025-11-27 05:30:00",2099,12.41,"2025-11-27 05:23:00",0.264,10.2,273.4,381.1,23.78,11.78,3.1,50.5
"2025-11-27 05:45:00",2100,12.41,"2025-11-27 05:30:50",0.349,10.18,272.7,380.3,23.79,11.78,3.089,50.45
"2025-11-27 06:00:00",2101,12.39,"2025-11-27 05:53:00",0.373,10.15,271.9,379.6,23.55,11.77,3.078,50.4
"2025-11-27 06:15:00",2102,12.39,"2025-11-27 06:02:50",0.413,10.13,271.2,378.8,23.46,11.76,3.067,50.36
"2025-11-27 06:30:00",2103,12.39,"2025-11-27 06:16:40",0.456,10.1,270.5,378.1,22.9,11.76,3.059,50.31
"2025-11-27 06:45:00",2104,12.39,"2025-11-27 06:37:00",0.426,10.07,269.7,377.2,23.23,11.76,3.049,50.26
"2025-11-27 07:00:00",2105,12.38,"2025-11-27 06:53:00",0.379,10.04,268.9,376.4,22.81,11.75,3.039,50.2
"2025-11-27 07:15:00",2106,12.38,"2025-11-27 07:01:00",0.334,10.01,268,375.6,23.01,11.76,3.03,50.15
"2025-11-27 07:30:00",2107,12.38,"2025-11-27 07:23:00",0.309,9.98,267.3,374.8,22.86,11.75,3.022,50.1
"2025-11-27 07:45:00",2108,12.38,"2025-11-27 07:31:00",0.284,9.96,266.5,373.9,22.64,11.75,3.013,50.05
"2025-11-27 08:00:00",2109,12.38,"2025-11-27 07:47:00",0.244,9.93,265.7,373.2,22.53,11.75,3.003,50
"2025-11-27 08:15:00",2110,12.39,"2025-11-27 08:01:00",0.169,9.9,265,372.3,22.3,11.77,2.994,49.95
"2025-11-27 08:30:00",2111,12.43,"2025-11-27 08:16:50",0.014,9.87,264.2,371.5,22.16,11.81,2.986,49.9
"2025-11-27 08:45:00",2112,12.41,"2025-11-27 08:39:00",-0.138,9.84,263.4,370.7,21.99,11.8,2.977,49.85
"2025-11-27 09:00:00",2113,12.41,"2025-11-27 08:47:00",-0.285,9.81,262.6,369.9,21.82,11.8,2.967,49.79
"2025-11-27 09:15:00",2114,12.54,"2025-11-27 09:00:10",-0.334,9.79,261.9,369.1,21.61,11.96,2.958,49.75
"2025-11-27 09:30:00",2115,12.65,"2025-11-27 09:16:50",-0.159,9.78,261.2,368.3,21.58,12.11,2.95,49.74
"2025-11-27 09:45:00",2116,12.8,"2025-11-27 09:30:40",0.141,9.77,260.6,367.5,21.3,12.21,2.941,49.73
"2025-11-27 10:00:00",2117,12.96,"2025-11-27 09:53:00",0.496,9.77,260.1,366.8,21.19,12.34,2.933,49.72
"2025-11-27 10:15:00",2118,13,"2025-11-27 10:01:00",0.766,"NAN","NAN","NAN","NAN","NAN",2.925,49.71
"2025-11-27 10:30:00",2119,13.05,"2025-11-27 10:17:00",0.985,9.75,258.9,365.3,21.21,12.44,2.917,49.69
"2025-11-27 10:45:00",2120,13.09,"2025-11-27 10:33:00",1.175,9.74,258.3,364.6,20.88,12.48,2.909,49.68
"2025-11-27 11:00:00",2121,13.09,"2025-11-27 10:52:50",1.344,9.74,257.8,363.9,20.66,12.49,2.901,49.67
"2025-11-27 11:15:00",2122,13.08,"2025-11-27 11:01:00",1.48,9.73,257.3,363.2,20.55,12.49,2.893,49.66
"2025-11-27 11:30:00",2123,13.17,"2025-11-27 11:16:50",1.591,9.73,256.8,362.6,20.35,12.55,2.886,49.65
"2025-11-27 11:45:00",2124,13.18,"2025-11-27 11:30:10",1.695,9.72,256.3,361.9,20.26,12.58,2.88,49.65
"2025-11-27 12:00:00",2125,13.22,"2025-11-27 11:46:30",1.815,9.73,255.9,361.4,20.26,12.62,2.871,49.65
"2025-11-27 12:15:00",2126,13.22,"2025-11-27 12:14:50",1.935,9.73,255.5,360.8,20.07,12.61,2.863,49.66
"2025-11-27 12:30:00",2127,13.18,"2025-11-27 12:28:40",2.004,9.73,255.1,360.2,20.12,12.59,2.856,49.65
"2025-11-27 12:45:00",2128,13.18,"2025-11-27 12:30:50",2.037,9.72,254.7,359.6,19.98,12.6,2.848,49.65
"2025-11-27 13:00:00",2129,13.23,"2025-11-27 12:48:40",2.107,9.72,254.3,359.1,19.91,12.63,2.842,49.65
"2025-11-27 13:15:00",2130,13.26,"2025-11-27 13:13:00",2.227,9.73,254,358.5,19.94,12.66,2.834,49.66
"2025-11-27 13:30:00",2131,13.29,"2025-11-27 13:16:10",2.375,9.73,253.6,358,19.64,12.69,2.828,49.67
"2025-11-27 13:45:00",2132,13.22,"2025-11-27 13:38:40",2.582,9.73,253.2,357.5,19.78,12.66,2.821,49.67
"2025-11-27 14:00:00",2133,13.23,"2025-11-27 13:47:00",2.617,9.73,252.9,357,19.81,12.65,2.812,49.66
"2025-11-27 14:15:00",2134,13.3,"2025-11-27 14:00:20",2.893,9.74,252.7,356.6,19.58,12.74,2.805,49.69
"2025-11-27 14:30:00",2135,13.39,"2025-11-27 14:16:10",3.553,9.77,252.5,356.1,19.63,12.8,2.798,49.74
"2025-11-27 14:45:00",2136,13.37,"2025-11-27 14:38:30",4.578,9.79,252.4,355.7,19.48,12.82,2.793,49.78
"2025-11-27 15:00:00",2137,13.29,"2025-11-27 14:56:40",5.187,9.78,252,355.3,19.43,12.77,2.787,49.74
"2025-11-27 15:15:00",2138,13.22,"2025-11-27 15:13:00",5.042,"NAN","NAN","NAN","NAN","NAN",2.778,49.63
"2025-11-27 15:30:00",2139,13.21,"2025-11-27 15:28:50",4.389,9.64,250.6,354.6,19.38,12.62,2.772,49.5
"2025-11-27 15:45:00",2140,13.18,"2025-11-27 15:39:00",3.779,9.61,250.1,354.2,19.26,12.61,2.765,49.44
"2025-11-27 16:00:00",2141,13.18,"2025-11-27 15:57:10",3.295,9.59,249.8,353.9,19.19,12.58,2.759,49.41
"2025-11-27 16:15:00",2142,13.06,"2025-11-27 16:15:00",2.801,9.58,249.4,353.6,19.04,12.52,2.753,49.38
"2025-11-27 16:30:00",2143,12.99,"2025-11-27 16:29:00",2.246,9.54,249,353.3,18.94,12.41,2.747,49.3
"2025-11-27 16:45:00",2144,12.94,"2025-11-27 16:45:00",1.672,9.48,248.4,353.1,18.89,12.35,2.741,49.2
"2025-11-27 17:00:00",2145,12.91,"2025-11-27 16:57:00",1.14,9.42,247.9,352.9,18.77,12.31,2.735,49.1
"2025-11-27 17:15:00",2146,12.88,"2025-11-27 17:15:00",0.702,9.38,247.5,352.7,18.6,12.28,2.729,49.03
"2025-11-27 17:30:00",2147,12.85,"2025-11-27 17:29:00",0.304,"NAN","NAN","NAN","NAN","NAN",2.722,48.96
"2025-11-27 17:45:00",2148,12.84,"2025-11-27 17:39:00",-0.111,9.32,246.7,352.3,18.47,12.22,2.717,48.91
"2025-11-27 18:00:00",2149,12.83,"2025-11-27 17:51:00",-0.509,9.29,246.4,352.1,18.41,12.2,2.71,48.86
"2025-11-27 18:15:00",2150,12.81,"2025-11-27 18:13:00",-0.893,9.26,246.1,352,18.5,12.19,2.704,48.81
"2025-11-27 18:30:00",2151,12.8,"2025-11-27 18:19:00",-1.254,9.23,245.9,351.8,18.32,12.17,2.699,48.76
"2025-11-27 18:45:00",2152,12.79,"2025-11-27 18:35:00",-1.555,9.21,245.6,351.7,18.22,12.17,2.692,48.72
"2025-11-27 19:00:00",2153,12.78,"2025-11-27 18:54:40",-1.819,9.18,245.4,351.6,18.17,12.15,2.686,48.67
"2025-11-27 19:15:00",2154,12.77,"2025-11-27 19:09:00",-2.046,9.15,245.1,351.5,17.73,12.15,2.68,48.62
"2025-11-27 19:30:00",2155,12.76,"2025-11-27 19:29:00",-2.248,9.12,244.9,351.4,17.84,12.13,2.674,48.56
"2025-11-27 19:45:00",2156,12.76,"2025-11-27 19:45:00",-2.428,9.09,244.6,351.4,17.71,12.13,2.669,48.5
"2025-11-27 20:00:00",2157,12.75,"2025-11-27 19:54:50",-2.622,9.05,244.3,351.4,17.69,12.12,2.663,48.44
"2025-11-27 20:15:00",2158,12.74,"2025-11-27 20:13:00",-2.778,9.02,244.1,351.3,17.83,12.12,2.657,48.37
"2025-11-27 20:30:00",2159,12.73,"2025-11-27 20:23:00",-2.903,8.98,243.8,351.3,17.65,12.12,2.651,48.3
"2025-11-27 20:45:00",2160,12.73,"2025-11-27 20:37:00",-3.01,8.94,243.6,351.3,17.59,12.12,2.645,48.24
"2025-11-27 21:00:00",2161,12.72,"2025-11-27 20:56:50",-3.113,8.91,243.3,351.3,17.34,12.12,2.639,48.18
"2025-11-27 21:15:00",2162,12.72,"2025-11-27 21:00:50",-3.213,8.87,243.1,351.4,17.38,12.12,2.634,48.12
"2025-11-27 21:30:00",2163,12.71,"2025-11-27 21:20:50",-3.297,8.84,242.9,351.4,17.39,12.12,2.629,48.06
"2025-11-27 21:45:00",2164,12.69,"2025-11-27 21:44:50",-3.375,8.81,242.7,351.4,17.22,12.12,2.622,48
"2025-11-27 22:00:00",2165,12.69,"2025-11-27 21:49:00",-3.449,8.78,242.6,351.5,17.24,12.12,2.619,47.94
"2025-11-27 22:15:00",2166,12.69,"2025-11-27 22:11:00",-3.522,8.74,242.4,351.6,17.11,12.12,2.613,47.89
"2025-11-27 22:30:00",2167,12.68,"2025-11-27 22:27:00",-3.575,8.71,242.3,351.6,16.94,12.12,2.607,47.83
"2025-11-27 22:45:00",2168,12.67,"2025-11-27 22:45:00",-3.63,8.68,242.1,351.7,16.83,12.12,2.601,47.78
"2025-11-27 23:00:00",2169,12.67,"2025-11-27 22:53:00",-3.683,8.65,242,351.8,16.77,12.12,2.596,47.72
"2025-11-27 23:15:00",2170,12.66,"2025-11-27 23:15:00",-3.744,8.62,241.8,351.9,16.6,12.12,2.589,47.66
"2025-11-27 23:30:00",2171,12.66,"2025-11-27 23:20:50",-3.799,8.59,241.7,352,16.57,12.12,2.585,47.6
"2025-11-27 23:45:00",2172,12.65,"2025-11-27 23:40:50",-3.869,8.55,241.6,352.2,16.41,12.12,2.579,47.55
"2025-11-28 00:00:00",2173,12.65,"2025-11-27 23:58:30",-3.941,8.52,241.4,352.3,16.33,12.1,2.573,47.48
"2025-11-28 00:15:00",2174,12.64,"2025-11-28 00:15:00",-3.991,8.49,241.3,352.5,16.25,12.07,2.568,47.42
"2025-11-28 00:30:00",2175,12.63,"2025-11-28 00:29:00",-4.039,8.45,241.2,352.6,16.13,12.04,2.562,47.36
"2025-11-28 00:45:00",2176,12.63,"2025-11-28 00:33:00",-4.092,8.42,241,352.8,16.1,12.02,2.556,47.3
"2025-11-28 01:00:00",2177,12.62,"2025-11-28 00:59:00",-4.121,8.38,240.9,352.9,16.13,11.99,2.552,47.24
"2025-11-28 01:15:00",2178,12.62,"2025-11-28 01:15:00",-4.155,8.35,240.8,353.1,16.17,11.98,2.546,47.18
"2025-11-28 01:30:00",2179,12.61,"2025-11-28 01:23:00",-4.195,8.31,240.7,353.3,15.99,11.98,2.541,47.12
"2025-11-28 01:45:00",2180,12.61,"2025-11-28 01:44:50",-4.209,8.28,240.6,353.5,15.95,11.98,2.536,47.06
"2025-11-28 02:00:00",2181,12.61,"2025-11-28 01:54:30",-4.228,8.25,240.5,353.6,15.87,11.97,2.53,47
"2025-11-28 02:15:00",2182,12.6,"2025-11-28 02:03:00",-4.267,8.21,240.4,353.8,15.83,11.96,2.524,46.93
"2025-11-28 02:30:00",2183,12.59,"2025-11-28 02:23:00",-4.345,8.18,240.3,354,15.64,11.96,2.519,46.87
"2025-11-28 02:45:00",2184,12.58,"2025-11-28 02:45:00",-4.449,8.15,240.2,354.2,15.61,11.95,2.513,46.81
"2025-11-28 03:00:00",2185,12.59,"2025-11-28 02:53:00",-4.538,8.11,240.1,354.4,15.72,11.95,2.508,46.75
"2025-11-28 03:15:00",2186,12.57,"2025-11-28 03:10:50",-4.597,8.08,240,354.6,15.58,11.94,2.504,46.7
"2025-11-28 03:30:00",2187,12.57,"2025-11-28 03:17:00",-4.631,8.05,239.9,354.7,15.49,11.94,2.499,46.64
"2025-11-28 03:45:00",2188,12.56,"2025-11-28 03:45:00",-4.671,8.01,239.8,354.9,15.47,11.93,2.493,46.58
"2025-11-28 04:00:00",2189,12.56,"2025-11-28 03:53:00",-4.724,7.982,239.7,355.1,15.34,11.93,2.488,46.52
"2025-11-28 04:15:00",2190,12.55,"2025-11-28 04:13:00",-4.771,7.952,239.6,355.3,15.39,11.92,2.483,46.47
"2025-11-28 04:30:00",2191,12.55,"2025-11-28 04:25:00",-4.807,7.924,239.6,355.5,15.31,11.92,2.478,46.42
"2025-11-28 04:45:00",2192,12.54,"2025-11-28 04:43:00",-4.824,7.894,239.5,355.7,15.15,11.91,2.474,46.37
"2025-11-28 05:00:00",2193,12.54,"2025-11-28 04:53:00",-4.795,7.863,239.4,355.9,15.08,11.9,2.469,46.31
"2025-11-28 05:15:00",2194,12.53,"2025-11-28 05:14:50",-4.682,7.831,239.3,356.1,15.08,11.9,2.463,46.25
"2025-11-28 05:30:00",2195,12.52,"2025-11-28 05:28:50",-4.562,7.801,239.2,356.2,14.98,11.89,2.458,46.2
"2025-11-28 05:45:00",2196,12.52,"2025-11-28 05:43:00",-4.512,7.772,239.1,356.4,14.81,11.89,2.454,46.15
"2025-11-28 06:00:00",2197,12.51,"2025-11-28 05:53:00",-4.611,7.742,239.1,356.6,14.85,11.88,2.448,46.09
"2025-11-28 06:15:00",2198,12.51,"2025-11-28 06:08:50",-4.765,"NAN","NAN","NAN","NAN","NAN",2.444,46.04
"2025-11-28 06:30:00",2199,12.5,"2025-11-28 06:29:00",-4.926,7.681,238.9,356.9,14.77,11.87,2.439,45.98
"2025-11-28 06:45:00",2200,12.5,"2025-11-28 06:31:00",-5.067,7.652,238.8,357.1,14.65,11.86,2.434,45.93
"2025-11-28 07:00:00",2201,12.49,"2025-11-28 06:53:00",-5.199,7.624,238.7,357.3,14.56,11.85,2.43,45.88
"2025-11-28 07:15:00",2202,12.48,"2025-11-28 07:11:00",-5.329,7.597,238.7,357.5,14.4,11.84,2.424,45.83
"2025-11-28 07:30:00",2203,12.48,"2025-11-28 07:22:50",-5.47,7.57,238.6,357.7,14.37,11.84,2.42,45.78
"2025-11-28 07:45:00",2204,12.47,"2025-11-28 07:33:00",-5.597,7.541,238.5,357.8,14.39,11.83,2.416,45.73
"2025-11-28 08:00:00",2205,12.47,"2025-11-28 07:46:40",-5.711,7.512,238.5,358.1,14.19,11.84,2.409,45.68
"2025-11-28 08:15:00",2206,12.48,"2025-11-28 08:00:50",-5.751,7.484,238.4,358.2,14.06,11.85,2.407,45.63
"2025-11-28 08:30:00",2207,12.5,"2025-11-28 08:16:40",-5.706,7.46,238.3,358.4,14,11.87,2.402,45.59
"2025-11-28 08:45:00",2208,12.52,"2025-11-28 08:30:50",-5.614,7.436,238.3,358.6,13.87,11.89,2.397,45.55
"2025-11-28 09:00:00",2209,12.55,"2025-11-28 08:47:00",-5.467,7.412,238.2,358.8,13.7,11.93,2.393,45.5
"2025-11-28 09:15:00",2210,12.59,"2025-11-28 09:00:50",-5.184,7.39,238.2,359,13.52,11.96,2.387,45.47
"2025-11-28 09:30:00",2211,12.64,"2025-11-28 09:16:40",-4.794,7.376,238.2,359.1,13.47,12.08,2.382,45.44
"2025-11-28 09:45:00",2212,12.7,"2025-11-28 09:30:30",-4.344,7.368,238.3,359.3,13.44,12.12,2.378,45.43
"2025-11-28 10:00:00",2213,12.77,"2025-11-28 09:46:50",-3.893,7.365,238.4,359.4,13.23,12.15,2.373,45.43
"2025-11-28 10:15:00",2214,12.83,"2025-11-28 10:00:50",-3.42,7.369,238.5,359.6,13.08,12.21,2.369,45.44
"2025-11-28 10:30:00",2215,12.89,"2025-11-28 10:16:40",-3.041,7.378,238.7,359.7,12.96,12.27,2.365,45.45
"2025-11-28 10:45:00",2216,12.93,"2025-11-28 10:30:50",-2.635,7.396,238.9,359.9,12.78,12.31,2.359,45.49
"2025-11-28 11:00:00",2217,12.96,"2025-11-28 10:46:40",-2.109,7.417,239.1,360,12.76,12.34,2.357,45.53
"2025-11-28 11:15:00",2218,12.99,"2025-11-28 11:01:00",-1.666,"NAN","NAN","NAN","NAN","NAN",2.352,45.58
"2025-11-28 11:30:00",2219,13.01,"2025-11-28 11:17:00",-1.245,7.474,239.7,360.3,12.41,12.39,2.348,45.63
"2025-11-28 11:45:00",2220,13.04,"2025-11-28 11:31:00",-0.693,7.507,240,360.4,12.36,12.43,2.345,45.69
"2025-11-28 12:00:00",2221,13.07,"2025-11-28 11:46:30",-0.066,7.542,240.3,360.5,12.29,12.45,2.339,45.75
"2025-11-28 12:15:00",2222,13.08,"2025-11-28 12:02:10",0.493,7.575,240.6,360.6,12.16,12.46,2.337,45.81
"2025-11-28 12:30:00",2223,13.08,"2025-11-28 12:18:50",1.02,7.605,240.9,360.8,12.08,12.46,2.333,45.86
"2025-11-28 12:45:00",2224,13.09,"2025-11-28 12:30:40",1.299,7.625,241.1,360.9,12.02,12.47,2.328,45.9
"2025-11-28 13:00:00",2225,13.1,"2025-11-28 12:46:50",1.4,7.639,241.3,361,11.94,12.47,2.325,45.92
"2025-11-28 13:15:00",2226,13.11,"2025-11-28 13:00:50",1.672,7.654,241.5,361.2,11.83,12.48,2.321,45.95
"2025-11-28 13:30:00",2227,13.11,"2025-11-28 13:23:00",2.133,7.661,241.7,361.3,11.76,12.5,2.317,45.96
"2025-11-28 13:45:00",2228,13.11,"2025-11-28 13:31:00",2.863,7.671,241.8,361.5,11.67,12.49,2.313,45.98
"2025-11-28 14:00:00",2229,13.11,"2025-11-28 13:47:00",3.172,7.679,242,361.6,11.6,12.5,2.309,45.99
"2025-11-28 14:15:00",2230,13.12,"2025-11-28 14:02:50",3.344,7.682,242.1,361.8,11.55,12.51,2.304,46
"2025-11-28 14:30:00",2231,13.15,"2025-11-28 14:17:00",3.403,7.686,242.1,361.7,11.44,12.54,2.3,46
"2025-11-28 14:45:00",2232,13.18,"2025-11-28 14:40:50",3.868,7.682,242.4,362.2,11.41,12.57,2.296,46
"2025-11-28 15:00:00",2233,13.23,"2025-11-28 14:46:30",4.399,7.676,242.5,362.4,11.32,12.62,2.293,45.98
"2025-11-28 15:15:00",2234,13.23,"2025-11-28 15:01:00",4.748,7.663,242.5,362.6,11.28,12.64,2.289,45.96
"2025-11-28 15:30:00",2235,13.15,"2025-11-28 15:26:50",5.019,7.65,242.6,362.8,11.2,12.62,2.286,45.94
"2025-11-28 15:45:00",2236,13.04,"2025-11-28 15:44:50",4.949,7.643,242.7,363,11.14,12.52,2.281,45.92
"2025-11-28 16:00:00",2237,12.98,"2025-11-28 15:58:40",4.415,7.634,242.8,363.3,11.04,12.4,2.277,45.91
"2025-11-28 16:15:00",2238,12.92,"2025-11-28 16:13:00",3.647,7.62,242.8,363.5,10.92,12.33,2.273,45.88
"2025-11-28 16:30:00",2239,12.89,"2025-11-28 16:26:40",2.989,"NAN","NAN","NAN","NAN","NAN",2.27,45.87
"2025-11-28 16:45:00",2240,12.86,"2025-11-28 16:43:00",2.378,7.605,243,364,10.91,12.25,2.267,45.86
"2025-11-28 17:00:00",2241,12.83,"2025-11-28 16:58:50",1.843,"NAN","NAN","NAN","NAN","NAN",2.263,45.84
"2025-11-28 17:15:00",2242,12.8,"2025-11-28 17:13:00",1.31,7.586,243.2,364.4,10.78,12.19,2.259,45.82
"2025-11-28 17:30:00",2243,12.77,"2025-11-28 17:29:00",0.794,7.568,243.2,364.7,10.71,12.16,2.255,45.78
"2025-11-28 17:45:00",2244,12.75,"2025-11-28 17:44:50",0.277,7.54,243.2,364.9,10.65,12.13,2.252,45.74
"2025-11-28 18:00:00",2245,12.74,"2025-11-28 17:59:00",-0.23,7.509,243.2,365.2,10.61,12.12,2.248,45.68
"2025-11-28 18:15:00",2246,12.73,"2025-11-28 18:11:00",-0.693,7.475,243.1,365.4,10.56,12.12,2.244,45.62
"2025-11-28 18:30:00",2247,12.71,"2025-11-28 18:23:00",-1.114,7.439,243,365.7,10.54,12.12,2.241,45.55
"2025-11-28 18:45:00",2248,12.7,"2025-11-28 18:44:50",-1.477,7.401,242.9,365.9,10.53,12.12,2.238,45.48
"2025-11-28 19:00:00",2249,12.69,"2025-11-28 18:58:50",-1.798,7.362,242.8,366.2,10.5,12.12,2.235,45.41
"2025-11-28 19:15:00",2250,12.68,"2025-11-28 19:08:40",-2.08,7.32,242.7,366.5,10.39,12.12,2.23,45.34
"2025-11-28 19:30:00",2251,12.67,"2025-11-28 19:24:30",-2.345,7.279,242.6,366.8,10.33,12.12,2.227,45.26
"2025-11-28 19:45:00",2252,12.65,"2025-11-28 19:41:00",-2.6,"NAN","NAN","NAN","NAN","NAN",2.223,45.19
"2025-11-28 20:00:00",2253,12.64,"2025-11-28 19:53:00",-2.81,7.193,242.4,367.3,10.19,12.06,2.221,45.11
"2025-11-28 20:15:00",2254,12.63,"2025-11-28 20:12:30",-3.009,7.149,242.3,367.6,10.14,12.03,2.216,45.03
"2025-11-28 20:30:00",2255,12.62,"2025-11-28 20:27:00",-3.208,7.106,242.1,367.9,10.09,11.99,2.213,44.95
"2025-11-28 20:45:00",2256,12.61,"2025-11-28 20:41:00",-3.392,7.063,242,368.1,384.6,11.98,2.21,44.88
"2025-11-28 21:00:00",2257,12.6,"2025-11-28 20:58:50",-3.567,7.021,241.9,368.4,10.25,11.96,2.207,44.8
"2025-11-28 21:15:00",2258,12.58,"2025-11-28 21:11:00",-3.728,6.98,241.7,368.6,9.97,11.95,2.203,44.73
"2025-11-28 21:30:00",2259,12.57,"2025-11-28 21:23:00",-3.905,6.941,241.6,368.9,9.91,11.94,2.199,44.66
"2025-11-28 21:45:00",2260,12.56,"2025-11-28 21:41:00",-4.063,6.902,241.5,369.1,9.8,11.93,2.196,44.59
"2025-11-28 22:00:00",2261,12.55,"2025-11-28 21:55:00",-4.202,6.864,242.3,370.8,9.76,11.92,2.193,44.52
"2025-11-28 22:15:00",2262,12.54,"2025-11-28 22:09:00",-4.352,6.824,242.9,372.1,9.63,11.91,2.19,44.45
"2025-11-28 22:30:00",2263,12.53,"2025-11-28 22:27:00",-4.482,6.787,242.8,372.4,9.59,11.9,2.187,44.38
"2025-11-28 22:45:00",2264,12.52,"2025-11-28 22:45:00",-4.621,6.753,242.8,372.6,9.51,11.89,2.184,44.32
"2025-11-28 23:00:00",2265,12.51,"2025-11-28 22:59:00",-4.765,6.722,242.7,372.9,9.42,11.87,2.181,44.27
"2025-11-28 23:15:00",2266,12.5,"2025-11-28 23:08:50",-4.881,"NAN","NAN","NAN","NAN","NAN",2.177,44.21
"2025-11-28 23:30:00",2267,12.49,"2025-11-28 23:29:00",-4.947,6.663,242.6,373.3,9.34,11.86,2.174,44.16
"2025-11-28 23:45:00",2268,12.49,"2025-11-28 23:42:40",-5.021,6.635,242.5,373.5,9.24,11.85,2.171,44.11
"2025-11-29 00:00:00",2269,12.48,"2025-11-28 23:55:00",-5.093,6.607,242.5,373.8,9.19,11.84,2.168,44.06
"2025-11-29 00:15:00",2270,12.47,"2025-11-29 00:07:00",-5.156,6.579,242.4,374,9.16,11.83,2.164,44.01
"2025-11-29 00:30:00",2271,12.46,"2025-11-29 00:19:00",-5.178,6.552,242.4,374.2,9.13,11.83,2.161,43.96
"2025-11-29 00:45:00",2272,12.45,"2025-11-29 00:43:00",-5.178,6.527,242.3,374.4,9.01,11.82,2.158,43.92
"2025-11-29 01:00:00",2273,12.45,"2025-11-29 00:57:00",-5.124,6.508,242.3,374.6,8.97,11.81,2.156,43.89
"2025-11-29 01:15:00",2274,12.44,"2025-11-29 01:11:00",-4.95,6.491,242.3,374.9,8.94,11.81,2.152,43.86
"2025-11-29 01:30:00",2275,12.44,"2025-11-29 01:23:00",-4.762,6.475,241.4,373.6,8.9,11.8,2.15,43.83
"2025-11-29 01:45:00",2276,12.43,"2025-11-29 01:45:00",-4.607,6.458,241.7,374.2,8.85,11.8,2.145,43.8
"2025-11-29 02:00:00",2277,12.43,"2025-11-29 01:49:00",-4.494,6.437,242.2,375.3,8.83,11.79,2.142,43.76
"2025-11-29 02:15:00",2278,12.42,"2025-11-29 02:02:50",-4.471,6.411,242.3,375.7,8.7,11.79,2.138,43.71
"2025-11-29 02:30:00",2279,12.41,"2025-11-29 02:25:00",-4.561,6.381,242.3,376,8.66,11.78,2.136,43.66
"2025-11-29 02:45:00",2280,12.41,"2025-11-29 02:41:00",-4.664,6.348,242.2,376.2,8.6,11.78,2.132,43.6
"2025-11-29 03:00:00",2281,12.41,"2025-11-29 02:49:00",-4.745,6.319,242.1,376.4,8.57,11.77,2.13,43.55
"2025-11-29 03:15:00",2282,12.4,"2025-11-29 03:09:00",-4.748,6.293,242.1,376.6,8.5,11.77,2.127,43.5
"2025-11-29 03:30:00",2283,12.39,"2025-11-29 03:23:00",-4.726,6.265,242,376.9,8.46,11.76,2.124,43.45
"2025-11-29 03:45:00",2284,12.4,"2025-11-29 03:40:50",-4.778,6.232,241.9,377.1,8.45,11.76,2.121,43.39
"2025-11-29 04:00:00",2285,12.39,"2025-11-29 03:53:00",-4.856,6.198,241.8,377.3,8.4,11.75,2.117,43.33
"2025-11-29 04:15:00",2286,12.39,"2025-11-29 04:05:00",-4.943,6.163,241.7,377.5,8.27,11.75,2.114,43.27
"2025-11-29 04:30:00",2287,12.37,"2025-11-29 04:23:00",-4.93,6.134,241.6,377.8,8.25,11.75,2.111,43.22
"2025-11-29 04:45:00",2288,12.38,"2025-11-29 04:35:00",-4.726,6.113,241.6,378,8.18,11.74,2.108,43.18
"2025-11-29 05:00:00",2289,12.37,"2025-11-29 04:57:00",-4.44,6.096,241.7,378.2,8.17,11.74,2.106,43.15
"2025-11-29 05:15:00",2290,12.37,"2025-11-29 05:14:50",-4.148,6.079,241.7,378.4,8.16,11.74,2.102,43.12
"2025-11-29 05:30:00",2291,12.37,"2025-11-29 05:27:00",-3.932,6.06,241.7,378.6,8.07,11.74,2.099,43.08
"2025-11-29 05:45:00",2292,12.36,"2025-11-29 05:45:00",-3.749,6.04,241.6,378.8,8.03,11.73,2.096,43.05
"2025-11-29 06:00:00",2293,12.36,"2025-11-29 05:52:50",-3.571,6.021,241.6,379.1,7.989,11.73,2.093,43.01
"2025-11-29 06:15:00",2294,12.36,"2025-11-29 06:09:00",-3.366,6.004,241.7,379.3,7.938,11.73,2.09,42.98
"2025-11-29 06:30:00",2295,12.36,"2025-11-29 06:23:00",-3.174,5.985,241.6,379.5,7.923,11.72,2.088,42.95
"2025-11-29 06:45:00",2296,12.35,"2025-11-29 06:41:00",-3.021,5.971,241.7,379.7,7.895,11.72,2.084,42.93
"2025-11-29 07:00:00",2297,12.35,"2025-11-29 06:49:00",-2.855,5.959,241.7,379.9,7.8,11.72,2.081,42.9
"2025-11-29 07:15:00",2298,12.35,"2025-11-29 07:05:00",-2.676,5.946,241.7,379.9,7.771,11.72,2.079,42.88
"2025-11-29 07:30:00",2299,12.35,"2025-11-29 07:23:00",-2.511,5.932,241.8,380.3,7.711,11.72,2.076,42.86
"2025-11-29 07:45:00",2300,12.35,"2025-11-29 07:41:00",-2.358,5.917,241.8,380.4,7.639,11.72,2.073,42.83
"2025-11-29 08:00:00",2301,12.35,"2025-11-29 07:49:00",-2.211,5.903,241.8,380.6,7.601,11.72,2.07,42.8
"2025-11-29 08:15:00",2302,12.36,"2025-11-29 08:09:00",-2.079,5.892,241.8,380.8,7.551,11.73,2.067,42.79
"2025-11-29 08:30:00",2303,12.37,"2025-11-29 08:26:50",-1.97,5.885,241.9,381,7.441,11.75,2.064,42.77
"2025-11-29 08:45:00",2304,12.39,"2025-11-29 08:33:00",-1.849,5.879,242,381.2,7.378,11.77,2.062,42.76
"2025-11-29 09:00:00",2305,12.42,"2025-11-29 08:47:00",-1.683,5.879,242,381.3,7.319,11.81,2.058,42.76
"2025-11-29 09:15:00",2306,12.53,"2025-11-29 09:01:00",-1.442,5.883,242.2,381.4,7.285,11.93,2.056,42.77
"2025-11-29 09:30:00",2307,12.62,"2025-11-29 09:29:00",-1.089,5.887,242.2,381.5,7.214,12.08,2.054,42.78
"2025-11-29 09:45:00",2308,12.57,"2025-11-29 09:45:00",-0.728,"NAN","NAN","NAN","NAN","NAN",2.051,42.79
"2025-11-29 10:00:00",2309,12.56,"2025-11-29 09:49:00",-0.44,5.899,242.5,381.8,7.034,11.94,2.049,42.8
"2025-11-29 10:15:00",2310,12.58,"2025-11-29 10:00:50",-0.184,5.901,242.6,381.9,7.003,11.96,2.046,42.81
"2025-11-29 10:30:00",2311,12.6,"2025-11-29 10:16:30",0.069,5.909,242.7,382.1,6.944,12.05,2.042,42.82
"2025-11-29 10:45:00",2312,12.75,"2025-11-29 10:30:30",0.363,5.922,242.9,382.2,6.883,12.14,2.04,42.85
"2025-11-29 11:00:00",2313,12.82,"2025-11-29 10:45:20",0.634,5.935,243,382.2,6.797,12.22,2.036,42.87
"2025-11-29 11:15:00",2314,12.89,"2025-11-29 11:00:40",0.896,5.946,243.2,382.3,6.731,12.32,2.035,42.89
"2025-11-29 11:30:00",2315,13.12,"2025-11-29 11:15:10",1.225,5.967,243.4,382.4,6.681,12.52,2.032,42.93
"2025-11-29 11:45:00",2316,13.16,"2025-11-29 11:43:00",1.667,5.995,243.6,382.4,6.644,12.55,2.03,42.98
"2025-11-29 12:00:00",2317,13.16,"2025-11-29 11:59:00",2.016,6.017,243.8,382.4,6.617,12.54,2.027,43.02
"2025-11-29 12:15:00",2318,13.15,"2025-11-29 12:02:50",2.246,6.033,243.9,382.5,6.507,12.54,2.025,43.05
"2025-11-29 12:30:00",2319,13.2,"2025-11-29 12:17:00",2.462,6.051,244.1,382.5,6.459,12.6,2.022,43.08
"2025-11-29 12:45:00",2320,13.16,"2025-11-29 12:44:50",2.807,6.08,244.3,382.6,6.455,12.62,2.02,43.14
"2025-11-29 13:00:00",2321,13.15,"2025-11-29 12:57:00",3.077,6.101,244.5,382.6,6.358,12.55,2.015,43.17
"2025-11-29 13:15:00",2322,13.17,"2025-11-29 13:15:00",3.272,6.12,244.7,382.6,6.324,12.59,2.013,43.21
"2025-11-29 13:30:00",2323,13.16,"2025-11-29 13:28:30",3.501,6.139,244.8,382.7,6.28,12.56,2.01,43.24
"2025-11-29 13:45:00",2324,13.16,"2025-11-29 13:37:00",3.644,6.15,245,382.8,6.25,12.55,2.007,43.26
"2025-11-29 14:00:00",2325,13.16,"2025-11-29 13:50:50",3.775,6.16,245,382.8,6.215,12.55,2.005,43.28
"2025-11-29 14:15:00",2326,13.07,"2025-11-29 14:06:40",3.882,6.167,245.1,382.8,6.119,12.49,2.003,43.29
"2025-11-29 14:30:00",2327,13.12,"2025-11-29 14:23:00",3.914,6.176,245.3,383,6.103,12.52,2,43.31
"2025-11-29 14:45:00",2328,13.06,"2025-11-29 14:41:00",3.984,6.187,245.4,383.1,6.073,12.48,1.997,43.32
"2025-11-29 15:00:00",2329,13.03,"2025-11-29 14:58:50",4.011,6.192,245.6,383.3,6.025,12.47,1.995,43.33
"2025-11-29 15:15:00",2330,12.98,"2025-11-29 15:14:50",4.02,6.195,245.7,383.5,6.013,12.41,1.991,43.33
"2025-11-29 15:30:00",2331,12.97,"2025-11-29 15:16:50",3.989,6.197,245.9,383.6,5.977,12.37,1.989,43.34
"2025-11-29 15:45:00",2332,12.92,"2025-11-29 15:39:00",3.967,"NAN","NAN","NAN","NAN","NAN",1.987,43.34
"2025-11-29 16:00:00",2333,12.9,"2025-11-29 15:58:50",3.946,6.2,246.1,384,5.869,12.31,1.984,43.34
"2025-11-29 16:15:00",2334,12.86,"2025-11-29 16:15:00",3.935,6.199,246.2,384.2,5.903,12.27,1.981,43.34
"2025-11-29 16:30:00",2335,12.81,"2025-11-29 16:29:00",3.917,6.195,246.3,384.4,5.806,12.22,1.979,43.33
"2025-11-29 16:45:00",2336,12.78,"2025-11-29 16:45:00",3.877,6.191,246.4,384.6,5.814,12.18,1.976,43.32
"2025-11-29 17:00:00",2337,12.76,"2025-11-29 16:58:50",3.816,6.186,246.6,384.9,5.75,12.15,1.973,43.32
"2025-11-29 17:15:00",2338,12.75,"2025-11-29 17:12:50",3.768,6.179,246.7,385.1,5.728,12.13,1.971,43.3
"2025-11-29 17:30:00",2339,12.73,"2025-11-29 17:26:30",3.74,6.175,246.8,385.3,5.708,12.12,1.969,43.3
"2025-11-29 17:45:00",2340,12.72,"2025-11-29 17:45:00",3.714,6.172,246.9,385.6,5.671,12.12,1.966,43.29
"2025-11-29 18:00:00",2341,12.71,"2025-11-29 17:57:00",3.504,6.163,247,385.8,5.671,12.12,1.964,43.27
"2025-11-29 18:15:00",2342,12.7,"2025-11-29 18:10:50",3.219,6.158,247.1,386,5.637,12.12,1.963,43.26
"2025-11-29 18:30:00",2343,12.69,"2025-11-29 18:26:50",3.068,6.154,247.2,386.2,5.628,12.12,1.96,43.26
"2025-11-29 18:45:00",2344,12.68,"2025-11-29 18:42:50",2.98,6.156,247.3,386.4,5.611,12.12,1.956,43.26
"2025-11-29 19:00:00",2345,12.67,"2025-11-29 18:58:50",2.916,6.154,247.4,386.6,5.624,12.12,1.955,43.26
"2025-11-29 19:15:00",2346,12.66,"2025-11-29 19:14:50",2.903,6.149,247.5,386.7,5.592,12.12,1.952,43.25
"2025-11-29 19:30:00",2347,12.65,"2025-11-29 19:22:50",2.925,6.145,247.6,387,5.537,12.12,1.951,43.24
"2025-11-29 19:45:00",2348,12.64,"2025-11-29 19:44:50",2.908,6.142,247.7,387.2,5.537,12.12,1.948,43.24
"2025-11-29 20:00:00",2349,12.64,"2025-11-29 19:46:50",2.875,6.137,247.9,387.5,5.502,12.11,1.947,43.23
"2025-11-29 20:15:00",2350,12.63,"2025-11-29 20:07:00",2.853,6.131,248,387.7,5.485,12.08,1.945,43.22
"2025-11-29 20:30:00",2351,12.62,"2025-11-29 20:23:00",2.874,6.126,248.1,387.9,5.426,12.02,1.943,43.21
"2025-11-29 20:45:00",2352,12.6,"2025-11-29 20:45:00",2.93,6.121,248.2,388.1,5.403,11.99,1.94,43.2
"2025-11-29 21:00:00",2353,12.6,"2025-11-29 20:58:40",3.069,6.114,248.3,388.3,5.397,11.98,1.939,43.19
"2025-11-29 21:15:00",2354,12.59,"2025-11-29 21:12:40",3.232,6.108,248.3,388.5,5.344,11.97,1.937,43.17
"2025-11-29 21:30:00",2355,12.58,"2025-11-29 21:28:40",3.394,6.101,248.4,388.7,5.313,11.96,1.934,43.16
"2025-11-29 21:45:00",2356,12.57,"2025-11-29 21:42:40",3.522,6.094,248.5,388.9,5.287,11.95,1.933,43.15
"2025-11-29 22:00:00",2357,12.56,"2025-11-29 21:54:50",3.613,6.09,248.5,389.1,5.274,11.94,1.931,43.14
"2025-11-29 22:15:00",2358,12.55,"2025-11-29 22:11:00",3.679,6.086,248.7,389.3,5.247,11.93,1.929,43.14
"2025-11-29 22:30:00",2359,12.54,"2025-11-29 22:26:50",3.738,6.083,248.8,389.5,5.235,11.93,1.927,43.13
"2025-11-29 22:45:00",2360,12.53,"2025-11-29 22:45:00",3.797,6.08,248.9,389.7,5.21,11.91,1.925,43.12
"2025-11-29 23:00:00",2361,12.51,"2025-11-29 22:56:40",3.865,6.076,249,389.9,5.187,11.91,1.924,43.12
"2025-11-29 23:15:00",2362,12.51,"2025-11-29 23:13:00",3.947,6.072,249.1,390.1,5.171,11.9,1.922,43.11
"2025-11-29 23:30:00",2363,12.5,"2025-11-29 23:25:00",4.045,"NAN","NAN","NAN","NAN","NAN",1.92,43.1
"2025-11-29 23:45:00",2364,12.49,"2025-11-29 23:44:40",4.157,6.066,249.2,390.4,5.173,11.88,1.919,43.1
"2025-11-30 00:00:00",2365,12.48,"2025-11-29 23:53:00",4.278,6.065,249.3,390.5,5.169,11.87,1.917,43.1
"2025-11-30 00:15:00",2366,12.48,"2025-11-30 00:14:50",4.41,6.064,249.3,390.6,5.087,11.86,1.916,43.1
"2025-11-30 00:30:00",2367,12.47,"2025-11-30 00:20:50",4.531,6.064,249.4,390.7,5.048,11.85,1.914,43.1
"2025-11-30 00:45:00",2368,12.46,"2025-11-30 00:45:00",4.645,6.064,249.5,390.9,5.024,11.84,1.913,43.1
"2025-11-30 01:00:00",2369,12.45,"2025-11-30 00:53:00",4.76,6.064,249.6,391,5.023,11.84,1.911,43.1
"2025-11-30 01:15:00",2370,12.45,"2025-11-30 01:03:00",4.863,6.066,249.7,391.2,4.997,11.83,1.908,43.1
"2025-11-30 01:30:00",2371,12.44,"2025-11-30 01:23:00",4.952,6.066,249.9,391.4,4.992,11.83,1.907,43.1
"2025-11-30 01:45:00",2372,12.44,"2025-11-30 01:35:00",5.028,6.068,250,391.6,4.957,11.82,1.905,43.1
"2025-11-30 02:00:00",2373,12.43,"2025-11-30 01:50:40",5.1,6.069,250.1,391.7,4.912,11.82,1.902,43.11
"2025-11-30 02:15:00",2374,12.43,"2025-11-30 02:05:00",5.169,6.071,250.2,391.9,4.916,11.81,1.9,43.11
"2025-11-30 02:30:00",2375,12.43,"2025-11-30 02:22:50",5.241,6.073,250.3,392,4.951,11.81,1.899,43.11
"2025-11-30 02:45:00",2376,12.43,"2025-11-30 02:30:50",5.308,6.075,250.4,392.2,4.934,11.81,1.897,43.12
"2025-11-30 03:00:00",2377,12.42,"2025-11-30 02:53:00",5.378,6.078,250.5,392.3,4.857,11.8,1.896,43.12
"2025-11-30 03:15:00",2378,12.42,"2025-11-30 03:01:00",5.448,"NAN","NAN","NAN","NAN","NAN",1.894,43.13
"2025-11-30 03:30:00",2379,12.41,"2025-11-30 03:23:00",5.52,6.085,250.8,392.7,4.837,11.8,1.893,43.13
"2025-11-30 03:45:00",2380,12.41,"2025-11-30 03:39:00",5.606,6.088,250.9,392.8,4.829,11.8,1.891,43.14
"2025-11-30 04:00:00",2381,12.41,"2025-11-30 03:46:50",5.664,6.092,251,392.9,4.787,11.8,1.889,43.15
"2025-11-30 04:15:00",2382,12.41,"2025-11-30 04:00:50",5.722,6.095,251.2,393.1,4.785,11.8,1.887,43.15
"2025-11-30 04:30:00",2383,12.4,"2025-11-30 04:23:00",5.777,6.099,251.3,393.2,4.775,11.8,1.887,43.16
"2025-11-30 04:45:00",2384,12.41,"2025-11-30 04:33:00",5.709,6.1,251.2,393.1,4.767,11.79,1.888,43.16
"2025-11-30 05:00:00",2385,12.4,"2025-11-30 04:53:00",5.174,6.091,251.1,393.1,4.74,11.79,1.885,43.14
"2025-11-30 05:15:00",2386,12.4,"2025-11-30 05:03:00",4.578,6.077,251.1,393.2,4.731,11.79,1.883,43.12
"2025-11-30 05:30:00",2387,12.4,"2025-11-30 05:16:40",3.914,6.061,251.1,393.5,4.753,11.78,1.881,43.09
"2025-11-30 05:45:00",2388,12.39,"2025-11-30 05:44:50",3.215,6.038,251.1,393.7,4.685,11.78,1.881,43.05
"2025-11-30 06:00:00",2389,12.39,"2025-11-30 05:49:00",2.562,6.017,250.8,393.5,4.656,11.78,1.878,43.01
"2025-11-30 06:15:00",2390,12.39,"2025-11-30 06:00:50",2.039,5.996,250.8,393.7,4.655,11.77,1.877,42.97
"2025-11-30 06:30:00",2391,12.39,"2025-11-30 06:17:00",1.649,5.977,250.7,393.8,4.715,11.77,1.875,42.94
"2025-11-30 06:45:00",2392,12.38,"2025-11-30 06:37:00",1.364,5.959,250.8,394.1,4.657,11.77,1.873,42.9
"2025-11-30 07:00:00",2393,12.38,"2025-11-30 06:46:40",1.102,5.94,250.9,394.6,4.649,11.76,1.872,42.87
"2025-11-30 07:15:00",2394,12.38,"2025-11-30 07:00:40",0.874,5.923,251,394.8,4.653,11.76,1.871,42.84
"2025-11-30 07:30:00",2395,12.37,"2025-11-30 07:23:00",0.704,5.904,251,395.1,4.642,11.75,1.869,42.8
"2025-11-30 07:45:00",2396,12.37,"2025-11-30 07:31:00",0.56,5.885,251,395.3,4.615,11.75,1.866,42.77
"2025-11-30 08:00:00",2397,12.36,"2025-11-30 07:53:00",0.45,5.87,251,395.6,4.585,11.75,1.865,42.74
"2025-11-30 08:15:00",2398,12.37,"2025-11-30 08:04:40",0.373,5.855,251.1,395.8,4.515,11.75,1.863,42.72
"2025-11-30 08:30:00",2399,12.38,"2025-11-30 08:16:50",0.315,5.839,251.1,396,4.487,11.76,1.86,42.69
"2025-11-30 08:45:00",2400,12.38,"2025-11-30 08:31:00",0.271,5.82,251,396.2,4.459,11.79,1.858,42.66
"2025-11-30 09:00:00",2401,12.46,"2025-11-30 08:57:00",0.241,5.808,251,396.3,4.433,11.85,1.858,42.64
"2025-11-30 09:15:00",2402,12.45,"2025-11-30 09:05:00",0.3,5.798,251,396.4,4.403,11.84,1.856,42.62
"2025-11-30 09:30:00",2403,12.53,"2025-11-30 09:20:50",0.383,5.789,251,396.5,4.379,11.91,1.854,42.6
"2025-11-30 09:45:00",2404,12.59,"2025-11-30 09:30:10",0.453,5.78,251,396.6,4.379,12.03,1.851,42.59
"2025-11-30 10:00:00",2405,12.72,"2025-11-30 09:48:50",0.516,5.773,251,396.7,4.321,12.13,1.851,42.57
"2025-11-30 10:15:00",2406,12.81,"2025-11-30 10:00:50",0.552,5.764,250.9,396.7,4.277,12.21,1.849,42.56
"2025-11-30 10:30:00",2407,12.96,"2025-11-30 10:15:10",0.713,5.761,250.9,396.7,4.273,12.36,1.847,42.56
"2025-11-30 10:45:00",2408,13.01,"2025-11-30 10:31:00",0.94,5.77,251,396.7,4.232,12.41,1.845,42.58
"2025-11-30 11:00:00",2409,13.01,"2025-11-30 10:50:50",1.059,5.775,251,396.6,4.204,12.41,1.842,42.58
"2025-11-30 11:15:00",2410,12.96,"2025-11-30 11:08:50",1.12,5.774,251,396.6,4.184,12.43,1.84,42.58
"2025-11-30 11:30:00",2411,13.03,"2025-11-30 11:16:40",1.042,5.769,251,396.7,4.169,12.42,1.838,42.57
"2025-11-30 11:45:00",2412,13.05,"2025-11-30 11:30:50",1.178,5.787,251.1,396.7,4.123,12.44,1.837,42.61
"2025-11-30 12:00:00",2413,13.07,"2025-11-30 11:53:00",1.576,5.843,251.5,396.5,4.115,12.47,1.835,42.72
"2025-11-30 12:15:00",2414,13.1,"2025-11-30 12:00:20",1.918,5.904,251.8,396.4,4.095,12.5,1.833,42.83
"2025-11-30 12:30:00",2415,13.16,"2025-11-30 12:21:00",2.134,5.966,252.2,396.3,4.103,12.56,1.83,42.94
"2025-11-30 12:45:00",2416,13.17,"2025-11-30 12:38:50",2.331,6.042,252.7,396.1,4.069,12.62,1.83,43.08
"2025-11-30 13:00:00",2417,13.15,"2025-11-30 12:56:40",2.544,6.109,253.1,396,4.041,12.62,1.827,43.19
"2025-11-30 13:15:00",2418,13.16,"2025-11-30 13:04:50",2.543,6.109,253.1,396,4.003,12.59,1.826,43.18
"2025-11-30 13:30:00",2419,13.23,"2025-11-30 13:26:50",2.625,6.108,253.1,396,4.015,12.66,1.826,43.18
"2025-11-30 13:45:00",2420,13.21,"2025-11-30 13:30:50",2.615,6.097,253,396,4.005,12.64,1.825,43.16
"2025-11-30 14:00:00",2421,13.25,"2025-11-30 13:47:00",2.524,6.086,252.9,396,3.979,12.67,1.821,43.14
"2025-11-30 14:15:00",2422,13.28,"2025-11-30 14:15:00",2.58,6.114,253.1,395.9,3.965,12.73,1.819,43.21
"2025-11-30 14:30:00",2423,13.24,"2025-11-30 14:28:50",2.748,6.157,253.3,395.7,3.939,12.66,1.819,43.27
"2025-11-30 14:45:00",2424,13.19,"2025-11-30 14:32:30",2.716,6.139,253.2,395.8,3.956,12.61,1.818,43.23
"2025-11-30 15:00:00",2425,13.22,"2025-11-30 14:48:30",2.661,6.117,253,395.8,3.901,12.67,1.816,43.2
"2025-11-30 15:15:00",2426,13.26,"2025-11-30 15:04:20",2.825,6.122,253.1,395.7,3.902,12.69,1.815,43.21
"2025-11-30 15:30:00",2427,13.24,"2025-11-30 15:25:00",2.978,6.124,253,395.7,3.87,12.65,1.813,43.21
"2025-11-30 15:45:00",2428,13.1,"2025-11-30 15:44:50",2.931,6.129,253.1,395.7,3.862,12.61,1.811,43.22
"2025-11-30 16:00:00",2429,13.07,"2025-11-30 15:48:40",2.788,6.125,253.1,395.7,3.849,12.47,1.809,43.21
"2025-11-30 16:15:00",2430,13.02,"2025-11-30 16:14:50",2.427,6.115,253.1,395.8,3.835,12.47,1.808,43.19
"2025-11-30 16:30:00",2431,12.96,"2025-11-30 16:28:40",2.096,6.116,253.1,395.9,3.825,12.37,1.806,43.19
"2025-11-30 16:45:00",2432,12.91,"2025-11-30 16:38:50",1.78,6.106,253.1,396.1,3.804,12.31,1.804,43.17
"2025-11-30 17:00:00",2433,12.88,"2025-11-30 16:58:50",1.428,6.089,253.1,396.2,3.807,12.28,1.803,43.14
"2025-11-30 17:15:00",2434,12.84,"2025-11-30 17:15:00",0.941,6.061,253,396.4,3.765,12.24,1.802,43.09
"2025-11-30 17:30:00",2435,12.81,"2025-11-30 17:27:00",0.465,6.036,253,396.6,3.761,12.2,1.8,43.04
"2025-11-30 17:45:00",2436,12.8,"2025-11-30 17:44:50",0.14,6.014,252.9,396.8,3.754,12.17,1.799,43
"2025-11-30 18:00:00",2437,12.78,"2025-11-30 17:58:50",-0.056,5.991,252.9,397.1,3.741,12.16,1.798,42.96
"2025-11-30 18:15:00",2438,12.77,"2025-11-30 18:15:00",-0.197,5.961,252.8,397.3,3.734,12.15,1.796,42.91
"2025-11-30 18:30:00",2439,12.76,"2025-11-30 18:25:00",-0.374,5.93,252.8,397.6,3.751,12.14,1.794,42.85
"2025-11-30 18:45:00",2440,12.75,"2025-11-30 18:33:00",-0.58,5.893,252.6,397.8,3.721,12.13,1.792,42.79
"2025-11-30 19:00:00",2441,12.74,"2025-11-30 18:57:00",-0.772,5.865,252.6,398,3.731,12.12,1.79,42.74
"2025-11-30 19:15:00",2442,12.73,"2025-11-30 19:10:30",-0.94,5.84,252.5,398.2,3.697,12.12,1.789,42.69
"2025-11-30 19:30:00",2443,12.73,"2025-11-30 19:23:00",-1.101,5.819,252.5,398.4,3.675,12.12,1.788,42.65
"2025-11-30 19:45:00",2444,12.71,"2025-11-30 19:45:00",-1.22,5.79,252.4,398.7,3.68,12.12,1.788,42.6
"2025-11-30 20:00:00",2445,12.7,"2025-11-30 19:58:30",-1.304,5.766,252.3,398.9,3.671,12.12,1.785,42.56
"2025-11-30 20:15:00",2446,12.7,"2025-11-30 20:05:00",-1.368,5.742,252.3,399.1,3.678,12.12,1.784,42.52
"2025-11-30 20:30:00",2447,12.69,"2025-11-30 20:29:00",-1.421,5.717,252.2,399.3,3.661,12.12,1.782,42.47
"2025-11-30 20:45:00",2448,12.69,"2025-11-30 20:41:00",-1.485,5.695,252.2,399.5,3.657,12.12,1.78,42.43
"2025-11-30 21:00:00",2449,12.68,"2025-11-30 20:53:00",-1.531,5.676,252.2,399.7,3.66,12.12,1.78,42.4
"2025-11-30 21:15:00",2450,12.67,"2025-11-30 21:10:30",-1.582,5.661,252.2,399.9,3.65,12.12,1.778,42.37
"2025-11-30 21:30:00",2451,12.67,"2025-11-30 21:19:00",-1.636,5.644,252.2,400.1,3.611,12.12,1.777,42.34
"2025-11-30 21:45:00",2452,12.66,"2025-11-30 21:45:00",-1.698,5.62,252.2,400.3,3.623,12.12,1.777,42.3
"2025-11-30 22:00:00",2453,12.66,"2025-11-30 21:47:00",-1.759,5.599,252.1,400.6,3.589,12.12,1.775,42.26
"2025-11-30 22:15:00",2454,12.65,"2025-11-30 22:15:00",-1.816,5.577,252.1,400.8,3.569,12.11,1.774,42.22
"2025-11-30 22:30:00",2455,12.65,"2025-11-30 22:29:00",-1.875,5.557,252.1,401,3.568,12.09,1.773,42.19
"2025-11-30 22:45:00",2456,12.64,"2025-11-30 22:43:00",-1.932,5.535,252.1,401.2,3.568,12.08,1.771,42.15
"2025-11-30 23:00:00",2457,12.63,"2025-11-30 22:53:00",-1.981,5.513,252,401.5,3.572,12.03,1.77,42.11
"2025-11-30 23:15:00",2458,12.63,"2025-11-30 23:14:50",-2.004,5.492,252,401.7,3.533,12,1.769,42.07
"2025-11-30 23:30:00",2459,12.63,"2025-11-30 23:16:50",-2.031,5.475,252,401.9,3.527,12,1.768,42.04
"2025-11-30 23:45:00",2460,12.62,"2025-11-30 23:41:00",-2.057,5.457,252,402.1,3.537,11.99,1.767,42.01
"2025-12-01 00:00:00",2461,12.61,"2025-11-30 23:58:50",-2.076,5.44,252,402.3,3.523,11.98,1.765,41.98
"2025-12-01 00:15:00",2462,12.6,"2025-12-01 00:13:00",-2.079,5.423,252,402.5,3.493,11.97,1.764,41.95
"2025-12-01 00:30:00",2463,12.6,"2025-12-01 00:29:00",-2.062,5.406,252,402.7,3.483,11.97,1.763,41.92
"2025-12-01 00:45:00",2464,12.59,"2025-12-01 00:45:00",-2.028,5.392,252,402.9,3.469,11.96,1.761,41.89
"2025-12-01 01:00:00",2465,12.59,"2025-12-01 00:53:00",-1.999,5.377,252,403,3.443,11.96,1.76,41.86
"2025-12-01 01:15:00",2466,12.58,"2025-12-01 01:02:30",-1.959,5.361,252,403.2,3.447,11.95,1.759,41.84
"2025-12-01 01:30:00",2467,12.58,"2025-12-01 01:28:30",-1.928,5.345,252,403.4,3.441,11.94,1.758,41.81
"2025-12-01 01:45:00",2468,12.57,"2025-12-01 01:45:00",-1.929,5.333,251.9,403.5,3.423,11.94,1.757,41.79
"2025-12-01 02:00:00",2469,12.57,"2025-12-01 01:58:40",-2.035,5.316,251.9,403.7,3.416,11.94,1.756,41.75
"2025-12-01 02:15:00",2470,12.56,"2025-12-01 02:10:50",-2.367,5.291,251.8,403.8,3.443,11.93,1.754,41.71
"2025-12-01 02:30:00",2471,12.54,"2025-12-01 02:23:00",-2.762,5.267,251.7,404,3.429,11.93,1.753,41.66
"2025-12-01 02:45:00",2472,12.55,"2025-12-01 02:37:00",-3.148,5.24,251.6,404.1,3.424,11.91,1.752,41.62
"2025-12-01 03:00:00",2473,12.54,"2025-12-01 02:58:50",-3.503,5.216,251.5,404.3,3.404,11.91,1.752,41.57
"2025-12-01 03:15:00",2474,12.53,"2025-12-01 03:13:00",-3.737,5.197,251.4,404.4,3.508,11.9,1.75,41.54
"2025-12-01 03:30:00",2475,12.53,"2025-12-01 03:21:00",-3.846,5.181,251.4,404.5,3.519,11.89,1.749,41.51
"2025-12-01 03:45:00",2476,12.52,"2025-12-01 03:37:00",-3.933,5.166,251.4,404.7,3.459,11.89,1.748,41.49
"2025-12-01 04:00:00",2477,12.51,"2025-12-01 03:58:40",-3.95,5.153,251.3,404.8,3.464,11.88,1.747,41.46
"2025-12-01 04:15:00",2478,12.5,"2025-12-01 04:15:00",-3.965,"NAN","NAN","NAN","NAN","NAN",1.745,41.44
"2025-12-01 04:30:00",2479,12.5,"2025-12-01 04:23:00",-3.988,5.122,251.3,405.1,3.461,11.87,1.744,41.41
"2025-12-01 04:45:00",2480,12.5,"2025-12-01 04:38:50",-3.98,5.105,251.2,405.2,3.409,11.86,1.744,41.38
"2025-12-01 05:00:00",2481,12.49,"2025-12-01 04:59:00",-3.963,5.087,251.2,405.3,3.445,11.85,1.742,41.34
"2025-12-01 05:15:00",2482,12.48,"2025-12-01 05:15:00",-3.988,5.073,251.1,405.4,3.476,11.85,1.741,41.32
"2025-12-01 05:30:00",2483,12.46,"2025-12-01 05:23:00",-3.972,5.055,251.1,405.6,3.495,11.84,1.74,41.29
"2025-12-01 05:45:00",2484,12.47,"2025-12-01 05:43:00",-3.953,5.038,251,405.7,3.42,11.83,1.739,41.26
"2025-12-01 06:00:00",2485,12.43,"2025-12-01 05:53:00",-4,5.023,251,405.8,3.369,11.83,1.737,41.23
"2025-12-01 06:15:00",2486,12.45,"2025-12-01 06:09:00",-4.086,5.004,250.9,405.9,3.385,11.82,1.737,41.2
"2025-12-01 06:30:00",2487,12.44,"2025-12-01 06:27:00",-4.254,"NAN","NAN","NAN","NAN","NAN",1.735,41.16
"2025-12-01 06:45:00",2488,12.44,"2025-12-01 06:41:00",-4.398,4.968,250.8,406.2,3.333,11.81,1.735,41.13
"2025-12-01 07:00:00",2489,12.42,"2025-12-01 06:59:00",-4.351,4.955,250.7,406.3,3.323,11.8,1.734,41.11
"2025-12-01 07:15:00",2490,12.42,"2025-12-01 07:15:00",-4.157,4.947,250.7,406.4,3.307,11.79,1.732,41.1
"2025-12-01 07:30:00",2491,12.42,"2025-12-01 07:28:50",-3.911,4.941,250.8,406.5,3.293,11.78,1.73,41.08
"2025-12-01 07:45:00",2492,12.41,"2025-12-01 07:39:00",-3.687,"NAN","NAN","NAN","NAN","NAN",1.729,41.07
"2025-12-01 08:00:00",2493,12.41,"2025-12-01 07:46:50",-3.505,4.925,250.8,406.7,3.564,11.78,1.728,41.05
"2025-12-01 08:15:00",2494,12.41,"2025-12-01 08:00:50",-3.351,4.916,250.8,406.9,3.288,11.78,1.726,41.04
"2025-12-01 08:30:00",2495,12.43,"2025-12-01 08:16:40",-3.19,4.911,250.8,406.9,3.255,11.81,1.726,41.03
"2025-12-01 08:45:00",2496,12.42,"2025-12-01 08:43:00",-3.025,4.907,250.8,407,3.317,11.8,1.725,41.02
"2025-12-01 09:00:00",2497,12.47,"2025-12-01 08:46:30",-2.848,4.903,250.8,407.1,3.206,11.86,1.724,41.02
"2025-12-01 09:15:00",2498,12.58,"2025-12-01 09:01:00",-2.617,4.902,250.8,407.1,3.204,11.99,1.723,41.02
"2025-12-01 09:30:00",2499,12.68,"2025-12-01 09:16:50",-2.353,4.907,250.9,407.1,3.152,12.12,1.723,41.03
"2025-12-01 09:45:00",2500,12.73,"2025-12-01 09:30:50",-2.119,4.911,250.9,407.1,3.162,12.14,1.722,41.04
"2025-12-01 10:00:00",2501,12.87,"2025-12-01 09:46:30",-1.899,4.921,250.9,407,3.121,12.26,1.721,41.06
"2025-12-01 10:15:00",2502,12.98,"2025-12-01 10:00:10",-1.679,4.93,251,407,3.116,12.39,1.719,41.07
"2025-12-01 10:30:00",2503,13.18,"2025-12-01 10:16:20",-1.414,4.951,251.1,406.9,3.089,12.58,1.719,41.11
"2025-12-01 10:45:00",2504,13.18,"2025-12-01 10:33:00",-1.125,4.973,251.1,406.7,3.103,12.57,1.718,41.15
"2025-12-01 11:00:00",2505,13.2,"2025-12-01 10:49:00",-0.872,4.997,251.3,406.6,3.085,12.59,1.715,41.2
"2025-12-01 11:15:00",2506,13.21,"2025-12-01 11:01:00",-0.656,5.018,251.4,406.5,3.063,12.61,1.715,41.23
"2025-12-01 11:30:00",2507,13.21,"2025-12-01 11:29:00",-0.4,5.037,251.5,406.5,3.057,12.65,1.713,41.27
"2025-12-01 11:45:00",2508,13.22,"2025-12-01 11:30:20",-0.067,5.058,251.6,406.4,3.055,12.64,1.712,41.3
"2025-12-01 12:00:00",2509,13.26,"2025-12-01 11:53:00",0.232,5.072,251.7,406.3,3.041,12.69,1.71,41.33
"2025-12-01 12:15:00",2510,13.31,"2025-12-01 12:00:40",0.495,5.096,251.8,406.3,3.029,12.72,1.71,41.38
"2025-12-01 12:30:00",2511,13.36,"2025-12-01 12:29:00",0.774,5.13,252,406.2,3.029,12.77,1.71,41.44
"2025-12-01 12:45:00",2512,13.29,"2025-12-01 12:32:20",1.037,5.18,252.3,406,3.02,12.72,1.708,41.53
"2025-12-01 13:00:00",2513,13.22,"2025-12-01 12:59:00",1.416,5.263,252.8,405.8,2.984,12.74,1.706,41.69
"2025-12-01 13:15:00",2514,13.22,"2025-12-01 13:01:00",1.863,5.358,253.4,405.6,3.006,12.63,1.706,41.85
"2025-12-01 13:30:00",2515,13.25,"2025-12-01 13:26:10",2.145,5.4,253.7,405.4,2.997,12.68,1.706,41.92
"2025-12-01 13:45:00",2516,13.26,"2025-12-01 13:37:00",2.397,5.433,253.9,405.4,2.98,12.69,1.703,41.99
"2025-12-01 14:00:00",2517,13.4,"2025-12-01 13:46:20",2.568,5.47,254.1,405.3,2.969,12.78,1.703,42.05
"2025-12-01 14:15:00",2518,13.36,"2025-12-01 14:12:40",2.804,5.49,254.2,405.2,2.967,12.81,1.702,42.08
"2025-12-01 14:30:00",2519,13.26,"2025-12-01 14:29:00",2.938,5.475,254,405.1,2.975,12.7,1.7,42.04
"2025-12-01 14:45:00",2520,13.18,"2025-12-01 14:41:00",2.902,5.442,253.8,405.2,2.951,12.6,1.698,41.98
"2025-12-01 15:00:00",2521,13.21,"2025-12-01 14:46:20",2.854,5.424,253.7,405.2,2.921,12.61,1.697,41.96
"2025-12-01 15:15:00",2522,13.17,"2025-12-01 15:04:50",2.843,5.438,253.8,405.2,2.917,12.6,1.695,41.99
"2025-12-01 15:30:00",2523,13.08,"2025-12-01 15:28:40",2.834,5.462,254,405.2,2.917,12.56,1.695,42.03
"2025-12-01 15:45:00",2524,13.02,"2025-12-01 15:42:50",2.76,5.475,254.1,405.2,2.893,12.43,1.693,42.05
"2025-12-01 16:00:00",2525,13.02,"2025-12-01 15:46:50",2.638,5.484,254.2,405.3,2.888,12.41,1.692,42.06
"2025-12-01 16:15:00",2526,13.01,"2025-12-01 16:05:00",2.513,5.49,254.3,405.3,2.903,12.4,1.691,42.07
"2025-12-01 16:30:00",2527,13,"2025-12-01 16:29:00",2.374,5.491,254.3,405.3,2.879,12.4,1.69,42.07
"2025-12-01 16:45:00",2528,12.92,"2025-12-01 16:45:00",2.203,5.487,254.3,405.4,2.883,12.34,1.689,42.07
"2025-12-01 17:00:00",2529,12.9,"2025-12-01 16:57:00",2.061,5.479,254.3,405.5,2.876,12.29,1.688,42.05
"2025-12-01 17:15:00",2530,12.87,"2025-12-01 17:14:30",1.938,5.47,254.3,405.6,2.859,12.26,1.687,42.04
"2025-12-01 17:30:00",2531,12.84,"2025-12-01 17:27:00",1.802,5.465,254.4,405.7,2.852,12.23,1.687,42.03
"2025-12-01 17:45:00",2532,12.83,"2025-12-01 17:43:00",1.671,5.461,254.4,405.9,2.866,12.21,1.686,42.02
"2025-12-01 18:00:00",2533,12.81,"2025-12-01 17:58:50",1.519,5.456,254.4,406,2.867,12.19,1.684,42.01
"2025-12-01 18:15:00",2534,12.8,"2025-12-01 18:14:50",1.379,5.449,254.5,406.2,2.857,12.18,1.683,42
"2025-12-01 18:30:00",2535,12.79,"2025-12-01 18:28:50",1.318,5.444,254.6,406.3,2.862,12.17,1.683,41.99
"2025-12-01 18:45:00",2536,12.79,"2025-12-01 18:44:50",1.275,5.441,254.6,406.4,2.878,12.16,1.682,41.98
"2025-12-01 19:00:00",2537,12.78,"2025-12-01 18:52:50",1.267,5.439,254.7,406.6,2.858,12.15,1.68,41.98
"2025-12-01 19:15:00",2538,12.77,"2025-12-01 19:02:20",1.277,5.435,254.7,406.7,2.845,12.15,1.678,41.97
"2025-12-01 19:30:00",2539,12.76,"2025-12-01 19:24:50",1.29,5.432,254.8,406.9,2.843,12.14,1.677,41.97
"2025-12-01 19:45:00",2540,12.76,"2025-12-01 19:32:50",1.29,5.426,254.8,407,2.841,12.13,1.678,41.96
"2025-12-01 20:00:00",2541,12.75,"2025-12-01 19:48:50",1.303,5.421,254.9,407.2,2.85,12.13,1.676,41.95
"2025-12-01 20:15:00",2542,12.75,"2025-12-01 20:03:00",1.308,5.415,255,407.3,2.863,12.12,1.674,41.94
"2025-12-01 20:30:00",2543,12.74,"2025-12-01 20:23:00",1.281,5.408,255,407.5,2.853,12.12,1.674,41.92
"2025-12-01 20:45:00",2544,12.74,"2025-12-01 20:33:00",1.234,5.399,255,407.7,2.859,12.12,1.672,41.91
"2025-12-01 21:00:00",2545,12.73,"2025-12-01 20:47:00",1.245,5.393,255.1,407.8,2.841,12.12,1.671,41.9
"2025-12-01 21:15:00",2546,12.72,"2025-12-01 21:11:00",1.267,5.386,255.1,408,2.841,12.12,1.669,41.88
"2025-12-01 21:30:00",2547,12.72,"2025-12-01 21:19:00",1.211,5.375,255.2,408.1,2.831,12.12,1.67,41.86
"2025-12-01 21:45:00",2548,12.71,"2025-12-01 21:31:00",1.096,5.361,255.1,408.3,2.838,12.12,1.668,41.84
"2025-12-01 22:00:00",2549,12.71,"2025-12-01 21:51:00",1.03,"NAN","NAN","NAN","NAN","NAN",1.667,41.82
"2025-12-01 22:15:00",2550,12.7,"2025-12-01 22:15:00",0.978,5.34,255.2,408.6,2.822,12.12,1.666,41.8
"2025-12-01 22:30:00",2551,12.7,"2025-12-01 22:19:00",0.908,5.33,255.2,408.8,2.819,12.12,1.665,41.78
"2025-12-01 22:45:00",2552,12.69,"2025-12-01 22:33:00",0.816,5.32,255.2,408.9,2.781,12.12,1.664,41.77
"2025-12-01 23:00:00",2553,12.68,"2025-12-01 22:50:30",0.715,5.309,255.2,409,2.794,12.12,1.665,41.74
"2025-12-01 23:15:00",2554,12.68,"2025-12-01 23:03:00",0.623,5.294,255.1,409.1,2.797,12.12,1.663,41.72
"2025-12-01 23:30:00",2555,12.68,"2025-12-01 23:23:00",0.553,5.261,254.8,409,2.787,12.12,1.663,41.65
"2025-12-01 23:45:00",2556,12.67,"2025-12-01 23:33:00",0.488,5.23,254.6,409.1,2.784,12.12,1.663,41.6
"2025-12-02 00:00:00",2557,12.67,"2025-12-01 23:53:00",0.433,5.191,254.4,409.2,2.857,12.12,1.662,41.53
"2025-12-02 00:15:00",2558,12.64,"2025-12-02 00:02:10",0.393,5.161,254.2,409.3,2.763,12.12,1.663,41.48
"2025-12-02 00:30:00",2559,12.65,"2025-12-02 00:20:50",0.361,5.135,254.1,409.4,2.75,12.12,1.663,41.43
"2025-12-02 00:45:00",2560,12.65,"2025-12-02 00:31:00",0.328,5.108,253.9,409.5,2.751,12.11,1.662,41.38
"2025-12-02 01:00:00",2561,12.64,"2025-12-02 00:53:00",0.299,5.032,253.3,409.4,2.741,12.09,1.664,41.23
"2025-12-02 01:15:00",2562,12.64,"2025-12-02 01:00:50",0.273,4.938,252.4,409.2,2.715,12.06,1.664,41.06
"2025-12-02 01:30:00",2563,12.63,"2025-12-02 01:23:00",0.246,4.846,251.6,409,2.721,12.03,1.665,40.9
"2025-12-02 01:45:00",2564,12.63,"2025-12-02 01:32:50",0.222,4.762,250.8,408.9,2.721,12,1.666,40.75
"2025-12-02 02:00:00",2565,12.62,"2025-12-02 01:51:00",0.199,4.691,250.2,408.7,2.714,12,1.667,40.63
"2025-12-02 02:15:00",2566,12.6,"2025-12-02 02:02:20",0.153,4.615,249.5,408.6,2.712,11.98,1.668,40.49
"2025-12-02 02:30:00",2567,12.6,"2025-12-02 02:25:00",0.137,4.521,248.6,408.4,2.719,11.98,1.669,40.32
"2025-12-02 02:45:00",2568,12.6,"2025-12-02 02:30:50",0.118,4.463,248.2,408.3,2.733,11.97,1.67,40.23
"2025-12-02 03:00:00",2569,12.59,"2025-12-02 02:59:00",0.099,4.44,248,408.4,2.729,11.97,1.669,40.18
"2025-12-02 03:15:00",2570,12.59,"2025-12-02 03:02:50",0.097,4.399,247.7,408.4,2.72,11.96,1.67,40.11
"2025-12-02 03:30:00",2571,12.58,"2025-12-02 03:25:00",0.097,4.361,247.4,408.3,2.699,11.95,1.671,40.05
"2025-12-02 03:45:00",2572,12.57,"2025-12-02 03:44:40",0.083,4.356,247.4,408.4,2.699,11.95,1.67,40.04
"2025-12-02 04:00:00",2573,12.57,"2025-12-02 03:53:00",0.074,4.366,247.6,408.6,2.683,11.94,1.668,40.06
"2025-12-02 04:15:00",2574,12.57,"2025-12-02 04:02:20",0.074,4.387,247.8,408.8,2.701,11.94,1.667,40.1
"2025-12-02 04:30:00",2575,12.55,"2025-12-02 04:20:30",0.071,4.399,248,408.8,2.709,11.93,1.665,40.12
"2025-12-02 04:45:00",2576,12.56,"2025-12-02 04:30:50",0.054,4.404,248.2,409.1,2.685,11.93,1.664,40.12
"2025-12-02 05:00:00",2577,12.55,"2025-12-02 04:49:00",0.054,4.407,248.2,409.2,2.672,11.93,1.663,40.13
"2025-12-02 05:15:00",2578,12.54,"2025-12-02 05:02:20",0.033,4.413,248.4,409.4,2.675,11.91,1.661,40.14
"2025-12-02 05:30:00",2579,12.54,"2025-12-02 05:23:00",-0.002,4.419,248.5,409.5,2.672,11.91,1.661,40.15
"2025-12-02 05:45:00",2580,12.53,"2025-12-02 05:45:00",-0.038,4.422,248.6,409.6,2.66,11.9,1.66,40.16
"2025-12-02 06:00:00",2581,12.53,"2025-12-02 05:46:40",-0.078,4.423,248.7,409.8,2.644,11.89,1.658,40.16
"2025-12-02 06:15:00",2582,12.52,"2025-12-02 06:09:00",-0.122,4.426,248.8,409.9,2.629,11.89,1.657,40.16
"2025-12-02 06:30:00",2583,12.52,"2025-12-02 06:19:00",-0.175,4.428,248.9,410,2.623,11.89,1.655,40.17
"2025-12-02 06:45:00",2584,12.51,"2025-12-02 06:35:00",-0.235,4.427,249,410.2,2.735,11.88,1.654,40.17
"2025-12-02 07:00:00",2585,12.5,"2025-12-02 06:53:00",-0.297,4.425,249,410.3,2.674,11.87,1.652,40.16
"2025-12-02 07:15:00",2586,12.49,"2025-12-02 07:10:40",-0.354,4.421,249.1,410.4,2.659,11.87,1.651,40.15
"2025-12-02 07:30:00",2587,12.49,"2025-12-02 07:23:00",-0.409,4.411,249,410.5,2.62,11.86,1.65,40.13
"2025-12-02 07:45:00",2588,12.48,"2025-12-02 07:39:00",-0.469,4.401,249,410.6,2.585,11.85,1.648,40.12
"2025-12-02 08:00:00",2589,12.47,"2025-12-02 07:53:00",-0.545,4.388,249,410.7,2.587,11.84,1.647,40.09
"2025-12-02 08:15:00",2590,12.47,"2025-12-02 08:00:40",-0.637,4.373,248.9,410.7,2.587,11.83,1.645,40.07
"2025-12-02 08:30:00",2591,12.46,"2025-12-02 08:23:00",-0.723,4.363,248.9,410.8,2.576,11.83,1.645,40.05
"2025-12-02 08:45:00",2592,12.45,"2025-12-02 08:45:00",-0.793,4.356,248.9,410.9,2.58,11.82,1.643,40.04
"2025-12-02 09:00:00",2593,12.45,"2025-12-02 08:46:50",-0.861,4.351,248.9,410.9,2.513,11.81,1.64,40.03
"2025-12-02 09:15:00",2594,12.44,"2025-12-02 09:07:00",-0.933,4.349,248.9,411,2.514,11.81,1.64,40.03
"2025-12-02 09:30:00",2595,12.44,"2025-12-02 09:21:00",-1.003,4.348,248.9,411,2.499,11.81,1.639,40.03
"2025-12-02 09:45:00",2596,12.44,"2025-12-02 09:45:00",-1.103,4.352,248.9,411.1,2.494,11.81,1.638,40.03
"2025-12-02 10:00:00",2597,12.42,"2025-12-02 09:50:40",-1.192,4.356,249,411.1,2.478,11.8,1.637,40.04
"2025-12-02 10:15:00",2598,12.43,"2025-12-02 10:02:10",-1.262,4.365,249.1,411.1,2.464,11.8,1.635,40.06
"2025-12-02 10:30:00",2599,12.43,"2025-12-02 10:17:00",-1.316,4.371,249.2,411.2,2.473,11.8,1.634,40.07
"2025-12-02 10:45:00",2600,12.43,"2025-12-02 10:30:30",-1.36,4.374,249.3,411.3,2.463,11.79,1.632,40.07
"2025-12-02 11:00:00",2601,12.42,"2025-12-02 10:53:00",-1.396,4.378,249.4,411.4,2.453,11.8,1.631,40.08
"2025-12-02 11:15:00",2602,12.43,"2025-12-02 11:00:40",-1.417,4.389,249.5,411.5,2.448,11.8,1.63,40.1
"2025-12-02 11:30:00",2603,12.42,"2025-12-02 11:29:00",-1.417,4.402,249.6,411.5,2.443,11.8,1.628,40.12
"2025-12-02 11:45:00",2604,12.41,"2025-12-02 11:40:30",-1.389,4.417,249.7,411.5,2.429,11.79,1.627,40.15
"2025-12-02 12:00:00",2605,12.41,"2025-12-02 11:53:00",-1.37,4.429,249.8,411.5,2.42,11.78,1.625,40.17
"2025-12-02 12:15:00",2606,12.41,"2025-12-02 12:02:20",-1.342,4.437,249.9,411.5,2.421,11.78,1.624,40.18
"2025-12-02 12:30:00",2607,12.41,"2025-12-02 12:17:00",-1.35,4.441,250,411.6,2.407,11.78,1.622,40.19
"2025-12-02 12:45:00",2608,12.41,"2025-12-02 12:31:00",-1.351,4.445,250,411.6,2.403,11.78,1.621,40.2
"2025-12-02 13:00:00",2609,12.41,"2025-12-02 12:49:00",-1.336,4.446,250,411.6,2.395,11.78,1.619,40.2
"2025-12-02 13:15:00",2610,12.41,"2025-12-02 13:01:00",-1.331,4.451,250.1,411.6,2.374,11.78,1.618,40.21
"2025-12-02 13:30:00",2611,12.41,"2025-12-02 13:17:00",-1.313,4.462,250.1,411.6,2.361,11.79,1.617,40.23
"2025-12-02 13:45:00",2612,12.41,"2025-12-02 13:30:40",-1.284,4.47,250.2,411.5,2.368,11.79,1.617,40.24
"2025-12-02 14:00:00",2613,12.41,"2025-12-02 13:53:00",-1.252,4.479,250.2,411.4,2.355,11.78,1.615,40.26
"2025-12-02 14:15:00",2614,12.39,"2025-12-02 14:02:20",-1.245,4.479,250.1,411.4,2.356,11.76,1.614,40.26
"2025-12-02 14:30:00",2615,12.39,"2025-12-02 14:23:00",-1.248,4.477,250.1,411.4,2.365,11.76,1.612,40.25
"2025-12-02 14:45:00",2616,12.38,"2025-12-02 14:39:00",-1.29,4.468,250.1,411.4,2.351,11.76,1.611,40.24
"2025-12-02 15:00:00",2617,12.38,"2025-12-02 14:52:50",-1.342,4.461,250,411.5,2.341,11.75,1.609,40.22
"2025-12-02 15:15:00",2618,12.38,"2025-12-02 15:13:00",-1.396,4.453,250,411.5,2.365,11.75,1.609,40.21
"2025-12-02 15:30:00",2619,12.36,"2025-12-02 15:20:40",-1.459,4.444,250,411.6,2.34,11.74,1.607,40.19
"2025-12-02 15:45:00",2620,12.37,"2025-12-02 15:40:50",-1.537,"NAN","NAN","NAN","NAN","NAN",1.606,40.17
"2025-12-02 16:00:00",2621,12.36,"2025-12-02 15:47:00",-1.657,4.414,249.9,411.8,2.338,11.73,1.604,40.14
"2025-12-02 16:15:00",2622,12.36,"2025-12-02 16:01:00",-1.797,4.398,249.8,411.9,2.326,11.72,1.603,40.11
"2025-12-02 16:30:00",2623,12.36,"2025-12-02 16:21:00",-1.942,4.383,249.8,412,2.331,11.72,1.602,40.08
"2025-12-02 16:45:00",2624,12.35,"2025-12-02 16:41:00",-2.087,4.371,249.7,412.1,2.327,11.72,1.6,40.06
"2025-12-02 17:00:00",2625,12.34,"2025-12-02 16:47:00",-2.226,4.356,249.7,412.3,2.328,11.71,1.599,40.03
"2025-12-02 17:15:00",2626,12.35,"2025-12-02 17:13:00",-2.371,4.339,249.7,412.4,2.314,11.7,1.598,40
"2025-12-02 17:30:00",2627,12.34,"2025-12-02 17:23:00",-2.518,4.324,249.7,412.6,2.307,11.71,1.596,39.98
"2025-12-02 17:45:00",2628,12.34,"2025-12-02 17:41:00",-2.654,4.31,249.7,412.8,2.319,11.71,1.595,39.95
"2025-12-02 18:00:00",2629,12.34,"2025-12-02 17:51:00",-2.771,4.298,249.7,412.9,2.307,11.7,1.594,39.93
"2025-12-02 18:15:00",2630,12.34,"2025-12-02 18:08:40",-2.869,4.286,249.7,413.1,2.303,11.7,1.592,39.91
"2025-12-02 18:30:00",2631,12.33,"2025-12-02 18:23:00",-2.95,4.275,249.7,413.2,2.329,11.7,1.592,39.89
"2025-12-02 18:45:00",2632,12.33,"2025-12-02 18:44:50",-3.021,4.263,249.6,413.4,2.313,11.7,1.591,39.87
"2025-12-02 19:00:00",2633,12.33,"2025-12-02 18:58:50",-3.085,4.252,249.6,413.5,2.311,11.69,1.589,39.85
"2025-12-02 19:15:00",2634,12.32,"2025-12-02 19:12:30",-3.148,4.24,249.6,413.6,2.313,11.69,1.588,39.83
"2025-12-02 19:30:00",2635,12.32,"2025-12-02 19:20:30",-3.21,4.229,249.5,413.7,2.309,11.69,1.587,39.81
"2025-12-02 19:45:00",2636,12.32,"2025-12-02 19:43:00",-3.269,4.217,249.5,413.7,2.314,11.69,1.585,39.79
"2025-12-02 20:00:00",2637,12.32,"2025-12-02 19:56:50",-3.34,4.202,249.4,413.8,2.307,11.68,1.584,39.76
"2025-12-02 20:15:00",2638,12.32,"2025-12-02 20:02:10",-3.416,4.186,249.4,413.9,2.339,11.68,1.583,39.73
"2025-12-02 20:30:00",2639,12.32,"2025-12-02 20:17:00",-3.493,4.172,249.3,414,2.323,11.68,1.583,39.71
"2025-12-02 20:45:00",2640,12.32,"2025-12-02 20:30:40",-3.574,4.157,249.2,414,2.331,11.68,1.581,39.68
"2025-12-02 21:00:00",2641,12.31,"2025-12-02 20:57:00",-3.652,4.142,249.1,414.1,2.339,11.68,1.58,39.65
"2025-12-02 21:15:00",2642,12.31,"2025-12-02 21:15:00",-3.734,4.124,249,414.2,2.319,11.67,1.58,39.62
"2025-12-02 21:30:00",2643,12.31,"2025-12-02 21:19:00",-3.813,4.107,249,414.3,2.321,11.67,1.578,39.59
"2025-12-02 21:45:00",2644,12.31,"2025-12-02 21:39:00",-3.913,4.089,248.9,414.3,2.315,11.67,1.577,39.56
"2025-12-02 22:00:00",2645,12.31,"2025-12-02 21:59:00",-3.983,4.072,248.8,414.4,2.303,11.67,1.577,39.53
"2025-12-02 22:15:00",2646,12.31,"2025-12-02 22:14:40",-4.049,4.057,248.7,414.5,2.283,11.66,1.576,39.5
"2025-12-02 22:30:00",2647,12.3,"2025-12-02 22:25:00",-4.105,4.037,248.6,414.6,2.297,11.67,1.576,39.46
"2025-12-02 22:45:00",2648,12.3,"2025-12-02 22:40:50",-4.148,4.024,248.5,414.6,2.297,11.67,1.574,39.44
"2025-12-02 23:00:00",2649,12.3,"2025-12-02 22:47:00",-4.17,4.009,248.5,414.8,2.295,11.66,1.574,39.41
"2025-12-02 23:15:00",2650,12.3,"2025-12-02 23:09:00",-4.182,3.996,248.4,414.9,2.29,11.66,1.573,39.39
"2025-12-02 23:30:00",2651,12.29,"2025-12-02 23:23:00",-4.2,3.983,248.4,415,2.294,11.66,1.572,39.37
"2025-12-02 23:45:00",2652,12.3,"2025-12-02 23:31:00",-4.202,3.971,248.4,415.1,2.293,11.66,1.571,39.35
"2025-12-03 00:00:00",2653,12.3,"2025-12-02 23:58:30",-4.202,3.96,248.3,415.2,2.277,11.66,1.57,39.32
"2025-12-03 00:15:00",2654,12.3,"2025-12-03 00:02:50",-4.202,3.949,248.3,415.3,2.276,11.65,1.569,39.31
"2025-12-03 00:30:00",2655,12.3,"2025-12-03 00:20:40",-4.202,3.938,248.3,415.4,2.261,11.66,1.569,39.29
"2025-12-03 00:45:00",2656,12.3,"2025-12-03 00:34:50",-4.196,3.926,248.3,415.5,2.266,11.66,1.569,39.27
"2025-12-03 01:00:00",2657,12.29,"2025-12-03 00:53:00",-4.182,3.913,248.3,415.7,2.275,11.65,1.568,39.24
"2025-12-03 01:15:00",2658,12.29,"2025-12-03 01:15:00",-4.17,3.9,248.2,415.8,2.273,11.65,1.567,39.22
"2025-12-03 01:30:00",2659,12.29,"2025-12-03 01:23:00",-4.16,3.889,248.2,415.9,2.265,11.65,1.566,39.2
"2025-12-03 01:45:00",2660,12.29,"2025-12-03 01:33:00",-4.155,"NAN","NAN","NAN","NAN","NAN",1.566,39.18
"2025-12-03 02:00:00",2661,12.29,"2025-12-03 01:55:00",-4.131,3.874,248.2,416.1,2.291,11.65,1.566,39.17
"2025-12-03 02:15:00",2662,12.29,"2025-12-03 02:15:00",-4.116,3.87,248.3,416.3,2.28,11.65,1.564,39.17
"2025-12-03 02:30:00",2663,12.29,"2025-12-03 02:16:50",-4.097,3.866,248.3,416.4,2.276,11.65,1.564,39.16
"2025-12-03 02:45:00",2664,12.29,"2025-12-03 02:45:00",-4.096,3.859,248.3,416.5,2.255,11.65,1.563,39.15
"2025-12-03 03:00:00",2665,12.28,"2025-12-03 02:51:00",-4.115,3.851,248.4,416.7,2.247,11.65,1.563,39.13
"2025-12-03 03:15:00",2666,12.24,"2025-12-03 03:02:30",-4.136,3.847,248.4,416.8,2.255,11.64,1.563,39.12
"2025-12-03 03:30:00",2667,12.28,"2025-12-03 03:24:50",-4.164,3.841,248.4,416.9,2.245,11.65,1.562,39.11
"2025-12-03 03:45:00",2668,12.28,"2025-12-03 03:44:50",-4.193,3.833,248.4,417,2.245,11.64,1.562,39.1
"2025-12-03 04:00:00",2669,12.28,"2025-12-03 03:49:00",-4.203,3.826,248.5,417.2,2.245,11.64,1.561,39.09
"2025-12-03 04:15:00",2670,12.28,"2025-12-03 04:02:10",-4.223,3.821,248.5,417.3,2.367,11.64,1.56,39.08
"2025-12-03 04:30:00",2671,12.28,"2025-12-03 04:23:00",-4.216,3.816,248.5,417.4,2.391,11.64,1.559,39.07
"2025-12-03 04:45:00",2672,12.28,"2025-12-03 04:37:00",-4.202,3.809,248.6,417.6,2.305,11.64,1.559,39.06
"2025-12-03 05:00:00",2673,12.28,"2025-12-03 04:49:00",-4.202,"NAN","NAN","NAN","NAN","NAN",1.558,39.05
"2025-12-03 05:15:00",2674,12.26,"2025-12-03 05:02:10",-4.202,3.801,248.6,417.8,2.253,11.64,1.557,39.04
"2025-12-03 05:30:00",2675,12.26,"2025-12-03 05:23:00",-4.197,3.796,248.6,417.9,2.255,11.64,1.557,39.03
"2025-12-03 05:45:00",2676,12.27,"2025-12-03 05:33:00",-4.19,3.787,248.6,418,2.283,11.64,1.555,39.02
"2025-12-03 06:00:00",2677,12.27,"2025-12-03 05:52:20",-4.2,3.778,248.6,418.1,2.256,11.63,1.555,39
"2025-12-03 06:15:00",2678,12.26,"2025-12-03 06:05:00",-4.202,3.771,248.6,418.2,2.234,11.63,1.554,38.99
"2025-12-03 06:30:00",2679,12.26,"2025-12-03 06:21:00",-4.202,3.766,248.7,418.3,2.285,11.64,1.553,38.98
"2025-12-03 06:45:00",2680,12.26,"2025-12-03 06:45:00",-4.177,3.762,248.7,418.4,2.266,11.63,1.553,38.97
"2025-12-03 07:00:00",2681,12.26,"2025-12-03 06:53:00",-4.16,3.752,248.6,418.4,2.258,11.63,1.552,38.95
"2025-12-03 07:15:00",2682,12.27,"2025-12-03 07:01:00",-4.16,3.74,248.6,418.5,2.234,11.63,1.551,38.93
"2025-12-03 07:30:00",2683,12.27,"2025-12-03 07:19:00",-4.161,3.731,248.6,418.6,2.242,11.63,1.55,38.92
"2025-12-03 07:45:00",2684,12.26,"2025-12-03 07:31:00",-4.18,3.723,248.5,418.7,2.305,11.63,1.55,38.9
"2025-12-03 08:00:00",2685,12.25,"2025-12-03 07:46:50",-4.185,3.714,248.5,418.7,2.261,11.63,1.549,38.89
"2025-12-03 08:15:00",2686,12.26,"2025-12-03 08:03:00",-4.202,"NAN","NAN","NAN","NAN","NAN",1.548,38.87
"2025-12-03 08:30:00",2687,12.26,"2025-12-03 08:25:00",-4.202,3.691,248.3,418.7,2.164,11.63,1.547,38.84
"2025-12-03 08:45:00",2688,12.26,"2025-12-03 08:41:00",-4.18,3.68,248.2,418.7,2.17,11.63,1.547,38.83
"2025-12-03 09:00:00",2689,12.26,"2025-12-03 08:50:50",-4.141,3.671,248.1,418.7,2.145,11.63,1.546,38.81
"2025-12-03 09:15:00",2690,12.26,"2025-12-03 09:09:00",-4.086,3.661,248,418.6,2.117,11.63,1.545,38.79
"2025-12-03 09:30:00",2691,12.26,"2025-12-03 09:23:00",-4.011,3.654,247.9,418.5,2.098,11.63,1.544,38.78
"2025-12-03 09:45:00",2692,12.27,"2025-12-03 09:40:50",-3.921,3.653,247.8,418.4,2.112,11.63,1.543,38.78
"2025-12-03 10:00:00",2693,12.27,"2025-12-03 09:53:00",-3.802,3.647,247.7,418.3,2.089,11.63,1.543,38.77
"2025-12-03 10:15:00",2694,12.27,"2025-12-03 10:02:20",-3.706,3.643,247.6,418.2,2.085,11.64,1.543,38.76
"2025-12-03 10:30:00",2695,12.28,"2025-12-03 10:17:00",-3.618,3.642,247.5,418,2.071,11.64,1.542,38.76
"2025-12-03 10:45:00",2696,12.28,"2025-12-03 10:31:00",-3.543,3.64,247.4,417.9,2.056,11.64,1.541,38.76
"2025-12-03 11:00:00",2697,12.28,"2025-12-03 10:46:50",-3.46,3.643,247.3,417.7,2.072,11.64,1.541,38.76
"2025-12-03 11:15:00",2698,12.28,"2025-12-03 11:02:20",-3.359,3.647,247.2,417.5,2.053,11.65,1.54,38.77
"2025-12-03 11:30:00",2699,12.28,"2025-12-03 11:23:00",-3.244,3.653,247.2,417.3,2.053,11.66,1.539,38.78
"2025-12-03 11:45:00",2700,12.29,"2025-12-03 11:30:50",-3.123,3.665,247.1,417.1,2.059,11.66,1.539,38.8
"2025-12-03 12:00:00",2701,12.3,"2025-12-03 11:46:50",-3.001,3.68,247.1,416.8,2.062,11.67,1.539,38.83
"2025-12-03 12:15:00",2702,12.3,"2025-12-03 12:02:20",-2.868,3.693,247,416.6,2.037,11.67,1.539,38.85
"2025-12-03 12:30:00",2703,12.3,"2025-12-03 12:19:00",-2.744,3.703,247,416.4,2.053,11.67,1.538,38.87
"2025-12-03 12:45:00",2704,12.3,"2025-12-03 12:45:00",-2.628,3.712,247,416.2,2.043,11.66,1.536,38.89
"2025-12-03 13:00:00",2705,12.3,"2025-12-03 12:47:00",-2.518,3.721,246.9,416,2.033,11.66,1.536,38.9
"2025-12-03 13:15:00",2706,12.27,"2025-12-03 13:02:20",-2.399,"NAN","NAN","NAN","NAN","NAN",1.536,38.92
"2025-12-03 13:30:00",2707,12.3,"2025-12-03 13:20:50",-2.264,3.742,246.9,415.7,2.033,11.67,1.536,38.94
"2025-12-03 13:45:00",2708,12.31,"2025-12-03 13:45:00",-2.149,3.755,246.9,415.5,2.033,11.68,1.535,38.96
"2025-12-03 14:00:00",2709,12.3,"2025-12-03 13:47:00",-2.032,3.764,246.9,415.4,2.014,11.68,1.536,38.98
"2025-12-03 14:15:00",2710,12.3,"2025-12-03 14:13:00",-1.914,3.778,246.9,415.2,2.032,11.68,1.535,39.01
"2025-12-03 14:30:00",2711,12.3,"2025-12-03 14:23:00",-1.815,3.789,246.9,415.1,2.005,11.67,1.536,39.02
"2025-12-03 14:45:00",2712,12.29,"2025-12-03 14:36:50",-1.752,3.792,246.9,415,1.997,11.66,1.535,39.03
"2025-12-03 15:00:00",2713,12.28,"2025-12-03 14:53:00",-1.713,3.796,246.9,415,2.006,11.65,1.535,39.03
"2025-12-03 15:15:00",2714,12.28,"2025-12-03 15:10:50",-1.663,3.796,246.9,415,2.001,11.65,1.535,39.03
"2025-12-03 15:30:00",2715,12.27,"2025-12-03 15:23:00",-1.621,3.795,246.9,415,1.999,11.65,1.535,39.03
"2025-12-03 15:45:00",2716,12.27,"2025-12-03 15:31:00",-1.587,3.793,246.9,415.1,1.974,11.64,1.535,39.03
"2025-12-03 16:00:00",2717,12.27,"2025-12-03 15:46:40",-1.575,3.79,247,415.2,1.986,11.64,1.534,39.02
"2025-12-03 16:15:00",2718,12.26,"2025-12-03 16:02:20",-1.545,3.789,247,415.3,1.983,11.63,1.534,39.02
"2025-12-03 16:30:00",2719,12.26,"2025-12-03 16:23:00",-1.556,3.78,247.1,415.4,1.971,11.63,1.533,39
"2025-12-03 16:45:00",2720,12.26,"2025-12-03 16:30:50",-1.596,3.771,247.1,415.6,1.983,11.63,1.533,38.99
"2025-12-03 17:00:00",2721,12.26,"2025-12-03 16:47:00",-1.65,3.757,247.1,415.8,1.969,11.62,1.534,38.96
"2025-12-03 17:15:00",2722,12.25,"2025-12-03 17:00:40",-1.719,3.74,247.1,416,1.979,11.62,1.534,38.93
"2025-12-03 17:30:00",2723,12.25,"2025-12-03 17:23:00",-1.78,3.724,247.1,416.3,1.984,11.62,1.533,38.9
"2025-12-03 17:45:00",2724,12.25,"2025-12-03 17:34:50",-1.838,3.709,247.1,416.5,1.979,11.62,1.533,38.88
"2025-12-03 18:00:00",2725,12.25,"2025-12-03 17:50:50",-1.889,3.696,247.2,416.8,1.972,11.62,1.533,38.85
"2025-12-03 18:15:00",2726,12.25,"2025-12-03 18:02:20",-1.931,3.682,247.2,417,1.969,11.61,1.533,38.83
"2025-12-03 18:30:00",2727,12.25,"2025-12-03 18:16:50",-1.97,3.671,247.2,417.2,1.975,11.62,1.534,38.81
"2025-12-03 18:45:00",2728,12.25,"2025-12-03 18:37:00",-2.004,3.661,247.3,417.4,1.985,11.62,1.532,38.79
"2025-12-03 19:00:00",2729,12.25,"2025-12-03 18:46:50",-2.022,3.652,247.3,417.6,1.971,11.62,1.532,38.78
"2025-12-03 19:15:00",2730,12.25,"2025-12-03 19:00:50",-2.036,3.645,247.4,417.7,1.976,11.61,1.532,38.76
"2025-12-03 19:30:00",2731,12.25,"2025-12-03 19:23:00",-2.037,3.64,247.4,417.9,1.968,11.62,1.532,38.75
"2025-12-03 19:45:00",2732,12.25,"2025-12-03 19:30:40",-2.036,3.635,247.5,418.1,1.981,11.62,1.532,38.74
"2025-12-03 20:00:00",2733,12.25,"2025-12-03 19:57:00",-2.023,3.628,247.5,418.2,1.969,11.61,1.532,38.73
"2025-12-03 20:15:00",2734,12.25,"2025-12-03 20:07:00",-2.013,3.624,247.5,418.4,1.993,11.61,1.532,38.72
"2025-12-03 20:30:00",2735,12.24,"2025-12-03 20:23:00",-1.993,3.62,247.6,418.5,1.998,11.61,1.531,38.72
"2025-12-03 20:45:00",2736,12.23,"2025-12-03 20:40:40",-1.973,3.611,247.6,418.7,1.972,11.61,1.532,38.7
"2025-12-03 21:00:00",2737,12.24,"2025-12-03 20:53:00",-1.964,3.604,247.7,418.8,1.981,11.61,1.531,38.69
"2025-12-03 21:15:00",2738,12.25,"2025-12-03 21:01:00",-1.95,3.598,247.7,418.9,1.985,11.61,1.53,38.68
"2025-12-03 21:30:00",2739,12.24,"2025-12-03 21:23:00",-1.942,3.593,247.7,419.1,1.969,11.61,1.53,38.67
"2025-12-03 21:45:00",2740,12.24,"2025-12-03 21:35:00",-1.929,3.589,247.8,419.2,1.973,11.61,1.528,38.66
"2025-12-03 22:00:00",2741,12.24,"2025-12-03 21:55:00",-1.927,3.585,247.8,419.3,1.982,11.61,1.529,38.65
"2025-12-03 22:15:00",2742,12.23,"2025-12-03 22:02:20",-1.927,3.579,247.8,419.4,1.978,11.61,1.528,38.65
"2025-12-03 22:30:00",2743,12.24,"2025-12-03 22:19:00",-1.909,3.577,247.9,419.5,1.957,11.61,1.528,38.64
"2025-12-03 22:45:00",2744,12.23,"2025-12-03 22:41:00",-1.891,3.574,247.9,419.7,1.951,11.6,1.528,38.64
"2025-12-03 23:00:00",2745,12.23,"2025-12-03 22:53:00",-1.857,3.571,248,419.8,1.965,11.61,1.526,38.63
"2025-12-03 23:15:00",2746,12.23,"2025-12-03 23:02:20",-1.837,3.566,248,420,1.959,11.6,1.526,38.62
"2025-12-03 23:30:00",2747,12.23,"2025-12-03 23:19:00",-1.819,3.561,248.1,420.1,1.964,11.6,1.526,38.61
"2025-12-03 23:45:00",2748,12.23,"2025-12-03 23:31:00",-1.809,3.553,248.1,420.2,1.954,11.6,1.525,38.6
"2025-12-04 00:00:00",2749,12.22,"2025-12-03 23:53:00",-1.821,3.545,248.1,420.4,1.945,11.6,1.524,38.58
"2025-12-04 00:15:00",2750,12.23,"2025-12-04 00:00:50",-1.821,3.538,248.2,420.6,1.953,11.59,1.524,38.57
"2025-12-04 00:30:00",2751,12.23,"2025-12-04 00:23:00",-1.803,3.531,248.2,420.7,1.947,11.6,1.523,38.56
"2025-12-04 00:45:00",2752,12.23,"2025-12-04 00:33:00",-1.801,3.525,248.2,420.8,1.949,11.6,1.522,38.55
"2025-12-04 01:00:00",2753,12.23,"2025-12-04 00:46:50",-1.801,3.52,248.3,421,1.94,11.6,1.522,38.54
"2025-12-04 01:15:00",2754,12.23,"2025-12-04 01:01:00",-1.801,3.514,248.3,421.1,1.949,11.59,1.521,38.53
"2025-12-04 01:30:00",2755,12.23,"2025-12-04 01:16:40",-1.798,3.509,248.3,421.2,1.935,11.59,1.52,38.52
"2025-12-04 01:45:00",2756,12.23,"2025-12-04 01:30:50",-1.78,3.502,248.3,421.3,1.946,11.59,1.52,38.51
"2025-12-04 02:00:00",2757,12.23,"2025-12-04 01:46:40",-1.778,3.496,248.3,421.4,1.95,11.59,1.519,38.5
"2025-12-04 02:15:00",2758,12.22,"2025-12-04 02:10:50",-1.758,3.491,248.4,421.6,1.929,11.59,1.518,38.49
"2025-12-04 02:30:00",2759,12.22,"2025-12-04 02:23:00",-1.753,3.489,248.4,421.7,1.946,11.59,1.517,38.48
"2025-12-04 02:45:00",2760,12.22,"2025-12-04 02:45:00",-1.735,3.486,248.4,421.7,1.95,11.59,1.517,38.48
"2025-12-04 03:00:00",2761,12.22,"2025-12-04 02:46:50",-1.715,3.483,248.5,421.8,1.947,11.59,1.516,38.47
"2025-12-04 03:15:00",2762,12.22,"2025-12-04 03:01:00",-1.696,3.48,248.5,421.9,1.95,11.59,1.515,38.47
"2025-12-04 03:30:00",2763,12.22,"2025-12-04 03:16:50",-1.672,3.478,248.5,422,1.957,11.59,1.514,38.46
"2025-12-04 03:45:00",2764,12.22,"2025-12-04 03:30:40",-1.655,3.476,248.6,422.1,1.969,11.59,1.514,38.46
"2025-12-04 04:00:00",2765,12.22,"2025-12-04 03:53:00",-1.632,3.475,248.6,422.2,1.969,11.58,1.513,38.46
"2025-12-04 04:15:00",2766,12.22,"2025-12-04 04:00:50",-1.611,3.473,248.6,422.2,2,11.58,1.512,38.45
"2025-12-04 04:30:00",2767,12.21,"2025-12-04 04:23:00",-1.586,3.472,248.6,422.3,1.988,11.59,1.511,38.45
"2025-12-04 04:45:00",2768,12.22,"2025-12-04 04:33:00",-1.565,3.471,248.7,422.4,2.024,11.58,1.511,38.45
"2025-12-04 05:00:00",2769,12.22,"2025-12-04 04:46:50",-1.543,3.469,248.7,422.4,2.063,11.57,1.51,38.45
"2025-12-04 05:15:00",2770,12.21,"2025-12-04 05:13:00",-1.519,3.468,248.7,422.5,2.041,11.58,1.509,38.45
"2025-12-04 05:30:00",2771,12.21,"2025-12-04 05:20:40",-1.494,3.467,248.8,422.6,2.237,11.58,1.507,38.45
"2025-12-04 05:45:00",2772,12.21,"2025-12-04 05:36:40",-1.462,3.466,248.8,422.7,2.039,11.58,1.504,38.44
"2025-12-04 06:00:00",2773,12.21,"2025-12-04 05:47:00",-1.426,3.465,248.8,422.7,2.012,11.58,1.506,38.44
"2025-12-04 06:15:00",2774,12.21,"2025-12-04 06:01:00",-1.396,3.464,248.9,422.8,1.998,11.57,1.504,38.44
"2025-12-04 06:30:00",2775,12.21,"2025-12-04 06:23:00",-1.361,3.464,248.9,422.9,1.985,11.57,1.504,38.44
"2025-12-04 06:45:00",2776,12.21,"2025-12-04 06:31:00",-1.326,3.462,248.9,422.9,1.985,11.57,1.503,38.44
"2025-12-04 07:00:00",2777,12.21,"2025-12-04 06:46:50",-1.287,3.461,249,423,1.987,11.57,1.503,38.43
"2025-12-04 07:15:00",2778,12.21,"2025-12-04 07:02:20",-1.228,3.459,249,423.1,2.012,11.57,1.502,38.43
"2025-12-04 07:30:00",2779,12.21,"2025-12-04 07:19:00",-1.165,3.46,249.1,423.1,2.035,11.57,1.502,38.43
"2025-12-04 07:45:00",2780,12.21,"2025-12-04 07:34:50",-1.105,3.46,249.1,423.2,2.055,11.57,1.5,38.43
"2025-12-04 08:00:00",2781,12.2,"2025-12-04 07:53:00",-1.03,3.46,249.1,423.2,2.013,11.57,1.5,38.43
"2025-12-04 08:15:00",2782,12.21,"2025-12-04 08:01:00",-0.971,3.461,249.1,423.3,1.976,11.57,1.499,38.43
"2025-12-04 08:30:00",2783,12.21,"2025-12-04 08:17:00",-0.912,3.462,249.2,423.3,1.977,11.57,1.498,38.44
"2025-12-04 08:45:00",2784,12.21,"2025-12-04 08:30:50",-0.847,3.466,249.2,423.3,1.986,11.57,1.497,38.44
"2025-12-04 09:00:00",2785,12.2,"2025-12-04 08:53:00",-0.763,3.473,249.2,423.3,1.958,11.57,1.496,38.46
"2025-12-04 09:15:00",2786,12.2,"2025-12-04 09:02:20",-0.659,3.48,249.3,423.2,1.945,11.57,1.496,38.47
"2025-12-04 09:30:00",2787,12.21,"2025-12-04 09:17:00",-0.535,3.488,249.3,423.2,1.927,11.57,1.495,38.48
"2025-12-04 09:45:00",2788,12.21,"2025-12-04 09:30:50",-0.404,3.496,249.3,423.1,1.918,11.57,1.495,38.5
"2025-12-04 10:00:00",2789,12.21,"2025-12-04 09:47:00",-0.271,3.505,249.4,423,1.906,11.57,1.494,38.52
"2025-12-04 10:15:00",2790,12.21,"2025-12-04 10:09:00",-0.138,3.519,249.4,422.9,1.895,11.58,1.494,38.54
"2025-12-04 10:30:00",2791,12.21,"2025-12-04 10:23:00",-0.011,3.534,249.4,422.7,1.891,11.58,1.492,38.57
"2025-12-04 10:45:00",2792,12.22,"2025-12-04 10:36:50",0.102,3.552,249.5,422.6,1.885,11.59,1.491,38.6
"2025-12-04 11:00:00",2793,12.23,"2025-12-04 10:46:50",0.207,3.572,249.5,422.4,1.881,11.6,1.49,38.64
"2025-12-04 11:15:00",2794,12.25,"2025-12-04 11:02:20",0.3,3.604,249.6,422.1,1.882,11.62,1.489,38.7
"2025-12-04 11:30:00",2795,12.23,"2025-12-04 11:23:00",0.372,3.632,249.6,421.8,1.862,11.61,1.489,38.74
"2025-12-04 11:45:00",2796,12.21,"2025-12-04 11:38:50",0.412,3.649,249.7,421.6,1.863,11.58,1.489,38.77
"2025-12-04 12:00:00",2797,12.22,"2025-12-04 11:46:40",0.385,3.655,249.7,421.5,1.874,11.58,1.488,38.78
"2025-12-04 12:15:00",2798,12.22,"2025-12-04 12:01:00",0.331,3.661,249.7,421.4,1.85,11.59,1.487,38.79
"2025-12-04 12:30:00",2799,12.23,"2025-12-04 12:21:00",0.292,3.671,249.7,421.3,1.834,11.61,1.486,38.81
"2025-12-04 12:45:00",2800,12.23,"2025-12-04 12:31:00",0.275,3.689,249.7,421.1,1.842,11.61,1.485,38.85
"2025-12-04 13:00:00",2801,12.23,"2025-12-04 12:53:00",0.283,3.714,249.7,420.9,1.829,11.61,1.484,38.89
"2025-12-04 13:15:00",2802,12.24,"2025-12-04 13:01:00",0.315,3.737,249.8,420.6,1.825,11.61,1.484,38.93
"2025-12-04 13:30:00",2803,12.25,"2025-12-04 13:16:50",0.352,3.763,249.8,420.3,1.833,11.63,1.484,38.98
"2025-12-04 13:45:00",2804,12.26,"2025-12-04 13:30:50",0.406,3.795,249.9,420,1.829,11.63,1.481,39.04
"2025-12-04 14:00:00",2805,12.26,"2025-12-04 13:53:00",0.451,3.826,250,419.8,1.817,11.64,1.481,39.1
"2025-12-04 14:15:00",2806,12.26,"2025-12-04 14:03:00",0.496,3.859,250.1,419.5,1.834,11.65,1.48,39.15
"2025-12-04 14:30:00",2807,12.33,"2025-12-04 14:16:40",0.513,3.878,250.2,419.4,1.822,11.73,1.479,39.19
"2025-12-04 14:45:00",2808,12.46,"2025-12-04 14:30:40",0.532,3.893,250.3,419.3,1.817,11.87,1.478,39.21
"2025-12-04 15:00:00",2809,12.67,"2025-12-04 14:45:20",0.554,3.916,250.4,419.1,1.809,12.1,1.478,39.26
"2025-12-04 15:15:00",2810,12.63,"2025-12-04 15:15:00",0.598,3.945,250.5,419,1.797,12.15,1.478,39.31
"2025-12-04 15:30:00",2811,12.54,"2025-12-04 15:27:00",0.604,3.957,250.5,418.9,1.795,11.97,1.477,39.33
"2025-12-04 15:45:00",2812,12.54,"2025-12-04 15:45:00",0.583,3.959,250.6,418.9,1.807,11.93,1.475,39.33
"2025-12-04 16:00:00",2813,12.49,"2025-12-04 15:59:00",0.551,3.956,250.5,418.9,1.791,11.88,1.475,39.32
"2025-12-04 16:15:00",2814,12.43,"2025-12-04 16:15:00",0.525,3.949,250.6,419.1,1.793,11.83,1.474,39.31
"2025-12-04 16:30:00",2815,12.4,"2025-12-04 16:29:00",0.501,3.945,250.6,419.2,1.796,11.79,1.472,39.3
"2025-12-04 16:45:00",2816,12.36,"2025-12-04 16:43:00",0.483,3.942,250.7,419.3,1.794,11.75,1.472,39.29
"2025-12-04 17:00:00",2817,12.33,"2025-12-04 16:58:30",0.456,3.934,250.7,419.5,1.79,11.71,1.472,39.28
"2025-12-04 17:15:00",2818,12.3,"2025-12-04 17:15:00",0.423,3.923,250.8,419.7,1.777,11.68,1.47,39.26
"2025-12-04 17:30:00",2819,12.27,"2025-12-04 17:27:00",0.386,3.91,250.8,420,1.79,11.65,1.469,39.24
"2025-12-04 17:45:00",2820,12.25,"2025-12-04 17:38:30",0.35,3.898,250.9,420.3,1.79,11.63,1.468,39.21
"2025-12-04 18:00:00",2821,12.23,"2025-12-04 17:59:00",0.316,3.887,250.9,420.5,1.778,11.61,1.468,39.19
"2025-12-04 18:15:00",2822,12.23,"2025-12-04 18:07:00",0.278,3.876,251,420.7,1.787,11.6,1.467,39.17
"2025-12-04 18:30:00",2823,12.22,"2025-12-04 18:23:00",0.247,3.863,251,420.9,1.786,11.58,1.467,39.15
"2025-12-04 18:45:00",2824,12.21,"2025-12-04 18:40:50",0.212,3.851,251,421.1,1.793,11.57,1.466,39.13
"2025-12-04 19:00:00",2825,12.21,"2025-12-04 18:47:00",0.151,3.837,251,421.3,1.797,11.57,1.465,39.1
"2025-12-04 19:15:00",2826,12.21,"2025-12-04 19:00:40",0.097,3.824,251,421.5,1.796,11.57,1.464,39.08
"2025-12-04 19:30:00",2827,12.19,"2025-12-04 19:23:00",0.035,3.813,251,421.7,1.795,11.56,1.462,39.06
"2025-12-04 19:45:00",2828,12.2,"2025-12-04 19:30:50",-0.028,3.8,251,421.9,1.816,11.56,1.462,39.04
"2025-12-04 20:00:00",2829,12.2,"2025-12-04 19:47:00",-0.091,3.789,251,422,1.819,11.56,1.461,39.02
"2025-12-04 20:15:00",2830,12.19,"2025-12-04 20:13:00",-0.146,3.777,251,422.2,1.825,11.56,1.46,39
"2025-12-04 20:30:00",2831,12.18,"2025-12-04 20:23:00",-0.207,3.767,251,422.3,1.803,11.55,1.459,38.98
"2025-12-04 20:45:00",2832,12.19,"2025-12-04 20:31:00",-0.269,3.755,251,422.5,1.809,11.55,1.458,38.96
"2025-12-04 21:00:00",2833,12.18,"2025-12-04 20:53:00",-0.324,3.747,251,422.6,1.853,11.55,1.458,38.94
"2025-12-04 21:15:00",2834,12.19,"2025-12-04 21:01:00",-0.38,3.738,251,422.7,1.865,11.55,1.456,38.93
"2025-12-04 21:30:00",2835,12.18,"2025-12-04 21:19:00",-0.436,3.73,251,422.8,1.871,11.55,1.456,38.91
"2025-12-04 21:45:00",2836,12.18,"2025-12-04 21:30:50",-0.494,3.719,251,422.9,1.877,11.55,1.454,38.89
"2025-12-04 22:00:00",2837,12.18,"2025-12-04 21:53:00",-0.544,3.709,251,423,1.846,11.55,1.453,38.88
"2025-12-04 22:15:00",2838,12.18,"2025-12-04 22:00:40",-0.6,3.699,251,423.1,1.857,11.54,1.453,38.86
"2025-12-04 22:30:00",2839,12.18,"2025-12-04 22:20:50",-0.657,3.691,251,423.2,1.851,11.54,1.452,38.84
"2025-12-04 22:45:00",2840,12.18,"2025-12-04 22:37:00",-0.73,3.683,251,423.3,1.849,11.54,1.451,38.83
"2025-12-04 23:00:00",2841,12.17,"2025-12-04 22:53:00",-0.823,3.674,250.9,423.4,1.857,11.54,1.45,38.81
"2025-12-04 23:15:00",2842,12.17,"2025-12-04 23:07:00",-0.921,3.663,250.9,423.5,1.818,11.54,1.449,38.79
"2025-12-04 23:30:00",2843,12.17,"2025-12-04 23:17:00",-1.004,3.65,250.9,423.6,1.827,11.53,1.448,38.77
"2025-12-04 23:45:00",2844,12.17,"2025-12-04 23:31:00",-1.092,3.637,250.9,423.8,1.819,11.54,1.447,38.75
"2025-12-05 00:00:00",2845,12.17,"2025-12-04 23:53:00",-1.169,3.625,250.8,423.9,1.822,11.53,1.446,38.72
"2025-12-05 00:15:00",2846,12.17,"2025-12-05 00:11:00",-1.231,3.615,250.8,424,1.801,11.53,1.446,38.71
"2025-12-05 00:30:00",2847,12.17,"2025-12-05 00:18:50",-1.293,3.605,250.8,424.1,1.834,11.53,1.446,38.69
"2025-12-05 00:45:00",2848,12.17,"2025-12-05 00:31:00",-1.344,3.595,250.8,424.3,1.812,11.53,1.445,38.67
"2025-12-05 01:00:00",2849,12.16,"2025-12-05 00:47:00",-1.387,3.585,250.8,424.4,1.815,11.53,1.444,38.65
"2025-12-05 01:15:00",2850,12.16,"2025-12-05 01:01:00",-1.419,3.573,250.8,424.5,1.807,11.53,1.443,38.63
"2025-12-05 01:30:00",2851,12.16,"2025-12-05 01:16:50",-1.439,3.561,250.8,424.6,1.806,11.53,1.443,38.61
"2025-12-05 01:45:00",2852,12.16,"2025-12-05 01:30:40",-1.46,3.55,250.7,424.7,1.802,11.52,1.442,38.59
"2025-12-05 02:00:00",2853,12.16,"2025-12-05 01:46:30",-1.46,3.54,250.7,424.9,1.817,11.52,1.441,38.57
"2025-12-05 02:15:00",2854,12.14,"2025-12-05 02:00:50",-1.462,3.53,250.7,425,1.812,11.52,1.44,38.55
"2025-12-05 02:30:00",2855,12.16,"2025-12-05 02:23:00",-1.479,3.521,250.7,425.1,1.808,11.51,1.44,38.54
"2025-12-05 02:45:00",2856,12.16,"2025-12-05 02:30:50",-1.481,3.512,250.7,425.1,1.815,11.51,1.439,38.52
"2025-12-05 03:00:00",2857,12.15,"2025-12-05 02:53:00",-1.5,3.502,250.6,425.2,1.807,11.52,1.438,38.51
"2025-12-05 03:15:00",2858,12.15,"2025-12-05 03:02:10",-1.5,3.493,250.6,425.3,1.801,11.51,1.437,38.49
"2025-12-05 03:30:00",2859,12.15,"2025-12-05 03:19:00",-1.5,3.486,250.6,425.4,1.793,11.51,1.437,38.48
"2025-12-05 03:45:00",2860,12.15,"2025-12-05 03:31:00",-1.5,3.478,250.6,425.5,1.796,11.51,1.436,38.46
"2025-12-05 04:00:00",2861,12.15,"2025-12-05 03:51:00",-1.5,3.471,250.5,425.5,1.795,11.51,1.436,38.45
"2025-12-05 04:15:00",2862,12.15,"2025-12-05 04:15:00",-1.5,3.464,250.5,425.5,1.839,11.51,1.436,38.44
"2025-12-05 04:30:00",2863,12.15,"2025-12-05 04:21:00",-1.5,3.458,250.5,425.6,1.823,11.51,1.434,38.43
"2025-12-05 04:45:00",2864,12.14,"2025-12-05 04:39:00",-1.5,3.452,250.5,425.7,1.824,11.51,1.434,38.42
"2025-12-05 05:00:00",2865,12.14,"2025-12-05 04:47:00",-1.5,3.446,250.5,425.7,1.836,11.5,1.433,38.41
"2025-12-05 05:15:00",2866,12.14,"2025-12-05 05:03:00",-1.5,3.44,250.4,425.8,1.837,11.51,1.432,38.39
"2025-12-05 05:30:00",2867,12.13,"2025-12-05 05:23:00",-1.5,3.436,250.4,425.8,1.893,11.5,1.431,38.39
"2025-12-05 05:45:00",2868,12.13,"2025-12-05 05:35:00",-1.5,3.431,250.4,425.8,1.889,11.5,1.431,38.38
"2025-12-05 06:00:00",2869,12.14,"2025-12-05 05:46:50",-1.5,3.427,250.4,425.9,1.87,11.5,1.43,38.37
"2025-12-05 06:15:00",2870,12.14,"2025-12-05 06:01:00",-1.5,3.422,250.4,425.9,1.868,11.5,1.429,38.36
"2025-12-05 06:30:00",2871,12.13,"2025-12-05 06:23:00",-1.5,3.417,250.4,426,1.865,11.5,1.428,38.35
"2025-12-05 06:45:00",2872,12.14,"2025-12-05 06:30:40",-1.5,3.412,250.4,426,1.861,11.5,1.428,38.35
"2025-12-05 07:00:00",2873,12.13,"2025-12-05 06:53:00",-1.5,3.409,250.3,426.1,1.842,11.5,1.427,38.34
"2025-12-05 07:15:00",2874,12.13,"2025-12-05 07:02:10",-1.5,3.404,250.3,426.1,1.835,11.5,1.426,38.33
"2025-12-05 07:30:00",2875,12.13,"2025-12-05 07:19:00",-1.5,3.399,250.3,426.2,1.825,11.5,1.426,38.32
"2025-12-05 07:45:00",2876,12.13,"2025-12-05 07:31:00",-1.5,3.395,250.3,426.2,1.842,11.49,1.425,38.31
"2025-12-05 08:00:00",2877,12.13,"2025-12-05 07:46:40",-1.5,3.389,224.5,382.2,1.866,11.49,1.425,38.3
"2025-12-05 08:15:00",2878,12.13,"2025-12-05 08:03:00",-1.506,3.384,244.1,415.7,1.833,11.5,1.425,38.29
"2025-12-05 08:30:00",2879,12.14,"2025-12-05 08:17:00",-1.515,3.379,250.2,426.3,1.818,11.51,1.424,38.29
"2025-12-05 08:45:00",2880,12.15,"2025-12-05 08:31:00",-1.494,3.379,250.2,426.2,1.787,11.52,1.423,38.29
"2025-12-05 09:00:00",2881,12.16,"2025-12-05 08:47:00",-1.441,3.382,250.2,426.1,1.796,11.54,1.422,38.29
"2025-12-05 09:15:00",2882,12.2,"2025-12-05 09:00:50",-1.354,3.389,250.2,426,1.785,11.58,1.422,38.31
"2025-12-05 09:30:00",2883,12.27,"2025-12-05 09:16:40",-1.23,3.403,250.1,425.8,1.79,11.64,1.423,38.33
"2025-12-05 09:45:00",2884,12.33,"2025-12-05 09:30:30",-1.05,3.42,250.1,425.5,1.825,11.7,1.422,38.36
"2025-12-05 10:00:00",2885,12.39,"2025-12-05 09:46:20",-0.839,3.443,250.1,425.2,1.801,11.77,1.421,38.41
"2025-12-05 10:15:00",2886,12.49,"2025-12-05 10:01:00",-0.606,3.47,250.1,424.8,1.785,11.87,1.42,38.46
"2025-12-05 10:30:00",2887,12.57,"2025-12-05 10:17:00",-0.367,3.497,250.1,424.4,1.779,11.95,1.42,38.51
"2025-12-05 10:45:00",2888,12.57,"2025-12-05 10:33:00",-0.149,3.524,250.1,424.1,1.76,11.94,1.419,38.55
"2025-12-05 11:00:00",2889,12.6,"2025-12-05 10:46:30",0.005,3.549,250.2,423.8,1.751,12.02,1.419,38.6
"2025-12-05 11:15:00",2890,12.71,"2025-12-05 11:02:50",0.142,3.578,250.2,423.5,1.736,12.12,1.417,38.65
"2025-12-05 11:30:00",2891,12.75,"2025-12-05 11:17:00",0.298,3.611,250.3,423.1,1.731,12.16,1.417,38.72
"2025-12-05 11:45:00",2892,12.74,"2025-12-05 11:44:50",0.442,3.657,250.4,422.7,1.682,12.19,1.417,38.8
"2025-12-05 12:00:00",2893,12.67,"2025-12-05 11:53:00",0.519,3.696,250.5,422.3,1.691,12.12,1.416,38.87
"2025-12-05 12:15:00",2894,12.76,"2025-12-05 12:00:50",0.613,3.757,250.7,421.9,1.662,12.15,1.416,38.98
"2025-12-05 12:30:00",2895,12.8,"2025-12-05 12:17:00",0.838,3.83,251,421.4,1.665,12.18,1.415,39.12
"2025-12-05 12:45:00",2896,12.77,"2025-12-05 12:44:50",1.03,3.919,251.4,420.9,1.653,12.18,1.414,39.28
"2025-12-05 13:00:00",2897,12.71,"2025-12-05 12:54:40",1.001,3.989,251.8,420.6,1.665,12.13,1.414,39.39
"2025-12-05 13:15:00",2898,12.77,"2025-12-05 13:12:40",0.995,4.034,252,420.2,1.687,12.15,1.414,39.48
"2025-12-05 13:30:00",2899,12.8,"2025-12-05 13:16:40",1.262,4.102,252.3,419.9,1.69,12.19,1.413,39.6
"2025-12-05 13:45:00",2900,12.8,"2025-12-05 13:39:00",1.625,4.183,252.7,419.5,1.657,12.18,1.412,39.75
"2025-12-05 14:00:00",2901,12.78,"2025-12-05 13:48:50",1.694,4.249,253,419.1,1.626,12.17,1.411,39.86
"2025-12-05 14:15:00",2902,12.76,"2025-12-05 14:11:00",1.836,4.295,253.2,418.9,1.634,12.15,1.411,39.94
"2025-12-05 14:30:00",2903,12.8,"2025-12-05 14:16:30",1.879,4.298,253.1,418.7,1.618,12.18,1.411,39.94
"2025-12-05 14:45:00",2904,12.8,"2025-12-05 14:34:50",2.155,4.292,253,418.6,1.628,12.18,1.409,39.92
"2025-12-05 15:00:00",2905,12.82,"2025-12-05 14:50:50",2.397,4.254,252.8,418.6,1.629,12.2,1.41,39.85
"2025-12-05 15:15:00",2906,12.82,"2025-12-05 15:06:50",2.609,4.195,252.3,418.7,1.636,12.21,1.41,39.74
"2025-12-05 15:30:00",2907,12.8,"2025-12-05 15:28:50",2.671,4.134,251.9,418.8,1.621,12.22,1.41,39.64
"2025-12-05 15:45:00",2908,12.71,"2025-12-05 15:44:50",2.629,4.084,251.6,419,1.624,12.16,1.409,39.55
"2025-12-05 16:00:00",2909,12.66,"2025-12-05 15:59:00",2.301,4.041,251.3,419.1,1.621,12.12,1.408,39.47
"2025-12-05 16:15:00",2910,12.62,"2025-12-05 16:15:00",1.937,3.997,251.1,419.4,1.632,12.07,1.407,39.39
"2025-12-05 16:30:00",2911,12.59,"2025-12-05 16:27:00",1.615,3.957,251,419.6,1.619,11.98,1.407,39.32
"2025-12-05 16:45:00",2912,12.56,"2025-12-05 16:45:00",1.343,3.924,250.9,419.9,1.617,11.94,1.406,39.26
"2025-12-05 17:00:00",2913,12.54,"2025-12-05 16:56:50",1.127,3.904,250.9,420.1,1.623,11.92,1.406,39.23
"2025-12-05 17:15:00",2914,12.51,"2025-12-05 17:12:50",0.928,3.895,250.9,420.4,1.617,11.89,1.405,39.21
"2025-12-05 17:30:00",2915,12.48,"2025-12-05 17:28:50",0.721,3.89,251,420.5,1.595,11.86,1.405,39.2
"2025-12-05 17:45:00",2916,12.46,"2025-12-05 17:36:50",0.517,3.889,251.1,420.7,1.596,11.84,1.404,39.2
"2025-12-05 18:00:00",2917,12.45,"2025-12-05 17:59:00",0.322,3.888,251.2,420.9,1.6,11.82,1.404,39.2
"2025-12-05 18:15:00",2918,12.44,"2025-12-05 18:14:40",0.11,3.887,251.2,421,1.606,11.81,1.404,39.2
"2025-12-05 18:30:00",2919,12.42,"2025-12-05 18:23:00",-0.088,3.885,251.3,421.2,1.605,11.79,1.403,39.19
"2025-12-05 18:45:00",2920,12.42,"2025-12-05 18:37:00",-0.27,3.882,251.4,421.4,1.619,11.79,1.402,39.19
"2025-12-05 19:00:00",2921,12.41,"2025-12-05 18:53:00",-0.439,3.878,251.5,421.5,1.623,11.77,1.401,39.18
"2025-12-05 19:15:00",2922,12.4,"2025-12-05 19:13:00",-0.595,3.869,251.5,421.7,1.638,11.77,1.401,39.16
"2025-12-05 19:30:00",2923,12.39,"2025-12-05 19:18:50",-0.743,3.861,251.5,421.9,1.695,11.75,1.401,39.15
"2025-12-05 19:45:00",2924,12.38,"2025-12-05 19:37:00",-0.881,3.851,251.5,422,1.736,11.75,1.4,39.13
"2025-12-05 20:00:00",2925,12.37,"2025-12-05 19:58:50",-1.015,3.842,251.6,422.2,1.747,11.74,1.4,39.12
"2025-12-05 20:15:00",2926,12.37,"2025-12-05 20:03:00",-1.158,3.834,251.6,422.3,1.721,11.73,1.4,39.1
"2025-12-05 20:30:00",2927,12.35,"2025-12-05 20:21:00",-1.285,3.826,251.6,422.5,1.653,11.72,1.399,39.09
"2025-12-05 20:45:00",2928,12.35,"2025-12-05 20:39:00",-1.41,3.815,251.6,422.6,1.669,11.71,1.399,39.07
"2025-12-05 21:00:00",2929,12.34,"2025-12-05 20:57:00",-1.534,3.806,251.6,422.8,1.686,11.7,1.398,39.05
"2025-12-05 21:15:00",2930,12.33,"2025-12-05 21:09:00",-1.66,3.793,251.6,423,1.705,11.7,1.398,39.03
"2025-12-05 21:30:00",2931,12.32,"2025-12-05 21:29:00",-1.795,3.78,251.6,423.1,1.725,11.69,1.398,39
"2025-12-05 21:45:00",2932,12.32,"2025-12-05 21:39:00",-1.928,3.763,251.6,423.3,1.673,11.68,1.398,38.97
"2025-12-05 22:00:00",2933,12.31,"2025-12-05 21:46:50",-2.06,3.746,251.6,423.5,1.657,11.67,1.397,38.94
"2025-12-05 22:15:00",2934,12.29,"2025-12-05 22:11:00",-2.19,3.727,251.5,423.7,1.647,11.66,1.398,38.91
"2025-12-05 22:30:00",2935,12.3,"2025-12-05 22:19:00",-2.325,3.705,251.5,423.8,1.707,11.65,1.397,38.87
"2025-12-05 22:45:00",2936,12.28,"2025-12-05 22:41:00",-2.479,3.682,251.4,424,1.706,11.65,1.396,38.82
"2025-12-05 23:00:00",2937,12.27,"2025-12-05 22:59:00",-2.62,3.656,251.3,424.3,1.669,11.64,1.396,38.78
"2025-12-05 23:15:00",2938,12.27,"2025-12-05 23:12:50",-2.757,3.627,251.2,424.4,1.677,11.63,1.396,38.72
"2025-12-05 23:30:00",2939,12.26,"2025-12-05 23:19:00",-2.874,3.596,251,424.7,1.67,11.62,1.395,38.67
"2025-12-05 23:45:00",2940,12.25,"2025-12-05 23:40:50",-2.972,3.564,250.9,424.9,1.659,11.62,1.395,38.61
"2025-12-06 00:00:00",2941,12.24,"2025-12-05 23:53:00",-3.069,3.533,250.8,425.1,1.683,11.61,1.395,38.56
"2025-12-06 00:15:00",2942,12.24,"2025-12-06 00:06:50",-3.174,3.5,250.7,425.3,1.739,11.6,1.395,38.5
"2025-12-06 00:30:00",2943,12.23,"2025-12-06 00:21:00",-3.283,3.47,250.5,425.5,1.705,11.59,1.394,38.44
"2025-12-06 00:45:00",2944,12.22,"2025-12-06 00:42:50",-3.353,3.438,250.4,425.7,1.788,11.58,1.394,38.39
"2025-12-06 01:00:00",2945,12.21,"2025-12-06 00:53:00",-3.36,3.409,250.3,425.9,1.719,11.58,1.394,38.34
"2025-12-06 01:15:00",2946,12.21,"2025-12-06 01:10:50",-3.322,3.381,250.1,426.1,1.662,11.57,1.392,38.29
"2025-12-06 01:30:00",2947,12.2,"2025-12-06 01:27:00",-3.259,3.355,250,426.2,1.697,11.56,1.393,38.24
"2025-12-06 01:45:00",2948,12.19,"2025-12-06 01:44:40",-3.18,3.331,249.9,426.3,1.664,11.55,1.394,38.2
"2025-12-06 02:00:00",2949,12.19,"2025-12-06 01:55:00",-3.15,3.308,249.8,426.5,1.653,11.55,1.393,38.16
"2025-12-06 02:15:00",2950,12.18,"2025-12-06 02:14:40",-3.148,3.288,249.7,426.7,1.627,11.54,1.392,38.12
"2025-12-06 02:30:00",2951,12.17,"2025-12-06 02:29:00",-3.118,3.269,249.6,426.7,1.633,11.54,1.392,38.09
"2025-12-06 02:45:00",2952,12.17,"2025-12-06 02:42:40",-3.061,3.251,249.5,426.9,1.636,11.53,1.391,38.06
"2025-12-06 03:00:00",2953,12.16,"2025-12-06 02:59:00",-2.953,3.241,249.5,426.9,1.625,11.52,1.392,38.04
"2025-12-06 03:15:00",2954,12.16,"2025-12-06 03:13:00",-2.748,3.232,249.5,427,1.612,11.52,1.392,38.02
"2025-12-06 03:30:00",2955,12.16,"2025-12-06 03:29:00",-2.49,3.223,249.4,427,1.631,11.51,1.392,38.01
"2025-12-06 03:45:00",2956,12.15,"2025-12-06 03:41:00",-2.218,3.213,249.4,427.1,1.629,11.51,1.391,37.99
"2025-12-06 04:00:00",2957,12.15,"2025-12-06 03:53:00",-1.994,3.207,249.3,427.1,1.627,11.51,1.391,37.98
"2025-12-06 04:15:00",2958,12.15,"2025-12-06 04:09:00",-1.782,3.2,249.3,427.2,1.618,11.51,1.391,37.96
"2025-12-06 04:30:00",2959,12.15,"2025-12-06 04:18:40",-1.616,3.19,249.3,427.2,1.629,11.5,1.391,37.95
"2025-12-06 04:45:00",2960,12.14,"2025-12-06 04:31:00",-1.519,3.183,249.2,427.2,1.641,11.5,1.39,37.94
"2025-12-06 05:00:00",2961,12.14,"2025-12-06 04:46:50",-1.481,3.177,249.2,427.2,1.642,11.5,1.391,37.92
"2025-12-06 05:15:00",2962,12.13,"2025-12-06 05:14:40",-1.476,3.169,249.1,427.3,1.665,11.5,1.391,37.91
"2025-12-06 05:30:00",2963,12.14,"2025-12-06 05:16:30",-1.506,3.162,249.1,427.3,1.668,11.5,1.39,37.9
"2025-12-06 05:45:00",2964,12.13,"2025-12-06 05:31:00",-1.539,3.155,249,427.3,1.649,11.5,1.39,37.89
"2025-12-06 06:00:00",2965,12.13,"2025-12-06 05:49:00",-1.514,3.151,249,427.3,1.648,11.5,1.39,37.88
"2025-12-06 06:15:00",2966,12.13,"2025-12-06 06:00:50",-1.488,3.145,249,427.3,1.649,11.49,1.389,37.87
"2025-12-06 06:30:00",2967,12.13,"2025-12-06 06:21:00",-1.476,3.139,248.9,427.4,1.651,11.49,1.391,37.86
"2025-12-06 06:45:00",2968,12.13,"2025-12-06 06:31:00",-1.458,3.133,248.9,427.4,1.675,11.49,1.391,37.85
"2025-12-06 07:00:00",2969,12.13,"2025-12-06 06:46:40",-1.426,3.131,248.9,427.4,1.66,11.49,1.391,37.84
"2025-12-06 07:15:00",2970,12.13,"2025-12-06 07:00:40",-1.376,3.131,248.9,427.4,1.669,11.49,1.39,37.84
"2025-12-06 07:30:00",2971,12.12,"2025-12-06 07:16:50",-1.314,3.135,248.9,427.4,1.671,11.49,1.39,37.85
"2025-12-06 07:45:00",2972,12.12,"2025-12-06 07:37:00",-1.251,3.138,248.9,427.4,1.653,11.49,1.39,37.85
"2025-12-06 08:00:00",2973,12.12,"2025-12-06 07:46:40",-1.18,3.142,248.9,427.3,1.646,11.49,1.39,37.86
"2025-12-06 08:15:00",2974,12.13,"2025-12-06 08:00:50",-1.077,3.148,248.9,427.3,1.658,11.49,1.39,37.87
"2025-12-06 08:30:00",2975,12.14,"2025-12-06 08:29:00",-0.968,3.154,249,427.4,1.625,11.51,1.389,37.89
"2025-12-06 08:45:00",2976,12.14,"2025-12-06 08:30:50",-0.859,3.161,249,427.3,1.626,11.52,1.39,37.9
"2025-12-06 09:00:00",2977,12.2,"2025-12-06 08:46:40",-0.74,3.173,249,427,1.615,11.57,1.389,37.92
"2025-12-06 09:15:00",2978,12.24,"2025-12-06 09:05:00",-0.589,3.19,248.9,426.7,1.611,11.62,1.39,37.95
"2025-12-06 09:30:00",2979,12.28,"2025-12-06 09:18:50",-0.426,3.208,249.1,426.6,1.593,11.66,1.39,37.99
"2025-12-06 09:45:00",2980,12.3,"2025-12-06 09:34:50",-0.267,3.23,249.1,426.4,1.587,11.68,1.39,38.03
"2025-12-06 10:00:00",2981,12.43,"2025-12-06 09:46:10",-0.112,3.257,249.1,426.1,1.599,11.81,1.39,38.08
"2025-12-06 10:15:00",2982,12.57,"2025-12-06 10:00:20",0.071,3.295,249.2,425.7,1.591,11.97,1.389,38.15
"2025-12-06 10:30:00",2983,12.62,"2025-12-06 10:15:10",0.268,3.336,249.3,425.2,1.585,12.01,1.389,38.22
"2025-12-06 10:45:00",2984,12.68,"2025-12-06 10:32:40",0.421,3.375,249.3,424.8,1.579,12.11,1.389,38.29
"2025-12-06 11:00:00",2985,12.68,"2025-12-06 10:47:00",0.572,3.416,249.4,424.4,1.563,12.13,1.389,38.37
"2025-12-06 11:15:00",2986,12.8,"2025-12-06 11:12:50",0.73,3.464,249.5,423.9,1.562,12.18,1.389,38.45
"2025-12-06 11:30:00",2987,12.79,"2025-12-06 11:26:40",0.902,3.517,249.7,423.4,1.551,12.18,1.389,38.55
"2025-12-06 11:45:00",2988,12.76,"2025-12-06 11:44:40",1.06,3.57,249.8,422.9,1.549,12.17,1.388,38.64
"2025-12-06 12:00:00",2989,12.76,"2025-12-06 11:46:50",1.162,3.61,249.9,422.5,1.591,12.16,1.389,38.71
"2025-12-06 12:15:00",2990,12.87,"2025-12-06 12:00:40",1.268,3.68,250.2,422,1.673,12.29,1.389,38.86
"2025-12-06 12:30:00",2991,12.86,"2025-12-06 12:29:00",1.698,3.863,251.2,421.2,1.545,12.28,1.391,39.19
"2025-12-06 12:45:00",2992,12.86,"2025-12-06 12:30:40",1.873,3.984,251.8,420.6,1.767,12.28,1.389,39.39
"2025-12-06 13:00:00",2993,12.94,"2025-12-06 12:58:50",1.998,4.029,251.9,420.2,1.529,12.36,1.39,39.46
"2025-12-06 13:15:00",2994,12.93,"2025-12-06 13:03:00",2.109,4.062,252,419.9,1.527,12.31,1.391,39.52
"2025-12-06 13:30:00",2995,12.92,"2025-12-06 13:21:00",2.18,4.108,252.1,419.5,1.529,12.31,1.392,39.61
"2025-12-06 13:45:00",2996,12.94,"2025-12-06 13:30:30",2.273,4.154,252.2,419.1,1.513,12.34,1.39,39.69
"2025-12-06 14:00:00",2997,12.87,"2025-12-06 13:58:50",2.533,4.237,252.6,418.6,1.516,12.32,1.391,39.84
"2025-12-06 14:15:00",2998,12.86,"2025-12-06 14:04:30",2.746,4.269,252.7,418.3,1.499,12.26,1.391,39.89
"2025-12-06 14:30:00",2999,12.84,"2025-12-06 14:26:50",3.004,4.285,252.7,418.2,1.525,12.31,1.392,39.92
"2025-12-06 14:45:00",3000,12.77,"2025-12-06 14:45:00",3.034,4.247,252.4,418.1,1.519,12.19,1.393,39.83
"2025-12-06 15:00:00",3001,12.76,"2025-12-06 14:59:00",2.906,4.194,252,418.2,1.532,12.14,1.391,39.75
"2025-12-06 15:15:00",3002,12.74,"2025-12-06 15:02:00",2.796,4.186,252,418.3,1.518,12.15,1.393,39.74
"2025-12-06 15:30:00",3003,12.73,"2025-12-06 15:27:00",2.698,4.201,252,418.1,1.513,12.15,1.392,39.77
"2025-12-06 15:45:00",3004,12.76,"2025-12-06 15:30:50",2.598,4.212,252,418,1.521,12.16,1.392,39.79
"2025-12-06 16:00:00",3005,12.73,"2025-12-06 15:58:50",2.579,4.229,252.1,417.8,2.413,12.15,1.392,39.82
"2025-12-06 16:15:00",3006,12.69,"2025-12-06 16:11:00",2.595,4.239,252.2,417.8,1.487,12.12,1.393,39.83
"2025-12-06 16:30:00",3007,12.66,"2025-12-06 16:23:00",2.598,4.251,252.2,417.8,1.499,12.12,1.392,39.86
"2025-12-06 16:45:00",3008,12.68,"2025-12-06 16:44:50",2.52,4.263,252.3,417.7,1.524,12.12,1.393,39.88
"2025-12-06 17:00:00",3009,12.6,"2025-12-06 16:59:00",2.422,4.272,252.4,417.8,1.509,12.07,1.393,39.89
"2025-12-06 17:15:00",3010,12.57,"2025-12-06 17:08:30",2.247,"NAN","NAN","NAN","NAN","NAN",1.392,39.87
"2025-12-06 17:30:00",3011,12.54,"2025-12-06 17:29:00",2.002,"NAN","NAN","NAN","NAN","NAN",1.393,39.84
"2025-12-06 17:45:00",3012,12.53,"2025-12-06 17:39:00",1.749,"NAN","NAN","NAN","NAN","NAN",1.393,39.8
"2025-12-06 18:00:00",3013,12.5,"2025-12-06 17:53:00",1.481,"NAN","NAN","NAN","NAN","NAN",1.393,39.76
"2025-12-06 18:15:00",3014,12.5,"2025-12-06 18:13:00",1.192,4.175,252.6,419.5,1.507,11.87,1.393,39.71
"2025-12-06 18:30:00",3015,12.49,"2025-12-06 18:17:00",0.948,4.152,252.7,419.9,1.561,11.86,1.392,39.67
"2025-12-06 18:45:00",3016,12.48,"2025-12-06 18:44:50",0.724,4.129,252.7,420.2,1.551,11.84,1.393,39.63
"2025-12-06 19:00:00",3017,12.47,"2025-12-06 18:52:50",0.539,4.11,252.7,420.5,1.548,11.84,1.394,39.6
"2025-12-06 19:15:00",3018,12.46,"2025-12-06 19:09:00",0.397,4.097,252.7,420.7,1.543,11.83,1.394,39.57
"2025-12-06 19:30:00",3019,12.46,"2025-12-06 19:28:50",0.299,4.087,252.8,421,1.538,11.82,1.394,39.55
"2025-12-06 19:45:00",3020,12.45,"2025-12-06 19:38:40",0.193,4.074,252.9,421.2,1.533,11.81,1.393,39.53
"2025-12-06 20:00:00",3021,12.44,"2025-12-06 19:53:00",0.045,4.058,252.9,421.5,1.527,11.8,1.394,39.5
"2025-12-06 20:15:00",3022,12.44,"2025-12-06 20:05:00",-0.134,4.038,252.9,421.7,1.54,11.8,1.395,39.47
"2025-12-06 20:30:00",3023,12.43,"2025-12-06 20:26:40",-0.309,4.018,252.9,422,1.553,11.8,1.394,39.43
"2025-12-06 20:45:00",3024,12.43,"2025-12-06 20:31:00",-0.385,4.002,252.9,422.3,1.565,11.78,1.394,39.4
"2025-12-06 21:00:00",3025,12.42,"2025-12-06 20:57:00",-0.411,3.989,253,422.5,1.545,11.78,1.394,39.38
"2025-12-06 21:15:00",3026,12.41,"2025-12-06 21:15:00",-0.469,3.975,253,422.8,1.568,11.77,1.394,39.35
"2025-12-06 21:30:00",3027,12.41,"2025-12-06 21:23:00",-0.567,3.961,253.1,423.1,1.541,11.77,1.395,39.33
"2025-12-06 21:45:00",3028,12.41,"2025-12-06 21:30:50",-0.689,3.942,253.1,423.3,1.555,11.76,1.394,39.29
"2025-12-06 22:00:00",3029,12.4,"2025-12-06 21:46:50",-0.844,3.921,253,423.6,1.551,11.76,1.395,39.26
"2025-12-06 22:15:00",3030,12.39,"2025-12-06 22:02:50",-0.962,3.902,253,423.8,1.545,11.75,1.395,39.22
"2025-12-06 22:30:00",3031,12.39,"2025-12-06 22:22:50",-0.907,3.893,253.1,424.1,1.546,11.75,1.395,39.21
"2025-12-06 22:45:00",3032,12.38,"2025-12-06 22:30:50",-0.783,3.885,253.2,424.3,1.565,11.74,1.395,39.19
"2025-12-06 23:00:00",3033,12.38,"2025-12-06 22:53:00",-0.71,3.876,253.3,424.6,1.567,11.74,1.395,39.18
"2025-12-06 23:15:00",3034,12.37,"2025-12-06 23:02:10",-0.647,3.868,253.4,424.8,1.562,11.74,1.396,39.16
"2025-12-06 23:30:00",3035,12.37,"2025-12-06 23:27:00",-0.582,3.858,253.4,425.1,1.565,11.73,1.396,39.14
"2025-12-06 23:45:00",3036,12.37,"2025-12-06 23:32:50",-0.534,3.846,253.5,425.4,1.584,11.73,1.397,39.12
"2025-12-07 00:00:00",3037,12.36,"2025-12-06 23:47:00",-0.483,3.835,253.6,425.6,1.612,11.72,1.396,39.1
"2025-12-07 00:15:00",3038,12.36,"2025-12-07 00:13:00",-0.409,3.826,250.8,421.1,1.593,11.72,1.396,39.09
"2025-12-07 00:30:00",3039,12.35,"2025-12-07 00:21:00",-0.314,3.816,253.7,426.1,1.597,11.72,1.397,39.07
"2025-12-07 00:45:00",3040,12.34,"2025-12-07 00:45:00",-0.231,3.808,253.9,426.5,1.587,11.71,1.397,39.05
"2025-12-07 01:00:00",3041,12.34,"2025-12-07 00:47:00",-0.135,3.8,254,426.8,1.573,11.71,1.397,39.04
"2025-12-07 01:15:00",3042,12.34,"2025-12-07 01:03:00",-0.068,3.792,254.1,427,1.581,11.7,1.397,39.03
"2025-12-07 01:30:00",3043,12.33,"2025-12-07 01:27:00",-0.025,3.786,254.1,427.3,1.574,11.7,1.396,39.02
"2025-12-07 01:45:00",3044,12.33,"2025-12-07 01:43:00",0.037,3.78,254.2,427.5,1.575,11.69,1.397,39.01
"2025-12-07 02:00:00",3045,12.33,"2025-12-07 01:46:40",0.098,3.776,254.3,427.7,1.573,11.69,1.397,39
"2025-12-07 02:15:00",3046,12.32,"2025-12-07 02:02:10",0.176,3.774,254.4,427.9,1.571,11.68,1.397,39
"2025-12-07 02:30:00",3047,12.32,"2025-12-07 02:20:40",0.255,3.773,254.5,428,1.579,11.68,1.397,38.99
"2025-12-07 02:45:00",3048,12.31,"2025-12-07 02:45:00",0.331,3.775,254.6,428.2,1.613,11.67,1.398,39
"2025-12-07 03:00:00",3049,12.31,"2025-12-07 02:58:50",0.406,3.778,254.7,428.4,1.586,11.67,1.397,39
"2025-12-07 03:15:00",3050,12.31,"2025-12-07 03:00:50",0.489,3.782,254.8,428.5,1.573,11.67,1.398,39.01
"2025-12-07 03:30:00",3051,12.3,"2025-12-07 03:20:50",0.558,3.786,254.9,428.6,1.574,11.66,1.398,39.02
"2025-12-07 03:45:00",3052,12.3,"2025-12-07 03:30:50",0.619,3.791,255.1,428.7,1.573,11.66,1.398,39.03
"2025-12-07 04:00:00",3053,12.29,"2025-12-07 03:55:00",0.688,3.797,255.1,428.8,1.561,11.65,1.399,39.04
"2025-12-07 04:15:00",3054,12.28,"2025-12-07 04:02:10",0.749,3.804,255.3,428.9,1.542,11.65,1.4,39.05
"2025-12-07 04:30:00",3055,12.28,"2025-12-07 04:17:00",0.808,3.811,255.4,429,1.547,11.64,1.399,39.06
"2025-12-07 04:45:00",3056,12.27,"2025-12-07 04:41:00",0.859,3.818,255.5,429.1,1.547,11.64,1.399,39.08
"2025-12-07 05:00:00",3057,12.27,"2025-12-07 04:57:00",0.893,3.825,255.6,429.1,1.579,11.64,1.4,39.09
"2025-12-07 05:15:00",3058,12.26,"2025-12-07 05:13:00",0.925,3.832,255.7,429.2,1.623,11.63,1.399,39.1
"2025-12-07 05:30:00",3059,12.26,"2025-12-07 05:21:00",0.942,3.839,255.8,429.3,1.595,11.63,1.401,39.11
"2025-12-07 05:45:00",3060,12.26,"2025-12-07 05:34:20",0.955,3.846,255.9,429.3,1.591,11.62,1.401,39.12
"2025-12-07 06:00:00",3061,12.25,"2025-12-07 05:53:00",0.946,3.851,255.9,429.4,1.585,11.62,1.401,39.13
"2025-12-07 06:15:00",3062,12.25,"2025-12-07 06:01:00",0.946,3.857,256,429.4,1.605,11.61,1.401,39.14
"2025-12-07 06:30:00",3063,12.25,"2025-12-07 06:21:00",0.943,3.862,256.1,429.5,1.599,11.61,1.402,39.15
"2025-12-07 06:45:00",3064,12.24,"2025-12-07 06:32:50",0.928,3.868,256.2,429.6,1.629,11.6,1.402,39.16
"2025-12-07 07:00:00",3065,12.23,"2025-12-07 06:51:00",0.926,3.873,256.3,429.6,1.609,11.6,1.403,39.17
"2025-12-07 07:15:00",3066,12.23,"2025-12-07 07:05:00",0.921,3.876,256.3,429.7,1.603,11.59,1.403,39.18
"2025-12-07 07:30:00",3067,12.22,"2025-12-07 07:23:00",0.904,3.882,256.4,429.8,1.594,11.59,1.403,39.19
"2025-12-07 07:45:00",3068,12.22,"2025-12-07 07:39:00",0.889,3.886,256.5,429.8,1.587,11.58,1.404,39.2
"2025-12-07 08:00:00",3069,12.21,"2025-12-07 07:53:00",0.883,3.889,256.5,429.8,1.609,11.58,1.404,39.2
"2025-12-07 08:15:00",3070,12.22,"2025-12-07 08:00:50",0.883,3.893,256.6,429.9,1.613,11.58,1.405,39.21
"2025-12-07 08:30:00",3071,12.22,"2025-12-07 08:17:00",0.883,3.897,256.6,429.9,1.597,11.59,1.405,39.22
"2025-12-07 08:45:00",3072,12.23,"2025-12-07 08:30:50",0.887,3.902,256.6,429.8,1.619,11.6,1.405,39.23
"2025-12-07 09:00:00",3073,12.27,"2025-12-07 08:47:00",0.939,3.912,256.7,429.7,1.603,11.64,1.405,39.24
"2025-12-07 09:15:00",3074,12.28,"2025-12-07 09:00:30",1.033,3.925,256.7,429.6,1.603,11.66,1.405,39.27
"2025-12-07 09:30:00",3075,12.37,"2025-12-07 09:16:40",1.2,3.945,256.7,429.3,1.624,11.75,1.406,39.31
"2025-12-07 09:45:00",3076,12.43,"2025-12-07 09:30:20",1.46,3.971,256.7,429,1.632,11.8,1.406,39.35
"2025-12-07 10:00:00",3077,12.44,"2025-12-07 09:56:50",1.651,3.99,256.7,428.7,1.611,11.82,1.406,39.39
"2025-12-07 10:15:00",3078,12.44,"2025-12-07 10:08:50",1.79,4.012,256.6,428.3,1.61,11.81,1.406,39.43
"2025-12-07 10:30:00",3079,12.48,"2025-12-07 10:16:30",1.956,4.033,256.6,428,1.625,11.86,1.407,39.47
"2025-12-07 10:45:00",3080,12.6,"2025-12-07 10:30:10",2.393,4.074,256.7,427.6,1.625,12.07,1.407,39.55
"2025-12-07 11:00:00",3081,12.69,"2025-12-07 10:53:00",3.163,4.149,256.9,427,1.652,12.12,1.406,39.69
"2025-12-07 11:15:00",3082,12.69,"2025-12-07 11:02:30",3.748,4.228,257.2,426.4,1.63,12.12,1.407,39.82
"2025-12-07 11:30:00",3083,12.67,"2025-12-07 11:28:50",4.136,4.287,257.4,425.9,1.547,12.12,1.407,39.93
"2025-12-07 11:45:00",3084,12.69,"2025-12-07 11:30:10",4.472,4.328,257.5,425.6,1.596,12.13,1.407,40
"2025-12-07 12:00:00",3085,12.75,"2025-12-07 11:59:00",4.838,4.383,257.7,425.1,1.472,12.17,1.406,40.1
"2025-12-07 12:15:00",3086,12.75,"2025-12-07 12:00:40",5.156,4.438,257.9,424.6,1.486,12.15,1.406,40.2
"2025-12-07 12:30:00",3087,12.85,"2025-12-07 12:16:10",5.641,"NAN","NAN","NAN","NAN","NAN",1.407,40.32
"2025-12-07 12:45:00",3088,12.76,"2025-12-07 12:45:00",6.201,4.567,258.2,423.5,1.467,12.2,1.407,40.43
"2025-12-07 13:00:00",3089,12.71,"2025-12-07 12:56:50",6.477,4.597,258.2,423.1,1.443,12.12,1.407,40.47
"2025-12-07 13:15:00",3090,12.69,"2025-12-07 13:14:50",6.552,4.611,258.2,422.9,1.463,12.12,1.406,40.5
"2025-12-07 13:30:00",3091,12.69,"2025-12-07 13:17:00",6.627,4.619,258.2,422.8,1.454,12.12,1.407,40.51
"2025-12-07 13:45:00",3092,12.67,"2025-12-07 13:45:00",6.732,4.633,258.2,422.7,1.454,12.12,1.406,40.54
"2025-12-07 14:00:00",3093,12.63,"2025-12-07 13:59:00",6.773,4.645,258.3,422.6,1.459,12.1,1.406,40.56
"2025-12-07 14:15:00",3094,12.61,"2025-12-07 14:06:40",6.807,4.656,258.4,422.5,1.461,12.01,1.406,40.58
"2025-12-07 14:30:00",3095,12.62,"2025-12-07 14:16:40",6.838,4.666,258.4,422.6,1.451,12.02,1.406,40.6
"2025-12-07 14:45:00",3096,12.62,"2025-12-07 14:31:00",6.862,4.676,258.5,422.6,1.447,12.05,1.406,40.61
"2025-12-07 15:00:00",3097,12.63,"2025-12-07 14:56:50",6.907,4.688,258.6,422.5,1.455,12.09,1.407,40.64
"2025-12-07 15:15:00",3098,12.59,"2025-12-07 15:15:00",6.918,4.701,258.6,422.4,1.461,12,1.406,40.66
"2025-12-07 15:30:00",3099,12.56,"2025-12-07 15:28:50",6.886,4.715,258.7,422.3,1.459,11.95,1.406,40.68
"2025-12-07 15:45:00",3100,12.54,"2025-12-07 15:44:30",6.825,4.726,258.8,422.4,1.462,11.93,1.406,40.7
"2025-12-07 16:00:00",3101,12.52,"2025-12-07 15:58:50",6.753,4.734,258.9,422.5,1.481,11.9,1.406,40.72
"2025-12-07 16:15:00",3102,12.5,"2025-12-07 16:12:40",6.686,4.74,259.1,422.6,1.461,11.89,1.406,40.73
"2025-12-07 16:30:00",3103,12.47,"2025-12-07 16:23:00",6.616,4.746,259.3,422.8,1.467,11.86,1.406,40.74
"2025-12-07 16:45:00",3104,12.46,"2025-12-07 16:45:00",6.526,4.751,259.4,423.1,1.469,11.84,1.406,40.75
"2025-12-07 17:00:00",3105,12.44,"2025-12-07 16:58:50",6.409,4.754,259.6,423.3,1.459,11.82,1.406,40.75
"2025-12-07 17:15:00",3106,12.43,"2025-12-07 17:14:50",6.22,4.757,259.8,423.6,1.461,11.81,1.406,40.76
"2025-12-07 17:30:00",3107,12.43,"2025-12-07 17:27:00",6.009,4.758,260,423.9,1.463,11.8,1.404,40.76
"2025-12-07 17:45:00",3108,12.41,"2025-12-07 17:38:50",5.815,4.761,260.2,424.1,1.45,11.79,1.404,40.76
"2025-12-07 18:00:00",3109,12.4,"2025-12-07 17:54:50",5.64,4.764,260.3,424.3,1.43,11.78,1.405,40.77
"2025-12-07 18:15:00",3110,12.39,"2025-12-07 18:10:50",5.466,4.766,260.5,424.6,1.467,11.77,1.405,40.77
"2025-12-07 18:30:00",3111,12.39,"2025-12-07 18:18:50",5.341,4.769,260.7,424.8,1.483,11.76,1.405,40.78
"2025-12-07 18:45:00",3112,12.38,"2025-12-07 18:36:50",5.221,4.772,260.8,425,1.466,11.75,1.405,40.78
"2025-12-07 19:00:00",3113,12.37,"2025-12-07 18:57:00",5.12,4.774,261,425.2,1.461,11.74,1.405,40.79
"2025-12-07 19:15:00",3114,12.36,"2025-12-07 19:11:00",5.031,4.775,261.1,425.5,1.643,11.73,1.405,40.79
"2025-12-07 19:30:00",3115,12.36,"2025-12-07 19:20:50",4.941,4.776,261.3,425.7,1.571,11.72,1.405,40.79
"2025-12-07 19:45:00",3116,12.35,"2025-12-07 19:41:00",4.885,4.776,261.4,426,1.523,11.72,1.404,40.79
"2025-12-07 20:00:00",3117,12.3,"2025-12-07 19:53:00",4.85,4.773,261.6,426.3,1.538,11.71,1.405,40.78
"2025-12-07 20:15:00",3118,12.33,"2025-12-07 20:12:50",4.791,4.767,261.7,426.6,1.549,11.7,1.404,40.77
"2025-12-07 20:30:00",3119,12.32,"2025-12-07 20:29:00",4.694,4.762,261.9,426.9,1.525,11.69,1.404,40.76
"2025-12-07 20:45:00",3120,12.32,"2025-12-07 20:32:50",4.593,4.755,262,427.1,1.501,11.68,1.403,40.75
"2025-12-07 21:00:00",3121,12.3,"2025-12-07 20:59:00",4.505,4.749,262,427.3,1.484,11.68,1.403,40.74
"2025-12-07 21:15:00",3122,12.3,"2025-12-07 21:03:00",4.42,4.742,262.1,427.5,1.505,11.67,1.404,40.73
"2025-12-07 21:30:00",3123,12.29,"2025-12-07 21:22:30",4.306,4.731,262.2,427.8,1.501,11.66,1.403,40.71
"2025-12-07 21:45:00",3124,12.29,"2025-12-07 21:44:40",4.162,4.72,262.3,428.1,1.507,11.65,1.403,40.69
"2025-12-07 22:00:00",3125,12.28,"2025-12-07 21:58:50",4.035,4.706,262.3,428.4,1.467,11.65,1.403,40.66
"2025-12-07 22:15:00",3126,12.27,"2025-12-07 22:10:50",3.893,4.692,262.4,428.6,1.487,11.64,1.403,40.64
"2025-12-07 22:30:00",3127,12.27,"2025-12-07 22:29:00",3.745,4.677,262.4,428.9,1.473,11.63,1.402,40.61
"2025-12-07 22:45:00",3128,12.26,"2025-12-07 22:31:00",3.607,4.665,262.5,429.2,1.453,11.63,1.401,40.59
"2025-12-07 23:00:00",3129,12.25,"2025-12-07 22:58:20",3.495,4.654,262.6,429.5,1.439,11.62,1.401,40.57
"2025-12-07 23:15:00",3130,12.24,"2025-12-07 23:02:20",3.382,4.638,262.6,429.7,1.461,11.62,1.402,40.54
"2025-12-07 23:30:00",3131,12.24,"2025-12-07 23:23:00",3.229,4.621,262.6,429.9,1.465,11.61,1.401,40.51
"2025-12-07 23:45:00",3132,12.24,"2025-12-07 23:36:50",3.056,4.605,262.6,430.2,1.433,11.61,1.401,40.48
"2025-12-08 00:00:00",3133,12.23,"2025-12-07 23:53:00",2.896,4.587,262.6,430.4,1.44,11.6,1.401,40.45
"2025-12-08 00:15:00",3134,12.23,"2025-12-08 00:05:00",2.758,4.57,262.6,430.6,1.455,11.59,1.4,40.42
"2025-12-08 00:30:00",3135,12.22,"2025-12-08 00:29:00",2.614,4.555,262.6,430.8,1.478,11.59,1.4,40.39
"2025-12-08 00:45:00",3136,12.22,"2025-12-08 00:36:50",2.491,4.54,262.6,431,1.449,11.58,1.4,40.36
"2025-12-08 01:00:00",3137,12.22,"2025-12-08 00:47:00",2.363,4.525,262.5,431.1,1.466,11.58,1.4,40.34
"2025-12-08 01:15:00",3138,12.21,"2025-12-08 01:10:50",2.218,4.508,262.5,431.3,1.463,11.58,1.399,40.31
"2025-12-08 01:30:00",3139,12.21,"2025-12-08 01:23:00",2.094,4.494,262.4,431.4,1.459,11.57,1.399,40.28
"2025-12-08 01:45:00",3140,12.21,"2025-12-08 01:30:40",1.999,4.479,262.4,431.5,1.431,11.57,1.399,40.25
"2025-12-08 02:00:00",3141,12.2,"2025-12-08 01:49:00",1.928,4.464,262.3,431.6,1.425,11.56,1.398,40.23
"2025-12-08 02:15:00",3142,12.2,"2025-12-08 02:00:50",1.849,4.451,262.2,431.6,1.486,11.56,1.398,40.2
"2025-12-08 02:30:00",3143,12.19,"2025-12-08 02:23:00",1.742,4.441,262,431.3,1.65,11.55,1.398,40.19
"2025-12-08 02:45:00",3144,12.18,"2025-12-08 02:45:00",1.603,4.429,261.6,430.9,1.564,11.55,1.397,40.16
"2025-12-08 03:00:00",3145,12.17,"2025-12-08 02:53:00",1.402,4.413,262,431.7,1.531,11.55,1.397,40.14
"2025-12-08 03:15:00",3146,12.18,"2025-12-08 03:01:00",1.186,4.396,261.8,431.7,1.976,11.54,1.396,40.11
"2025-12-08 03:30:00",3147,12.18,"2025-12-08 03:23:00",0.999,4.381,261.7,431.7,1.552,11.54,1.397,40.08
"2025-12-08 03:45:00",3148,12.18,"2025-12-08 03:31:00",0.833,4.367,261.5,431.6,1.527,11.54,1.395,40.05
"2025-12-08 04:00:00",3149,12.16,"2025-12-08 03:53:00",0.681,4.354,261.4,431.6,1.523,11.53,1.394,40.03
"2025-12-08 04:15:00",3150,12.17,"2025-12-08 04:01:00",0.548,4.344,261.3,431.6,1.525,11.53,1.394,40.01
"2025-12-08 04:30:00",3151,12.17,"2025-12-08 04:17:00",0.437,4.335,261.2,431.6,1.511,11.53,1.394,40
"2025-12-08 04:45:00",3152,12.16,"2025-12-08 04:33:00",0.349,4.331,261.2,431.6,1.522,11.52,1.394,39.99
"2025-12-08 05:00:00",3153,12.16,"2025-12-08 04:47:00",0.28,4.324,261.1,431.6,1.537,11.52,1.394,39.98
"2025-12-08 05:15:00",3154,12.16,"2025-12-08 05:07:00",0.178,4.313,261,431.5,1.529,11.52,1.394,39.96
"2025-12-08 05:30:00",3155,12.15,"2025-12-08 05:23:00",0.039,4.3,260.9,431.5,1.512,11.51,1.392,39.93
"2025-12-08 05:45:00",3156,12.15,"2025-12-08 05:31:00",-0.085,4.284,260.8,431.5,1.524,11.51,1.392,39.9
"2025-12-08 06:00:00",3157,12.15,"2025-12-08 05:53:00",-0.213,4.263,260.6,431.4,1.545,11.51,1.393,39.87
"2025-12-08 06:15:00",3158,12.14,"2025-12-08 06:12:40",-0.338,4.246,260.4,431.4,1.526,11.51,1.392,39.84
"2025-12-08 06:30:00",3159,12.14,"2025-12-08 06:20:40",-0.451,4.236,260.3,431.4,1.523,11.5,1.392,39.82
"2025-12-08 06:45:00",3160,12.14,"2025-12-08 06:30:50",-0.532,4.23,260.2,431.3,1.553,11.5,1.392,39.81
"2025-12-08 07:00:00",3161,12.13,"2025-12-08 06:53:00",-0.602,"NAN","NAN","NAN","NAN","NAN",1.391,39.8
"2025-12-08 07:15:00",3162,12.14,"2025-12-08 07:00:40",-0.685,4.212,260.1,431.4,1.596,11.5,1.391,39.78
"2025-12-08 07:30:00",3163,12.13,"2025-12-08 07:23:00",-0.777,4.2,260,431.4,1.604,11.5,1.39,39.76
"2025-12-08 07:45:00",3164,12.13,"2025-12-08 07:37:00",-0.857,4.19,259.9,431.3,1.545,11.5,1.39,39.74
"2025-12-08 08:00:00",3165,12.13,"2025-12-08 07:53:00",-0.969,4.179,259.8,431.3,1.503,11.49,1.39,39.72
"2025-12-08 08:15:00",3166,12.13,"2025-12-08 08:15:00",-1.037,4.167,259.6,431.2,1.499,11.49,1.39,39.7
"2025-12-08 08:30:00",3167,12.09,"2025-12-08 08:23:00",-1.072,4.158,259.5,431.2,1.501,11.49,1.39,39.68
"2025-12-08 08:45:00",3168,12.13,"2025-12-08 08:31:00",-1.096,4.149,259.4,431.1,1.526,11.5,1.39,39.66
"2025-12-08 09:00:00",3169,12.16,"2025-12-08 08:46:40",-1.096,4.142,259.3,431,1.521,11.52,1.389,39.65
"2025-12-08 09:15:00",3170,12.17,"2025-12-08 09:00:50",-1.075,4.136,259.1,430.8,1.509,11.54,1.388,39.64
"2025-12-08 09:30:00",3171,12.19,"2025-12-08 09:17:00",-1.053,4.136,259,430.5,1.501,11.56,1.388,39.64
"2025-12-08 09:45:00",3172,12.22,"2025-12-08 09:30:50",-1.018,4.138,258.8,430.2,1.484,11.6,1.388,39.65
"2025-12-08 10:00:00",3173,12.27,"2025-12-08 09:46:40",-0.979,4.143,258.6,429.9,1.487,11.64,1.388,39.66
"2025-12-08 10:15:00",3174,12.31,"2025-12-08 10:00:50",-0.95,4.154,258.5,429.5,1.501,11.68,1.387,39.68
"2025-12-08 10:30:00",3175,12.37,"2025-12-08 10:16:50",-0.938,4.161,258.3,429.1,1.495,11.74,1.387,39.69
"2025-12-08 10:45:00",3176,12.43,"2025-12-08 10:30:30",-0.921,4.172,258.1,428.6,1.479,11.81,1.387,39.71
"2025-12-08 11:00:00",3177,12.47,"2025-12-08 10:47:00",-0.87,4.187,258,428.2,1.457,11.84,1.387,39.74
"2025-12-08 11:15:00",3178,12.52,"2025-12-08 11:00:40",-0.816,4.201,257.8,427.7,1.442,11.89,1.385,39.77
"2025-12-08 11:30:00",3179,12.55,"2025-12-08 11:16:50",-0.759,4.214,257.6,427.2,1.457,11.94,1.385,39.79
"2025-12-08 11:45:00",3180,12.6,"2025-12-08 11:30:50",-0.688,4.229,257.4,426.7,1.438,12.01,1.385,39.82
"2025-12-08 12:00:00",3181,12.67,"2025-12-08 11:46:40",-0.592,4.246,257.3,426.3,1.445,12.12,1.384,39.85
"2025-12-08 12:15:00",3182,12.74,"2025-12-08 12:00:20",-0.487,4.267,257.2,425.8,1.432,12.13,1.384,39.89
"2025-12-08 12:30:00",3183,12.78,"2025-12-08 12:16:30",-0.386,4.292,257.1,425.3,1.428,12.16,1.384,39.93
"2025-12-08 12:45:00",3184,12.8,"2025-12-08 12:30:40",-0.285,4.317,256.9,424.7,1.44,12.18,1.384,39.98
"2025-12-08 13:00:00",3185,12.84,"2025-12-08 12:46:30",-0.171,4.344,256.8,424.1,1.428,12.21,1.383,40.03
"2025-12-08 13:15:00",3186,12.85,"2025-12-08 13:03:00",-0.062,4.372,256.7,423.6,1.425,12.23,1.383,40.08
"2025-12-08 13:30:00",3187,12.89,"2025-12-08 13:16:40",0.048,4.401,256.6,423.1,1.421,12.26,1.383,40.13
"2025-12-08 13:45:00",3188,12.91,"2025-12-08 13:31:00",0.2,4.439,256.6,422.5,1.427,12.29,1.383,40.2
"2025-12-08 14:00:00",3189,12.91,"2025-12-08 13:56:50",0.349,4.48,256.6,421.9,1.411,12.29,1.383,40.27
"2025-12-08 14:15:00",3190,12.91,"2025-12-08 14:00:50",0.473,4.516,256.5,421.4,1.414,12.29,1.382,40.34
"2025-12-08 14:30:00",3191,12.91,"2025-12-08 14:16:50",0.593,4.547,256.5,420.9,1.411,12.29,1.383,40.39
"2025-12-08 14:45:00",3192,12.89,"2025-12-08 14:39:00",0.687,4.573,256.4,420.5,1.423,12.27,1.383,40.44
"2025-12-08 15:00:00",3193,12.86,"2025-12-08 14:53:00",0.749,4.59,256.4,420.1,1.407,12.25,1.382,40.46
"2025-12-08 15:15:00",3194,12.83,"2025-12-08 15:14:40",0.79,4.6,256.3,419.9,1.409,12.23,1.382,40.48
"2025-12-08 15:30:00",3195,12.78,"2025-12-08 15:28:50",0.832,4.608,256.2,419.7,1.409,12.18,1.382,40.49
"2025-12-08 15:45:00",3196,12.74,"2025-12-08 15:43:00",0.84,4.612,256.2,419.6,1.415,12.13,1.381,40.5
"2025-12-08 16:00:00",3197,12.67,"2025-12-08 15:58:40",0.84,4.612,256.2,419.5,1.389,12.12,1.38,40.5
"2025-12-08 16:15:00",3198,12.64,"2025-12-08 16:15:00",0.806,4.604,256.2,419.6,1.401,12.11,1.38,40.48
"2025-12-08 16:30:00",3199,12.6,"2025-12-08 16:29:00",0.77,4.596,256.2,419.8,1.386,12.01,1.38,40.47
"2025-12-08 16:45:00",3200,12.57,"2025-12-08 16:44:50",0.713,"NAN","NAN","NAN","NAN","NAN",1.38,40.45
"2025-12-08 17:00:00",3201,12.53,"2025-12-08 16:59:00",0.649,4.572,256.2,420.2,1.39,11.92,1.38,40.42
"2025-12-08 17:15:00",3202,12.5,"2025-12-08 17:14:50",0.565,4.561,256.3,420.4,1.398,11.88,1.379,40.4
"2025-12-08 17:30:00",3203,12.48,"2025-12-08 17:23:00",0.498,4.547,256.3,420.7,1.389,11.85,1.378,40.38
"2025-12-08 17:45:00",3204,12.47,"2025-12-08 17:43:00",0.431,4.531,256.4,421,1.391,11.84,1.378,40.35
"2025-12-08 18:00:00",3205,12.45,"2025-12-08 17:58:30",0.358,4.517,256.5,421.3,1.38,11.82,1.378,40.33
"2025-12-08 18:15:00",3206,12.44,"2025-12-08 18:14:30",0.282,4.505,256.6,421.6,1.395,11.81,1.378,40.3
"2025-12-08 18:30:00",3207,12.43,"2025-12-08 18:22:30",0.202,4.492,256.6,421.9,1.389,11.8,1.377,40.28
"2025-12-08 18:45:00",3208,12.43,"2025-12-08 18:35:00",0.114,4.478,256.7,422.1,1.396,11.79,1.377,40.25
"2025-12-08 19:00:00",3209,12.42,"2025-12-08 18:59:00",0.04,4.462,256.7,422.4,1.412,11.78,1.376,40.23
"2025-12-08 19:15:00",3210,12.41,"2025-12-08 19:02:10",-0.046,4.449,256.8,422.7,1.411,11.78,1.376,40.2
"2025-12-08 19:30:00",3211,12.41,"2025-12-08 19:17:00",-0.143,4.434,256.8,422.9,1.408,11.77,1.375,40.18
"2025-12-08 19:45:00",3212,12.39,"2025-12-08 19:32:50",-0.259,4.421,256.8,423.2,1.409,11.76,1.374,40.15
"2025-12-08 20:00:00",3213,12.36,"2025-12-08 19:51:20",-0.406,4.405,256.9,423.4,1.468,11.75,1.374,40.12
"2025-12-08 20:15:00",3214,12.38,"2025-12-08 20:01:00",-0.56,4.389,256.9,423.7,1.468,11.74,1.374,40.09
"2025-12-08 20:30:00",3215,12.37,"2025-12-08 20:23:00",-0.741,4.371,256.9,423.9,1.487,11.74,1.373,40.06
"2025-12-08 20:45:00",3216,12.37,"2025-12-08 20:37:00",-0.99,4.351,256.9,424.2,1.513,11.73,1.373,40.03
"2025-12-08 21:00:00",3217,12.36,"2025-12-08 20:46:50",-1.228,4.332,256.9,424.4,1.524,11.72,1.372,39.99
"2025-12-08 21:15:00",3218,12.35,"2025-12-08 21:13:00",-1.343,4.316,256.9,424.7,1.471,11.71,1.371,39.96
"2025-12-08 21:30:00",3219,12.34,"2025-12-08 21:23:00",-1.451,4.3,256.9,424.9,1.498,11.71,1.371,39.93
"2025-12-08 21:45:00",3220,12.34,"2025-12-08 21:31:00",-1.518,4.284,256.9,425.1,1.752,11.7,1.37,39.91
"2025-12-08 22:00:00",3221,12.32,"2025-12-08 21:53:00",-1.529,4.27,256.9,425.4,3.4,11.69,1.37,39.88
"2025-12-08 22:15:00",3222,12.32,"2025-12-08 22:15:00",-1.577,4.255,256.9,425.6,8.37,11.69,1.37,39.85
"2025-12-08 22:30:00",3223,12.32,"2025-12-08 22:23:00",-1.763,4.232,256.9,425.8,6.512,11.68,1.37,39.81
"2025-12-08 22:45:00",3224,12.31,"2025-12-08 22:41:00",-2.031,4.203,256.8,426,1.477,11.67,1.369,39.76
"2025-12-08 23:00:00",3225,12.3,"2025-12-08 22:59:00",-2.324,4.174,256.7,426.3,1.421,11.66,1.369,39.71
"2025-12-08 23:15:00",3226,12.3,"2025-12-08 23:06:50",-2.61,4.144,256.6,426.6,1.407,11.66,1.368,39.65
"2025-12-08 23:30:00",3227,12.28,"2025-12-08 23:29:00",-2.831,4.116,256.6,426.8,1.43,11.65,1.368,39.6
"2025-12-08 23:45:00",3228,12.28,"2025-12-08 23:44:40",-3.014,4.085,256.5,427.1,1.403,11.64,1.367,39.55
"2025-12-09 00:00:00",3229,12.27,"2025-12-08 23:54:40",-3.204,4.053,256.4,427.4,1.405,11.63,1.367,39.49
"2025-12-09 00:15:00",3230,12.26,"2025-12-09 00:03:00",-3.407,4.021,256.3,427.7,1.414,11.62,1.366,39.43
"2025-12-09 00:30:00",3231,12.25,"2025-12-09 00:29:00",-3.588,3.988,256.2,428,1.418,11.62,1.366,39.37
"2025-12-09 00:45:00",3232,12.25,"2025-12-09 00:40:50",-3.759,3.954,256.1,428.3,1.427,11.61,1.365,39.31
"2025-12-09 01:00:00",3233,12.24,"2025-12-09 00:56:50",-3.938,3.92,256,428.6,1.471,11.59,1.365,39.25
"2025-12-09 01:15:00",3234,12.23,"2025-12-09 01:14:50",-4.104,3.886,255.9,428.9,1.427,11.59,1.364,39.19
"2025-12-09 01:30:00",3235,12.22,"2025-12-09 01:23:00",-4.266,3.854,255.8,429.1,1.435,11.58,1.364,39.13
"2025-12-09 01:45:00",3236,12.21,"2025-12-09 01:42:50",-4.406,3.822,255.7,429.4,1.425,11.57,1.363,39.07
"2025-12-09 02:00:00",3237,12.21,"2025-12-09 01:52:40",-4.537,3.789,255.6,429.7,1.417,11.56,1.363,39.02
"2025-12-09 02:15:00",3238,12.2,"2025-12-09 02:08:50",-4.677,3.757,255.5,429.9,1.431,11.55,1.363,38.96
"2025-12-09 02:30:00",3239,12.19,"2025-12-09 02:29:00",-4.829,3.728,255.4,430.1,1.438,11.54,1.362,38.91
"2025-12-09 02:45:00",3240,12.18,"2025-12-09 02:44:40",-4.936,3.697,255.3,430.4,1.511,11.54,1.362,38.85
"2025-12-09 03:00:00",3241,12.17,"2025-12-09 02:53:00",-5.016,3.669,255.1,430.6,1.47,11.53,1.36,38.8
"2025-12-09 03:15:00",3242,12.17,"2025-12-09 03:14:50",-5.102,3.638,255,430.8,1.421,11.52,1.361,38.75
"2025-12-09 03:30:00",3243,12.16,"2025-12-09 03:28:50",-5.185,3.609,254.9,430.9,1.419,11.51,1.36,38.69
"2025-12-09 03:45:00",3244,12.15,"2025-12-09 03:44:40",-5.266,3.582,254.7,431.1,1.425,11.51,1.359,38.65
"2025-12-09 04:00:00",3245,12.14,"2025-12-09 03:57:00",-5.319,3.556,254.6,431.2,1.438,11.5,1.359,38.6
"2025-12-09 04:15:00",3246,12.14,"2025-12-09 04:11:00",-5.351,3.532,254.5,431.4,1.413,11.5,1.359,38.56
"2025-12-09 04:30:00",3247,12.13,"2025-12-09 04:27:00",-5.394,3.509,254.4,431.5,1.428,11.49,1.358,38.52
"2025-12-09 04:45:00",3248,12.13,"2025-12-09 04:35:00",-5.413,3.487,254.3,431.6,1.475,11.48,1.357,38.48
"2025-12-09 05:00:00",3249,12.12,"2025-12-09 04:51:00",-5.391,3.469,254.2,431.7,1.511,11.48,1.356,38.44
"2025-12-09 05:15:00",3250,12.1,"2025-12-09 05:02:10",-5.238,3.454,254.1,431.8,1.551,11.47,1.356,38.42
"2025-12-09 05:30:00",3251,12.12,"2025-12-09 05:23:00",-5.019,3.442,254.1,431.9,1.556,11.47,1.356,38.4
"2025-12-09 05:45:00",3252,12.11,"2025-12-09 05:39:00",-4.714,3.433,254.1,432,1.543,11.47,1.355,38.38
"2025-12-09 06:00:00",3253,12.11,"2025-12-09 05:58:50",-4.399,3.426,254.1,432.1,1.531,11.46,1.354,38.37
"2025-12-09 06:15:00",3254,12.09,"2025-12-09 06:02:10",-4.035,3.422,254.1,432.2,1.505,11.46,1.354,38.36
"2025-12-09 06:30:00",3255,12.1,"2025-12-09 06:23:00",-3.56,3.419,254.1,432.3,1.524,11.46,1.353,38.36
"2025-12-09 06:45:00",3256,12.1,"2025-12-09 06:44:50",-3.126,3.415,254.1,432.3,1.535,11.46,1.353,38.35
"2025-12-09 07:00:00",3257,12.1,"2025-12-09 06:56:50",-2.777,3.411,254.1,432.4,1.515,11.46,1.353,38.34
"2025-12-09 07:15:00",3258,12.1,"2025-12-09 07:15:00",-2.466,3.409,254.2,432.5,1.5,11.45,1.352,38.34
"2025-12-09 07:30:00",3259,12.1,"2025-12-09 07:23:00",-2.183,3.409,254.2,432.6,1.5,11.46,1.351,38.34
"2025-12-09 07:45:00",3260,12.1,"2025-12-09 07:37:00",-1.968,3.407,254.2,432.7,1.497,11.46,1.351,38.34
"2025-12-09 08:00:00",3261,12.1,"2025-12-09 07:53:00",-1.781,3.407,254.3,432.8,1.486,11.46,1.351,38.34
"2025-12-09 08:15:00",3262,12.1,"2025-12-09 08:01:00",-1.609,3.408,254.3,432.8,1.508,11.46,1.349,38.34
"2025-12-09 08:30:00",3263,12.11,"2025-12-09 08:16:50",-1.442,3.41,254.4,432.9,1.501,11.47,1.348,38.34
"2025-12-09 08:45:00",3264,12.12,"2025-12-09 08:30:40",-1.267,3.412,254.4,432.9,1.497,11.48,1.349,38.35
"2025-12-09 09:00:00",3265,12.13,"2025-12-09 08:46:40",-1.088,3.415,254.4,432.9,1.489,11.5,1.349,38.35
"2025-12-09 09:15:00",3266,12.18,"2025-12-09 09:00:40",-0.991,3.414,254.3,432.8,1.47,11.57,1.348,38.35
"2025-12-09 09:30:00",3267,12.25,"2025-12-09 09:28:50",-0.935,3.413,254.2,432.6,1.461,11.62,1.347,38.35
"2025-12-09 09:45:00",3268,12.21,"2025-12-09 09:45:00",-0.842,3.413,254.1,432.4,1.464,11.61,1.347,38.35
"2025-12-09 10:00:00",3269,12.21,"2025-12-09 09:47:00",-0.788,3.409,254,432.2,1.46,11.59,1.347,38.34
"2025-12-09 10:15:00",3270,12.3,"2025-12-09 10:00:20",-0.683,3.41,253.9,432,1.433,11.67,1.346,38.34
"2025-12-09 10:30:00",3271,12.37,"2025-12-09 10:16:50",-0.447,"NAN","NAN","NAN","NAN","NAN",1.346,38.35
"2025-12-09 10:45:00",3272,12.41,"2025-12-09 10:30:30",0.025,3.432,253.7,431.4,1.425,11.78,1.346,38.39
"2025-12-09 11:00:00",3273,12.44,"2025-12-09 10:47:00",0.676,3.473,253.8,431,1.432,11.81,1.345,38.47
"2025-12-09 11:15:00",3274,12.47,"2025-12-09 11:01:00",1.063,3.526,253.9,430.5,1.417,11.85,1.345,38.56
"2025-12-09 11:30:00",3275,12.5,"2025-12-09 11:17:00",1.408,3.585,254,429.9,1.423,11.88,1.345,38.67
"2025-12-09 11:45:00",3276,12.54,"2025-12-09 11:30:30",1.946,3.666,254.3,429.3,1.433,11.91,1.344,38.82
"2025-12-09 12:00:00",3277,12.57,"2025-12-09 11:46:50",2.645,3.765,254.7,428.5,1.42,11.94,1.344,39
"2025-12-09 12:15:00",3278,12.59,"2025-12-09 12:01:00",3.225,3.874,255.2,427.7,1.423,11.96,1.342,39.2
"2025-12-09 12:30:00",3279,12.6,"2025-12-09 12:17:00",3.729,3.985,255.6,427,1.413,12.01,1.342,39.4
"2025-12-09 12:45:00",3280,12.65,"2025-12-09 12:31:00",4.305,4.092,256,426.3,1.402,12.12,1.342,39.59
"2025-12-09 13:00:00",3281,12.66,"2025-12-09 12:59:00",4.768,4.198,256.5,425.6,1.411,12.12,1.341,39.78
"2025-12-09 13:15:00",3282,12.65,"2025-12-09 13:15:00",5.246,4.287,256.9,425,1.403,12.12,1.341,39.93
"2025-12-09 13:30:00",3283,12.64,"2025-12-09 13:28:50",6.05,4.37,257.2,424.5,1.391,12.12,1.34,40.08
"2025-12-09 13:45:00",3284,12.64,"2025-12-09 13:43:00",6.859,4.435,257.4,424,1.391,12.12,1.34,40.19
"2025-12-09 14:00:00",3285,12.65,"2025-12-09 13:47:00",7.088,4.475,257.5,423.6,1.387,12.12,1.34,40.26
"2025-12-09 14:15:00",3286,12.66,"2025-12-09 14:02:40",7.357,4.496,257.6,423.4,1.392,12.12,1.341,40.3
"2025-12-09 14:30:00",3287,12.68,"2025-12-09 14:19:00",7.511,4.504,257.5,423.2,1.396,12.12,1.341,40.31
"2025-12-09 14:45:00",3288,12.7,"2025-12-09 14:30:50",8.05,4.5,257.4,423,1.38,12.12,1.341,40.3
"2025-12-09 15:00:00",3289,12.74,"2025-12-09 14:46:20",8.65,4.48,257.1,422.8,1.4,12.13,1.34,40.26
"2025-12-09 15:15:00",3290,12.74,"2025-12-09 15:12:40",9.07,"NAN","NAN","NAN","NAN","NAN",1.339,40.2
"2025-12-09 15:30:00",3291,12.74,"2025-12-09 15:23:00",9.16,4.403,256.4,422.7,1.405,12.13,1.339,40.12
"2025-12-09 15:45:00",3292,12.66,"2025-12-09 15:45:00",9.14,4.37,256.1,422.7,1.395,12.13,1.338,40.06
"2025-12-09 16:00:00",3293,12.59,"2025-12-09 15:59:00",8.83,4.345,255.9,422.6,1.391,12.05,1.336,40.01
"2025-12-09 16:15:00",3294,12.55,"2025-12-09 16:14:50",8.34,4.314,255.7,422.7,1.391,11.95,1.336,39.96
"2025-12-09 16:30:00",3295,12.52,"2025-12-09 16:27:00",7.929,4.289,255.6,422.9,1.393,11.91,1.338,39.91
"2025-12-09 16:45:00",3296,12.5,"2025-12-09 16:45:00",7.599,4.266,255.6,423.2,1.383,11.88,1.337,39.88
"2025-12-09 17:00:00",3297,12.49,"2025-12-09 16:58:50",7.322,4.252,255.6,423.5,1.391,11.86,1.336,39.85
"2025-12-09 17:15:00",3298,12.45,"2025-12-09 17:14:50",7.01,4.252,255.8,423.6,1.37,11.84,1.336,39.85
"2025-12-09 17:30:00",3299,12.43,"2025-12-09 17:23:00",6.651,4.262,255.9,423.8,1.386,11.81,1.335,39.87
"2025-12-09 17:45:00",3300,12.42,"2025-12-09 17:45:00",6.47,4.282,256.2,423.9,1.384,11.79,1.335,39.91
"2025-12-09 18:00:00",3301,12.41,"2025-12-09 17:54:50",6.257,4.301,256.4,424.1,1.387,11.78,1.334,39.94
"2025-12-09 18:15:00",3302,12.39,"2025-12-09 18:12:50",6.05,4.318,256.6,424.2,1.379,11.77,1.334,39.97
"2025-12-09 18:30:00",3303,12.39,"2025-12-09 18:27:00",5.914,4.333,256.9,424.4,1.38,11.76,1.334,40
"2025-12-09 18:45:00",3304,12.38,"2025-12-09 18:42:30",5.796,4.346,257,424.5,1.388,11.75,1.333,40.02
"2025-12-09 19:00:00",3305,12.36,"2025-12-09 18:53:00",5.765,4.359,257.2,424.6,1.393,11.74,1.332,40.05
"2025-12-09 19:15:00",3306,12.36,"2025-12-09 19:05:00",5.787,4.372,257.4,424.8,1.367,11.72,1.331,40.07
"2025-12-09 19:30:00",3307,12.35,"2025-12-09 19:23:00",5.852,4.385,257.6,424.9,1.39,11.72,1.331,40.09
"2025-12-09 19:45:00",3308,12.34,"2025-12-09 19:45:00",5.914,"NAN","NAN","NAN","NAN","NAN",1.33,40.12
"2025-12-09 20:00:00",3309,12.33,"2025-12-09 19:56:50",5.986,4.416,258,425.1,1.369,11.7,1.329,40.15
"2025-12-09 20:15:00",3310,12.33,"2025-12-09 20:09:00",6.081,4.433,258.2,425.3,1.379,11.7,1.33,40.18
"2025-12-09 20:30:00",3311,12.31,"2025-12-09 20:23:00",6.145,4.451,258.4,425.4,1.373,11.69,1.328,40.21
"2025-12-09 20:45:00",3312,12.31,"2025-12-09 20:42:40",6.117,4.465,258.6,425.6,1.386,11.68,1.328,40.24
"2025-12-09 21:00:00",3313,12.3,"2025-12-09 20:47:00",6.029,4.477,258.8,425.7,1.374,11.67,1.328,40.26
"2025-12-09 21:15:00",3314,12.29,"2025-12-09 21:14:30",5.94,4.484,259,425.9,1.398,11.66,1.328,40.27
"2025-12-09 21:30:00",3315,12.29,"2025-12-09 21:22:50",5.893,4.492,259.2,426,1.41,11.66,1.327,40.28
"2025-12-09 21:45:00",3316,12.28,"2025-12-09 21:42:30",5.874,4.499,259.3,426.2,1.379,11.65,1.327,40.3
"2025-12-09 22:00:00",3317,12.27,"2025-12-09 21:51:00",5.921,4.51,259.5,426.4,1.385,11.64,1.328,40.32
"2025-12-09 22:15:00",3318,12.26,"2025-12-09 22:11:00",6.005,4.522,259.7,426.6,1.366,11.63,1.329,40.34
"2025-12-09 22:30:00",3319,12.25,"2025-12-09 22:23:00",6.076,4.531,259.9,426.8,1.387,11.63,1.329,40.35
"2025-12-09 22:45:00",3320,12.25,"2025-12-09 22:34:50",6.18,4.538,260.1,427,1.373,11.62,1.328,40.36
"2025-12-09 23:00:00",3321,12.24,"2025-12-09 22:59:00",6.308,4.543,260.3,427.2,1.386,11.61,1.329,40.37
"2025-12-09 23:15:00",3322,12.23,"2025-12-09 23:14:50",6.406,4.544,260.5,427.5,1.378,11.6,1.327,40.37
"2025-12-09 23:30:00",3323,12.23,"2025-12-09 23:17:00",6.464,4.542,260.7,427.8,1.359,11.6,1.327,40.37
"2025-12-09 23:45:00",3324,12.22,"2025-12-09 23:44:50",6.519,4.537,260.8,428.2,1.355,11.59,1.328,40.36
"2025-12-10 00:00:00",3325,12.22,"2025-12-09 23:58:40",6.575,4.529,261,428.5,1.363,11.58,1.326,40.34
"2025-12-10 00:15:00",3326,12.21,"2025-12-10 00:13:00",6.625,4.517,261.1,428.9,1.371,11.58,1.326,40.32
"2025-12-10 00:30:00",3327,12.2,"2025-12-10 00:29:00",6.68,4.506,261.2,429.2,1.393,11.57,1.326,40.3
"2025-12-10 00:45:00",3328,12.2,"2025-12-10 00:45:00",6.761,4.494,261.3,429.6,1.395,11.56,1.326,40.28
"2025-12-10 01:00:00",3329,12.19,"2025-12-10 00:53:00",6.842,4.482,261.5,429.9,1.416,11.56,1.325,40.26
"2025-12-10 01:15:00",3330,12.19,"2025-12-10 01:02:10",6.907,4.469,261.6,430.3,1.447,11.56,1.324,40.24
"2025-12-10 01:30:00",3331,12.19,"2025-12-10 01:28:50",6.965,4.457,261.7,430.6,1.498,11.55,1.323,40.21
"2025-12-10 01:45:00",3332,12.18,"2025-12-10 01:43:00",7.06,4.445,261.8,430.9,1.41,11.55,1.322,40.19
"2025-12-10 02:00:00",3333,12.18,"2025-12-10 01:47:00",7.173,4.434,261.8,431.2,1.445,11.55,1.322,40.17
"2025-12-10 02:15:00",3334,12.18,"2025-12-10 02:06:30",7.321,4.424,261.9,431.5,1.433,11.55,1.321,40.16
"2025-12-10 02:30:00",3335,12.17,"2025-12-10 02:23:00",7.473,4.415,262,431.8,1.377,11.54,1.321,40.14
"2025-12-10 02:45:00",3336,12.18,"2025-12-10 02:45:00",7.611,4.409,262.1,432,1.35,11.54,1.321,40.13
"2025-12-10 03:00:00",3337,12.17,"2025-12-10 02:53:00",7.67,4.403,262.2,432.3,1.358,11.54,1.319,40.12
"2025-12-10 03:15:00",3338,12.16,"2025-12-10 03:02:10",7.715,4.4,262.3,432.5,1.357,11.54,1.32,40.11
"2025-12-10 03:30:00",3339,12.17,"2025-12-10 03:28:40",7.752,4.398,262.4,432.6,1.36,11.54,1.318,40.11
"2025-12-10 03:45:00",3340,12.17,"2025-12-10 03:32:40",7.773,4.397,262.5,432.8,1.346,11.53,1.318,40.11
"2025-12-10 04:00:00",3341,12.16,"2025-12-10 03:53:00",7.74,4.394,262.5,432.9,1.341,11.53,1.318,40.1
"2025-12-10 04:15:00",3342,12.16,"2025-12-10 04:10:50",7.627,4.389,262.5,433,1.357,11.53,1.316,40.1
"2025-12-10 04:30:00",3343,12.16,"2025-12-10 04:17:00",7.537,4.388,262.6,433.1,1.394,11.53,1.316,40.09
"2025-12-10 04:45:00",3344,12.16,"2025-12-10 04:43:00",7.487,4.389,262.6,433.1,1.413,11.53,1.316,40.1
"2025-12-10 05:00:00",3345,12.16,"2025-12-10 04:49:00",7.466,4.392,262.7,433.2,1.421,11.53,1.316,40.1
"2025-12-10 05:15:00",3346,12.16,"2025-12-10 05:14:50",7.444,4.396,262.7,433.2,1.409,11.53,1.315,40.11
"2025-12-10 05:30:00",3347,12.15,"2025-12-10 05:23:00",7.407,4.402,262.8,433.2,1.425,11.53,1.316,40.12
"2025-12-10 05:45:00",3348,12.15,"2025-12-10 05:33:00",7.092,4.41,262.8,433.2,1.415,11.52,1.315,40.14
"2025-12-10 06:00:00",3349,12.15,"2025-12-10 05:53:00",6.634,4.419,262.9,433.2,1.405,11.52,1.314,40.15
"2025-12-10 06:15:00",3350,12.15,"2025-12-10 06:02:10",6.304,4.426,262.9,433.2,1.417,11.51,1.314,40.16
"2025-12-10 06:30:00",3351,12.15,"2025-12-10 06:28:50",6.089,4.434,263,433.1,1.432,11.51,1.315,40.18
"2025-12-10 06:45:00",3352,12.15,"2025-12-10 06:30:30",5.882,4.44,263,433.1,1.422,11.51,1.314,40.19
"2025-12-10 07:00:00",3353,12.14,"2025-12-10 06:46:40",5.707,4.446,263.1,433.1,1.426,11.51,1.314,40.2
"2025-12-10 07:15:00",3354,12.14,"2025-12-10 07:02:40",5.572,4.453,262.8,432.6,1.421,11.51,1.316,40.21
"2025-12-10 07:30:00",3355,12.14,"2025-12-10 07:18:40",5.422,"NAN","NAN","NAN","NAN","NAN",1.319,40.22
"2025-12-10 07:45:00",3356,12.14,"2025-12-10 07:30:40",5.294,4.466,262.4,431.6,1.415,11.5,1.32,40.24
"2025-12-10 08:00:00",3357,12.13,"2025-12-10 07:53:00",5.194,4.473,262.2,431.2,1.429,11.5,1.321,40.25
"2025-12-10 08:15:00",3358,12.14,"2025-12-10 08:00:30",5.121,4.48,262.1,431,1.404,11.5,1.321,40.26
"2025-12-10 08:30:00",3359,12.14,"2025-12-10 08:16:40",5.082,4.487,262,430.8,1.391,11.5,1.323,40.27
"2025-12-10 08:45:00",3360,12.14,"2025-12-10 08:30:40",5.054,4.496,262,430.6,1.381,11.5,1.324,40.29
"2025-12-10 09:00:00",3361,12.14,"2025-12-10 08:57:00",5.066,4.506,262,430.5,1.391,11.51,1.325,40.31
"2025-12-10 09:15:00",3362,12.14,"2025-12-10 09:00:40",5.095,4.518,261.9,430.2,1.399,11.5,1.326,40.33
"2025-12-10 09:30:00",3363,12.14,"2025-12-10 09:19:00",5.127,4.53,261.7,429.8,1.381,11.51,1.327,40.35
"2025-12-10 09:45:00",3364,12.14,"2025-12-10 09:44:50",5.181,4.545,261.6,429.4,1.382,11.53,1.328,40.38
"2025-12-10 10:00:00",3365,12.14,"2025-12-10 09:46:50",5.246,4.559,261.6,429.2,1.398,11.51,1.329,40.4
"2025-12-10 10:15:00",3366,12.14,"2025-12-10 10:03:00",5.302,4.573,261.6,429,1.379,11.52,1.329,40.43
"2025-12-10 10:30:00",3367,12.14,"2025-12-10 10:20:50",5.377,4.59,261.7,428.9,1.371,11.52,1.33,40.46
"2025-12-10 10:45:00",3368,12.16,"2025-12-10 10:30:40",5.462,4.607,261.8,428.8,1.354,11.56,1.329,40.49
"2025-12-10 11:00:00",3369,12.18,"2025-12-10 10:57:00",5.578,4.629,261.8,428.6,1.337,11.56,1.329,40.53
"2025-12-10 11:15:00",3370,12.15,"2025-12-10 11:07:00",5.653,4.648,261.9,428.4,1.347,11.53,1.33,40.56
"2025-12-10 11:30:00",3371,12.14,"2025-12-10 11:17:00",5.693,4.666,262,428.3,1.338,11.51,1.33,40.59
"2025-12-10 11:45:00",3372,12.14,"2025-12-10 11:30:40",5.722,4.684,262,428.1,1.337,11.52,1.33,40.63
"2025-12-10 12:00:00",3373,12.17,"2025-12-10 11:47:00",5.751,4.701,262,427.9,1.326,11.54,1.331,40.66
"2025-12-10 12:15:00",3374,12.19,"2025-12-10 12:00:40",5.765,4.72,262.1,427.8,1.324,11.56,1.331,40.69
"2025-12-10 12:30:00",3375,12.26,"2025-12-10 12:16:20",5.78,4.744,262.1,427.4,1.325,11.67,1.331,40.74
"2025-12-10 12:45:00",3376,12.43,"2025-12-10 12:30:10",5.862,4.787,262,426.8,1.323,11.84,1.33,40.82
"2025-12-10 13:00:00",3377,12.44,"2025-12-10 12:56:50",5.96,4.836,262,426,1.307,11.88,1.331,40.91
"2025-12-10 13:15:00",3378,12.36,"2025-12-10 13:10:40",6.058,4.87,261.9,425.5,1.322,11.77,1.331,40.96
"2025-12-10 13:30:00",3379,12.35,"2025-12-10 13:16:50",6.021,4.895,261.8,425,1.321,11.77,1.332,41.01
"2025-12-10 13:45:00",3380,12.38,"2025-12-10 13:30:40",5.919,4.919,261.7,424.6,1.305,11.77,1.333,41.05
"2025-12-10 14:00:00",3381,12.46,"2025-12-10 13:45:10",5.784,4.945,261.7,424.2,1.298,11.93,1.334,41.1
"2025-12-10 14:15:00",3382,12.5,"2025-12-10 14:04:40",5.61,4.987,261.6,423.5,1.319,11.93,1.332,41.17
"2025-12-10 14:30:00",3383,12.49,"2025-12-10 14:24:50",5.417,5.01,261.5,422.9,1.299,11.89,1.333,41.21
"2025-12-10 14:45:00",3384,12.45,"2025-12-10 14:37:00",5.24,5.025,261.3,422.5,1.285,11.84,1.333,41.24
"2025-12-10 15:00:00",3385,12.46,"2025-12-10 14:46:50",4.971,5.031,261.1,422.1,1.299,11.87,1.332,41.25
"2025-12-10 15:15:00",3386,12.61,"2025-12-10 15:00:50",4.781,5.057,261,421.6,1.31,12.03,1.332,41.3
"2025-12-10 15:30:00",3387,12.53,"2025-12-10 15:29:00",5.049,5.11,261,420.9,1.313,12.09,1.334,41.4
"2025-12-10 15:45:00",3388,12.46,"2025-12-10 15:42:40",4.993,5.111,260.7,420.4,1.295,11.86,1.336,41.39
"2025-12-10 16:00:00",3389,12.46,"2025-12-10 15:58:40",4.418,5.089,260.4,420.2,1.301,11.84,1.334,41.35
"2025-12-10 16:15:00",3390,12.39,"2025-12-10 16:14:50",3.928,5.071,260.1,420,1.29,11.79,1.334,41.31
"2025-12-10 16:30:00",3391,12.36,"2025-12-10 16:28:50",3.59,5.048,260,420.1,1.321,11.74,1.336,41.27
"2025-12-10 16:45:00",3392,12.34,"2025-12-10 16:45:00",3.304,5.026,259.9,420.3,1.377,11.72,1.335,41.23
"2025-12-10 17:00:00",3393,12.32,"2025-12-10 16:59:00",3.091,5.011,259.9,420.4,1.321,11.69,1.335,41.21
"2025-12-10 17:15:00",3394,12.3,"2025-12-10 17:14:40",2.949,4.995,259.9,420.6,1.327,11.67,1.336,41.18
"2025-12-10 17:30:00",3395,12.28,"2025-12-10 17:29:00",2.912,4.98,259.8,420.7,1.319,11.66,1.337,41.15
"2025-12-10 17:45:00",3396,12.27,"2025-12-10 17:42:30",2.936,4.964,259.8,420.9,1.318,11.64,1.336,41.12
"2025-12-10 18:00:00",3397,12.26,"2025-12-10 17:57:00",2.95,4.945,259.8,421.1,1.33,11.63,1.337,41.09
"2025-12-10 18:15:00",3398,12.25,"2025-12-10 18:12:50",2.929,4.926,259.8,421.3,1.427,11.62,1.338,41.06
"2025-12-10 18:30:00",3399,12.23,"2025-12-10 18:23:00",2.872,4.913,259.8,421.5,1.328,11.6,1.338,41.03
"2025-12-10 18:45:00",3400,12.22,"2025-12-10 18:43:00",2.783,4.902,259.8,421.7,1.335,11.59,1.34,41.01
"2025-12-10 19:00:00",3401,12.21,"2025-12-10 18:56:50",2.653,"NAN","NAN","NAN","NAN","NAN",1.339,40.99
"2025-12-10 19:15:00",3402,12.2,"2025-12-10 19:02:10",2.525,4.876,259.8,422.1,1.599,11.56,1.34,40.97
"2025-12-10 19:30:00",3403,12.18,"2025-12-10 19:23:00",2.408,4.858,259.9,422.3,1.355,11.55,1.34,40.93
"2025-12-10 19:45:00",3404,12.17,"2025-12-10 19:41:00",2.302,4.841,259.8,422.5,1.415,11.53,1.341,40.9
"2025-12-10 20:00:00",3405,12.16,"2025-12-10 19:52:30",2.193,4.826,258.3,420.3,1.365,11.53,1.341,40.87
"2025-12-10 20:15:00",3406,12.15,"2025-12-10 20:08:30",2.065,4.806,256.4,417.4,1.329,11.51,1.342,40.84
"2025-12-10 20:30:00",3407,12.15,"2025-12-10 20:16:30",1.93,4.791,258.5,421,1.346,11.51,1.343,40.81
"2025-12-10 20:45:00",3408,12.13,"2025-12-10 20:45:00",1.8,"NAN","NAN","NAN","NAN","NAN",1.344,40.79
"2025-12-10 21:00:00",3409,12.13,"2025-12-10 20:53:00",1.676,4.758,259.6,423.2,1.342,11.49,1.345,40.75
"2025-12-10 21:15:00",3410,12.12,"2025-12-10 21:15:00",1.567,4.745,260.1,424.2,1.338,11.48,1.346,40.73
"2025-12-10 21:30:00",3411,12.12,"2025-12-10 21:16:50",1.477,4.73,260.1,424.5,1.35,11.48,1.346,40.7
"2025-12-10 21:45:00",3412,12.11,"2025-12-10 21:42:50",1.371,4.719,260.2,424.7,1.339,11.47,1.347,40.68
"2025-12-10 22:00:00",3413,12.1,"2025-12-10 21:53:00",1.291,4.706,257.5,420.5,1.352,11.47,1.348,40.66
"2025-12-10 22:15:00",3414,12.1,"2025-12-10 22:07:00",1.228,4.693,255.9,418.1,1.409,11.46,1.349,40.64
"2025-12-10 22:30:00",3415,12.1,"2025-12-10 22:23:00",1.165,4.681,258,421.6,1.333,11.46,1.349,40.61
"2025-12-10 22:45:00",3416,12.1,"2025-12-10 22:30:40",1.099,4.662,257.1,420.4,1.378,11.45,1.348,40.58
"2025-12-10 23:00:00",3417,12.09,"2025-12-10 22:53:00",1.014,4.643,258.3,422.7,1.366,11.45,1.35,40.55
"2025-12-10 23:15:00",3418,12.09,"2025-12-10 23:10:50",0.928,4.62,260.2,426.1,1.356,11.45,1.349,40.5
"2025-12-10 23:30:00",3419,12.09,"2025-12-10 23:16:40",0.823,4.594,260.2,426.3,1.343,11.45,1.349,40.46
"2025-12-10 23:45:00",3420,12.09,"2025-12-10 23:38:50",0.717,4.576,260.2,426.6,1.351,11.44,1.349,40.43
"2025-12-11 00:00:00",3421,12.09,"2025-12-10 23:46:40",0.63,4.558,260.2,426.8,1.339,11.44,1.35,40.39
"2025-12-11 00:15:00",3422,12.09,"2025-12-11 00:00:40",0.556,4.543,260.2,427,1.464,11.44,1.351,40.37
"2025-12-11 00:30:00",3423,12.08,"2025-12-11 00:23:00",0.498,4.523,260.2,427.3,1.429,11.44,1.351,40.33
"2025-12-11 00:45:00",3424,12.08,"2025-12-11 00:31:00",0.448,4.5,260.2,427.6,1.367,11.44,1.352,40.29
"2025-12-11 01:00:00",3425,12.07,"2025-12-11 00:46:50",0.408,4.478,260.2,427.9,1.374,11.44,1.352,40.25
"2025-12-11 01:15:00",3426,12.07,"2025-12-11 01:00:40",0.368,4.451,260.1,428.2,1.369,11.43,1.351,40.2
"2025-12-11 01:30:00",3427,12.07,"2025-12-11 01:17:00",0.333,4.424,260.1,428.5,1.389,11.43,1.352,40.16
"2025-12-11 01:45:00",3428,12.07,"2025-12-11 01:30:40",0.305,4.406,260.1,428.8,1.385,11.43,1.351,40.12
"2025-12-11 02:00:00",3429,12.06,"2025-12-11 01:53:00",0.283,4.382,260.1,429.1,1.373,11.43,1.353,40.08
"2025-12-11 02:15:00",3430,12.07,"2025-12-11 02:03:00",0.256,4.361,260.1,429.4,1.396,11.43,1.353,40.04
"2025-12-11 02:30:00",3431,12.06,"2025-12-11 02:23:00",0.232,4.346,260.1,429.6,1.472,11.42,1.353,40.01
"2025-12-11 02:45:00",3432,12.06,"2025-12-11 02:36:50",0.212,"NAN","NAN","NAN","NAN","NAN",1.353,39.98
"2025-12-11 03:00:00",3433,12.06,"2025-12-11 02:46:50",0.198,4.309,260.2,430.2,1.406,11.42,1.354,39.95
"2025-12-11 03:15:00",3434,12.06,"2025-12-11 03:00:40",0.151,4.294,260.1,430.3,1.375,11.42,1.354,39.92
"2025-12-11 03:30:00",3435,12.06,"2025-12-11 03:23:00",0.134,4.281,260.2,430.6,1.363,11.42,1.354,39.9
"2025-12-11 03:45:00",3436,12.06,"2025-12-11 03:43:00",0.102,4.264,260.2,430.8,1.379,11.42,1.355,39.87
"2025-12-11 04:00:00",3437,12.06,"2025-12-11 03:46:40",0.064,4.25,260.1,430.9,1.402,11.41,1.356,39.84
"2025-12-11 04:15:00",3438,12.06,"2025-12-11 04:01:00",0.029,4.239,260.1,431.1,1.466,11.42,1.356,39.82
"2025-12-11 04:30:00",3439,12.05,"2025-12-11 04:23:00",-0.018,4.23,260.1,431.2,1.383,11.41,1.357,39.81
"2025-12-11 04:45:00",3440,12.06,"2025-12-11 04:31:00",-0.049,4.22,260.2,431.4,1.403,11.42,1.358,39.79
"2025-12-11 05:00:00",3441,12.05,"2025-12-11 04:53:00",-0.08,4.21,260.1,431.5,1.426,11.42,1.357,39.77
"2025-12-11 05:15:00",3442,12.05,"2025-12-11 05:00:50",-0.11,4.202,260.1,431.6,1.383,11.41,1.358,39.76
"2025-12-11 05:30:00",3443,12.05,"2025-12-11 05:16:50",-0.135,4.195,260.1,431.6,1.455,11.41,1.359,39.75
"2025-12-11 05:45:00",3444,12.05,"2025-12-11 05:30:50",-0.161,4.191,260.1,431.7,1.431,11.41,1.359,39.74
"2025-12-11 06:00:00",3445,12.05,"2025-12-11 05:53:00",-0.186,4.186,260.1,431.7,1.398,11.41,1.359,39.73
"2025-12-11 06:15:00",3446,12.05,"2025-12-11 06:00:50",-0.201,4.18,260,431.7,1.415,11.41,1.359,39.72
"2025-12-11 06:30:00",3447,12.05,"2025-12-11 06:23:00",-0.201,4.175,260,431.8,1.458,11.4,1.359,39.71
"2025-12-11 06:45:00",3448,12.04,"2025-12-11 06:45:00",-0.202,4.169,260,431.8,1.435,11.4,1.359,39.7
"2025-12-11 07:00:00",3449,12.04,"2025-12-11 06:53:00",-0.205,4.164,260,431.8,1.418,11.4,1.358,39.69
"2025-12-11 07:15:00",3450,12.04,"2025-12-11 07:01:00",-0.209,4.159,259.9,431.8,1.41,11.4,1.36,39.68
"2025-12-11 07:30:00",3451,12.04,"2025-12-11 07:25:00",-0.223,4.154,259.9,431.8,1.407,11.4,1.36,39.67
"2025-12-11 07:45:00",3452,12.04,"2025-12-11 07:31:00",-0.223,4.148,259.8,431.8,1.414,11.4,1.36,39.66
"2025-12-11 08:00:00",3453,12.04,"2025-12-11 07:57:00",-0.224,4.143,259.8,431.8,1.406,11.4,1.36,39.65
"2025-12-11 08:15:00",3454,12.04,"2025-12-11 08:00:50",-0.211,4.138,259.8,431.8,1.4,11.4,1.36,39.64
"2025-12-11 08:30:00",3455,12.04,"2025-12-11 08:29:00",-0.201,4.134,259.7,431.8,1.377,11.4,1.36,39.64
"2025-12-11 08:45:00",3456,12.04,"2025-12-11 08:37:00",-0.171,4.129,259.6,431.8,1.387,11.4,1.36,39.63
"2025-12-11 09:00:00",3457,12.05,"2025-12-11 08:46:40",-0.141,4.124,259.6,431.7,1.377,11.41,1.361,39.62
"2025-12-11 09:15:00",3458,12.06,"2025-12-11 09:00:30",-0.112,4.12,259.5,431.6,1.382,11.42,1.361,39.61
"2025-12-11 09:30:00",3459,12.06,"2025-12-11 09:23:00",-0.086,"NAN","NAN","NAN","NAN","NAN",1.361,39.61
"2025-12-11 09:45:00",3460,12.1,"2025-12-11 09:30:50",-0.044,4.116,259.3,431.4,1.373,11.46,1.361,39.61
"2025-12-11 10:00:00",3461,12.11,"2025-12-11 09:51:00",0,4.117,259.2,431.3,1.377,11.48,1.362,39.61
"2025-12-11 10:15:00",3462,12.15,"2025-12-11 10:00:40",0.044,4.119,259.1,431.1,1.377,11.52,1.362,39.61
"2025-12-11 10:30:00",3463,12.18,"2025-12-11 10:16:20",0.127,4.121,259,430.8,1.379,11.54,1.362,39.62
"2025-12-11 10:45:00",3464,12.18,"2025-12-11 10:34:50",0.239,4.124,258.9,430.6,1.359,11.54,1.361,39.62
"2025-12-11 11:00:00",3465,12.21,"2025-12-11 10:46:40",0.317,4.127,258.8,430.3,1.361,11.58,1.362,39.63
"2025-12-11 11:15:00",3466,12.26,"2025-12-11 11:01:00",0.412,4.135,258.6,430,1.366,11.63,1.362,39.64
"2025-12-11 11:30:00",3467,12.27,"2025-12-11 11:19:00",0.518,4.141,258.5,429.7,1.366,11.64,1.363,39.65
"2025-12-11 11:45:00",3468,12.29,"2025-12-11 11:31:00",0.616,4.146,258.4,429.4,1.352,11.66,1.363,39.66
"2025-12-11 12:00:00",3469,12.31,"2025-12-11 11:53:00",0.7,4.152,258.2,429,1.359,11.68,1.363,39.67
"2025-12-11 12:15:00",3470,12.3,"2025-12-11 12:09:00",0.743,4.155,258,428.7,1.368,11.66,1.364,39.68
"2025-12-11 12:30:00",3471,12.28,"2025-12-11 12:25:00",0.757,4.155,257.9,428.5,1.36,11.65,1.364,39.68
"2025-12-11 12:45:00",3472,12.28,"2025-12-11 12:31:00",0.781,4.158,257.8,428.2,1.365,11.67,1.364,39.68
"2025-12-11 13:00:00",3473,12.38,"2025-12-11 12:46:50",0.841,4.165,257.6,427.9,1.353,11.74,1.365,39.7
"2025-12-11 13:15:00",3474,12.41,"2025-12-11 13:00:30",0.916,4.172,257.4,427.5,1.365,11.77,1.365,39.71
"2025-12-11 13:30:00",3475,12.39,"2025-12-11 13:29:00",0.97,4.182,257.3,427.1,1.366,11.76,1.365,39.73
"2025-12-11 13:45:00",3476,12.38,"2025-12-11 13:35:00",1.009,4.188,257.1,426.7,1.359,11.75,1.366,39.74
"2025-12-11 14:00:00",3477,12.39,"2025-12-11 13:53:00",1.016,4.19,257,426.4,1.365,11.76,1.366,39.74
"2025-12-11 14:15:00",3478,12.38,"2025-12-11 14:09:00",1.042,4.195,256.8,426.1,1.363,11.75,1.366,39.75
"2025-12-11 14:30:00",3479,12.38,"2025-12-11 14:25:00",1.053,"NAN","NAN","NAN","NAN","NAN",1.367,39.76
"2025-12-11 14:45:00",3480,12.38,"2025-12-11 14:30:50",1.054,4.2,256.5,425.7,1.348,11.75,1.367,39.76
"2025-12-11 15:00:00",3481,12.39,"2025-12-11 14:59:00",1.099,4.207,256.4,425.3,1.352,11.81,1.368,39.77
"2025-12-11 15:15:00",3482,12.32,"2025-12-11 15:15:00",1.138,4.212,256.3,425.1,1.351,11.73,1.368,39.78
"2025-12-11 15:30:00",3483,12.3,"2025-12-11 15:21:00",1.103,4.207,256.2,425.1,1.373,11.67,1.368,39.77
"2025-12-11 15:45:00",3484,12.32,"2025-12-11 15:30:20",1.07,4.206,256.2,425,1.344,11.69,1.369,39.77
"2025-12-11 16:00:00",3485,12.28,"2025-12-11 15:59:00",1.057,4.205,256.1,424.9,1.352,11.69,1.37,39.77
"2025-12-11 16:15:00",3486,12.27,"2025-12-11 16:01:00",1.03,4.198,256.1,424.9,1.359,11.64,1.37,39.75
"2025-12-11 16:30:00",3487,12.25,"2025-12-11 16:29:00",0.989,4.196,256.1,424.9,1.359,11.63,1.37,39.75
"2025-12-11 16:45:00",3488,12.22,"2025-12-11 16:45:00",0.948,4.195,256,424.8,1.336,11.61,1.37,39.75
"2025-12-11 17:00:00",3489,12.2,"2025-12-11 16:57:00",0.913,4.191,256.1,425,1.347,11.57,1.371,39.74
"2025-12-11 17:15:00",3490,12.17,"2025-12-11 17:14:40",0.862,4.185,256.1,425.1,1.346,11.54,1.371,39.73
"2025-12-11 17:30:00",3491,12.15,"2025-12-11 17:23:00",0.8,4.176,256.1,425.3,1.343,11.52,1.372,39.71
"2025-12-11 17:45:00",3492,12.13,"2025-12-11 17:41:00",0.733,4.17,256.2,425.5,1.343,11.5,1.372,39.7
"2025-12-11 18:00:00",3493,12.12,"2025-12-11 17:56:40",0.658,4.164,256.3,425.7,1.354,11.49,1.373,39.69
"2025-12-11 18:15:00",3494,12.1,"2025-12-11 18:15:00",0.592,4.158,256.3,425.9,1.346,11.47,1.373,39.68
"2025-12-11 18:30:00",3495,12.09,"2025-12-11 18:23:00",0.54,4.154,256.4,426.1,1.357,11.45,1.373,39.67
"2025-12-11 18:45:00",3496,12.07,"2025-12-11 18:43:00",0.502,4.149,256.5,426.2,1.373,11.44,1.374,39.66
"2025-12-11 19:00:00",3497,12.07,"2025-12-11 18:53:00",0.445,4.144,256.6,426.5,1.351,11.43,1.375,39.65
"2025-12-11 19:15:00",3498,12.06,"2025-12-11 19:10:50",0.309,4.133,256.6,426.7,1.353,11.42,1.375,39.63
"2025-12-11 19:30:00",3499,12.05,"2025-12-11 19:23:00",0.129,4.121,256.6,426.8,1.343,11.41,1.375,39.61
"2025-12-11 19:45:00",3500,12.05,"2025-12-11 19:34:50",-0.02,"NAN","NAN","NAN","NAN","NAN",1.376,39.57
"2025-12-11 20:00:00",3501,12.04,"2025-12-11 19:50:50",-0.143,4.047,256.1,427,1.906,11.4,1.378,39.47
"2025-12-11 20:15:00",3502,12.03,"2025-12-11 20:14:50",-0.226,3.983,255.6,427,2.137,11.4,1.379,39.36
"2025-12-11 20:30:00",3503,12.03,"2025-12-11 20:22:50",-0.288,3.917,254.7,426.3,1.418,11.39,1.381,39.24
"2025-12-11 20:45:00",3504,12.03,"2025-12-11 20:30:50",-0.339,3.838,254.3,426.8,1.371,11.39,1.383,39.1
"2025-12-11 21:00:00",3505,12.03,"2025-12-11 20:46:50",-0.381,3.777,253.8,426.8,1.356,11.38,1.385,38.99
"2025-12-11 21:15:00",3506,12.03,"2025-12-11 21:00:40",-0.42,3.74,253.6,427,1.368,11.38,1.387,38.93
"2025-12-11 21:30:00",3507,12.02,"2025-12-11 21:23:00",-0.452,3.738,253.7,427.2,1.385,11.38,1.386,38.93
"2025-12-11 21:45:00",3508,12.02,"2025-12-11 21:41:00",-0.484,3.729,253.8,427.5,1.478,11.38,1.387,38.91
"2025-12-11 22:00:00",3509,12.02,"2025-12-11 21:47:00",-0.503,3.721,253.9,427.7,1.366,11.38,1.388,38.9
"2025-12-11 22:15:00",3510,12.02,"2025-12-11 22:03:00",-0.522,3.709,253.9,427.9,1.379,11.38,1.39,38.87
"2025-12-11 22:30:00",3511,12.02,"2025-12-11 22:17:00",-0.54,3.67,253.6,428,1.397,11.37,1.392,38.8
"2025-12-11 22:45:00",3512,12.02,"2025-12-11 22:30:50",-0.542,3.638,253.4,428.1,1.403,11.37,1.392,38.74
"2025-12-11 23:00:00",3513,12.01,"2025-12-11 22:53:00",-0.542,3.602,253.2,428.2,1.4,11.37,1.393,38.68
"2025-12-11 23:15:00",3514,12.01,"2025-12-11 23:03:00",-0.542,3.564,253,428.3,1.397,11.37,1.395,38.61
"2025-12-11 23:30:00",3515,12.01,"2025-12-11 23:17:00",-0.543,3.537,252.8,428.5,1.393,11.37,1.396,38.56
"2025-12-11 23:45:00",3516,12.01,"2025-12-11 23:31:00",-0.544,3.504,252.6,428.6,1.401,11.37,1.397,38.5
"2025-12-12 00:00:00",3517,12.01,"2025-12-11 23:47:00",-0.558,3.471,252.4,428.7,1.414,11.36,1.399,38.44
"2025-12-12 00:15:00",3518,12.01,"2025-12-12 00:02:10",-0.563,3.447,252.3,428.8,1.416,11.36,1.399,38.4
"2025-12-12 00:30:00",3519,12.01,"2025-12-12 00:17:00",-0.563,3.425,252.2,428.9,1.472,11.36,1.4,38.37
"2025-12-12 00:45:00",3520,12.01,"2025-12-12 00:30:40",-0.563,3.422,252.3,429.1,1.464,11.36,1.401,38.36
"2025-12-12 01:00:00",3521,12.01,"2025-12-12 00:46:30",-0.563,3.433,252.5,429.4,1.388,11.36,1.402,38.38
"2025-12-12 01:15:00",3522,12,"2025-12-12 01:07:00",-0.563,3.446,252.8,429.7,1.381,11.36,1.402,38.41
"2025-12-12 01:30:00",3523,12,"2025-12-12 01:21:00",-0.564,"NAN","NAN","NAN","NAN","NAN",1.403,38.43
"2025-12-12 01:45:00",3524,12,"2025-12-12 01:31:00",-0.585,3.458,253.1,430,1.402,11.36,1.404,38.42
"2025-12-12 02:00:00",3525,12,"2025-12-12 01:53:00",-0.585,3.446,253.1,430.1,1.391,11.35,1.405,38.4
"2025-12-12 02:15:00",3526,12,"2025-12-12 02:10:50",-0.585,3.438,253.1,430.2,1.352,11.35,1.405,38.39
"2025-12-12 02:30:00",3527,12,"2025-12-12 02:17:00",-0.585,3.422,252.9,430.3,1.345,11.35,1.406,38.36
"2025-12-12 02:45:00",3528,12,"2025-12-12 02:30:50",-0.585,3.391,252.7,430.2,1.383,11.35,1.407,38.3
"2025-12-12 03:00:00",3529,11.99,"2025-12-12 02:57:00",-0.585,3.346,252.2,430.1,1.357,11.35,1.41,38.22
"2025-12-12 03:15:00",3530,12,"2025-12-12 03:00:50",-0.585,3.275,251.5,429.8,1.369,11.35,1.412,38.09
"2025-12-12 03:30:00",3531,11.99,"2025-12-12 03:19:00",-0.585,3.24,251.1,429.7,1.424,11.35,1.413,38.03
"2025-12-12 03:45:00",3532,11.99,"2025-12-12 03:41:00",-0.585,3.213,250.8,429.6,1.423,11.35,1.414,37.98
"2025-12-12 04:00:00",3533,11.99,"2025-12-12 03:53:00",-0.585,3.192,250.6,429.5,1.395,11.35,1.415,37.95
"2025-12-12 04:15:00",3534,11.99,"2025-12-12 04:04:50",-0.584,3.19,250.6,429.5,1.393,11.35,1.416,37.95
"2025-12-12 04:30:00",3535,11.99,"2025-12-12 04:23:00",-0.575,3.194,250.6,429.5,1.393,11.34,1.417,37.95
"2025-12-12 04:45:00",3536,11.99,"2025-12-12 04:33:00",-0.564,3.196,250.7,429.5,1.403,11.34,1.418,37.96
"2025-12-12 05:00:00",3537,11.99,"2025-12-12 04:46:50",-0.563,3.197,250.7,429.5,1.407,11.34,1.419,37.96
"2025-12-12 05:15:00",3538,11.99,"2025-12-12 05:00:50",-0.55,3.208,250.8,429.6,1.419,11.34,1.419,37.98
"2025-12-12 05:30:00",3539,11.99,"2025-12-12 05:16:50",-0.543,3.216,250.8,429.6,1.545,11.34,1.421,37.99
"2025-12-12 05:45:00",3540,11.99,"2025-12-12 05:30:40",-0.542,3.221,250.9,429.6,1.625,11.34,1.422,38
"2025-12-12 06:00:00",3541,11.98,"2025-12-12 05:53:00",-0.542,3.227,250.9,429.6,1.592,11.33,1.423,38.01
"2025-12-12 06:15:00",3542,11.98,"2025-12-12 06:03:00",-0.542,3.224,250.9,429.6,1.466,11.34,1.424,38.01
"2025-12-12 06:30:00",3543,11.98,"2025-12-12 06:16:50",-0.524,3.225,250.9,429.6,1.431,11.33,1.424,38.01
"2025-12-12 06:45:00",3544,11.97,"2025-12-12 06:41:00",-0.509,3.23,251,429.6,1.433,11.33,1.426,38.02
"2025-12-12 07:00:00",3545,11.97,"2025-12-12 06:53:00",-0.5,"NAN","NAN","NAN","NAN","NAN",1.426,38.03
"2025-12-12 07:15:00",3546,11.97,"2025-12-12 07:03:00",-0.481,3.246,251.2,429.7,1.465,11.33,1.428,38.05
"2025-12-12 07:30:00",3547,11.97,"2025-12-12 07:19:00",-0.467,3.258,251.3,429.8,1.467,11.33,1.43,38.07
"2025-12-12 07:45:00",3548,11.97,"2025-12-12 07:31:00",-0.457,3.27,251.5,429.9,1.451,11.33,1.431,38.09
"2025-12-12 08:00:00",3549,11.97,"2025-12-12 07:46:40",-0.443,3.285,251.7,430,1.435,11.33,1.432,38.12
"2025-12-12 08:15:00",3550,11.94,"2025-12-12 08:02:10",-0.428,3.299,251.9,430.1,1.417,11.33,1.433,38.14
"2025-12-12 08:30:00",3551,11.96,"2025-12-12 08:16:40",-0.405,3.314,252,430.2,1.423,11.32,1.435,38.17
"2025-12-12 08:45:00",3552,11.97,"2025-12-12 08:32:40",-0.374,3.329,252.2,430.3,1.44,11.33,1.436,38.2
"2025-12-12 09:00:00",3553,11.96,"2025-12-12 08:48:40",-0.337,3.343,252.3,430.3,1.436,11.33,1.437,38.22
"2025-12-12 09:15:00",3554,11.97,"2025-12-12 09:05:00",-0.279,3.358,252.4,430.2,1.453,11.33,1.439,38.25
"2025-12-12 09:30:00",3555,11.97,"2025-12-12 09:17:00",-0.214,3.367,252.4,430.1,1.439,11.33,1.44,38.27
"2025-12-12 09:45:00",3556,11.99,"2025-12-12 09:30:30",-0.117,3.381,252.3,429.8,1.423,11.34,1.441,38.29
"2025-12-12 10:00:00",3557,12.02,"2025-12-12 09:47:00",0.006,3.413,252.4,429.4,1.43,11.4,1.442,38.35
"2025-12-12 10:15:00",3558,12.09,"2025-12-12 10:01:00",0.159,3.462,252.5,428.9,1.408,11.48,1.442,38.44
"2025-12-12 10:30:00",3559,12.22,"2025-12-12 10:16:40",0.306,3.507,252.5,428.4,1.429,11.61,1.443,38.52
"2025-12-12 10:45:00",3560,12.36,"2025-12-12 10:32:40",0.426,3.545,252.6,428,1.425,11.73,1.443,38.59
"2025-12-12 11:00:00",3561,12.42,"2025-12-12 10:46:30",0.535,3.583,252.6,427.5,1.411,11.8,1.445,38.66
"2025-12-12 11:15:00",3562,12.47,"2025-12-12 11:00:40",0.626,3.623,252.7,427,1.413,11.85,1.446,38.74
"2025-12-12 11:30:00",3563,12.52,"2025-12-12 11:21:00",0.732,3.685,252.8,426.4,1.409,11.88,1.447,38.85
"2025-12-12 11:45:00",3564,12.55,"2025-12-12 11:35:00",0.855,3.766,253.1,425.8,1.417,11.93,1.447,39
"2025-12-12 12:00:00",3565,12.62,"2025-12-12 11:47:00",0.964,3.829,253.3,425.2,1.412,12,1.447,39.11
"2025-12-12 12:15:00",3566,12.68,"2025-12-12 12:00:10",1.135,3.897,253.5,424.7,1.414,12.12,1.448,39.23
"2025-12-12 12:30:00",3567,12.7,"2025-12-12 12:28:50",1.256,3.978,253.8,424.1,1.411,12.12,1.449,39.38
"2025-12-12 12:45:00",3568,12.68,"2025-12-12 12:31:00",1.301,4.039,254,423.5,1.403,12.14,1.448,39.48
"2025-12-12 13:00:00",3569,12.77,"2025-12-12 12:53:00",1.493,4.127,254.3,422.9,1.4,12.17,1.449,39.65
"2025-12-12 13:15:00",3570,12.78,"2025-12-12 13:01:00",1.772,4.238,254.8,422.2,1.392,12.16,1.45,39.85
"2025-12-12 13:30:00",3571,12.78,"2025-12-12 13:20:20",2.099,4.346,255.3,421.6,1.391,12.18,1.451,40.05
"2025-12-12 13:45:00",3572,12.79,"2025-12-12 13:44:50",2.498,4.451,255.8,421,1.402,12.23,1.453,40.23
"2025-12-12 14:00:00",3573,12.76,"2025-12-12 13:53:00",2.517,4.473,255.7,420.7,1.398,12.15,1.452,40.24
"2025-12-12 14:15:00",3574,12.78,"2025-12-12 14:12:40",2.413,4.434,255.3,420.5,1.387,12.16,1.452,40.18
"2025-12-12 14:30:00",3575,12.76,"2025-12-12 14:27:00",2.242,4.424,255.1,420.2,1.393,12.15,1.452,40.16
"2025-12-12 14:45:00",3576,12.76,"2025-12-12 14:42:50",2.082,4.429,255,420,1.407,12.13,1.452,40.17
"2025-12-12 15:00:00",3577,12.74,"2025-12-12 14:50:50",1.938,4.436,254.9,419.7,1.406,12.12,1.453,40.19
"2025-12-12 15:15:00",3578,12.72,"2025-12-12 15:15:00",1.824,4.449,254.8,419.4,1.398,12.14,1.454,40.21
"2025-12-12 15:30:00",3579,12.68,"2025-12-12 15:28:40",1.73,4.457,254.8,419.3,1.39,12.12,1.454,40.22
"2025-12-12 15:45:00",3580,12.6,"2025-12-12 15:45:00",1.665,4.461,254.7,419.1,1.399,12.07,1.453,40.23
"2025-12-12 16:00:00",3581,12.57,"2025-12-12 15:59:00",1.594,4.471,254.8,419.1,1.397,11.96,1.453,40.25
"2025-12-12 16:15:00",3582,12.52,"2025-12-12 16:14:40",1.525,4.489,255,419.2,1.395,11.91,1.454,40.28
"2025-12-12 16:30:00",3583,12.48,"2025-12-12 16:29:00",1.438,4.508,255.1,419.2,1.406,11.86,1.453,40.31
"2025-12-12 16:45:00",3584,12.42,"2025-12-12 16:43:00",1.333,4.516,255.3,419.4,1.401,11.82,1.453,40.32
"2025-12-12 17:00:00",3585,12.41,"2025-12-12 16:57:00",1.243,4.509,255.4,419.6,1.391,11.78,1.453,40.31
"2025-12-12 17:15:00",3586,12.38,"2025-12-12 17:15:00",1.159,4.496,255.5,419.9,1.382,11.75,1.453,40.29
"2025-12-12 17:30:00",3587,12.36,"2025-12-12 17:23:00",1.081,4.481,255.5,420.2,1.403,11.73,1.453,40.26
"2025-12-12 17:45:00",3588,12.35,"2025-12-12 17:39:00",1.014,4.466,255.6,420.5,1.389,11.71,1.452,40.23
"2025-12-12 18:00:00",3589,12.34,"2025-12-12 17:53:00",0.949,4.456,255.6,420.7,1.399,11.7,1.453,40.21
"2025-12-12 18:15:00",3590,12.33,"2025-12-12 18:02:10",0.888,4.448,255.7,420.9,1.392,11.69,1.453,40.2
"2025-12-12 18:30:00",3591,12.32,"2025-12-12 18:23:00",0.834,4.443,255.7,421.1,1.401,11.68,1.452,40.19
"2025-12-12 18:45:00",3592,12.31,"2025-12-12 18:42:50",0.792,4.44,255.8,421.2,1.392,11.68,1.452,40.19
"2025-12-12 19:00:00",3593,12.3,"2025-12-12 18:58:30",0.756,4.438,255.9,421.4,1.397,11.66,1.452,40.18
"2025-12-12 19:15:00",3594,12.27,"2025-12-12 19:02:00",0.716,4.436,256,421.6,1.404,11.66,1.452,40.18
"2025-12-12 19:30:00",3595,12.29,"2025-12-12 19:28:50",0.678,4.435,256.1,421.7,1.396,11.65,1.451,40.18
"2025-12-12 19:45:00",3596,12.28,"2025-12-12 19:30:30",0.62,4.427,256.1,421.9,1.411,11.65,1.452,40.16
"2025-12-12 20:00:00",3597,12.28,"2025-12-12 19:53:00",0.532,"NAN","NAN","NAN","NAN","NAN",1.451,40.13
"2025-12-12 20:15:00",3598,12.27,"2025-12-12 20:02:30",0.43,4.39,256,422.3,1.402,11.63,1.451,40.09
"2025-12-12 20:30:00",3599,12.26,"2025-12-12 20:23:00",0.325,4.365,255.9,422.4,1.407,11.63,1.452,40.05
"2025-12-12 20:45:00",3600,12.26,"2025-12-12 20:34:30",0.213,4.34,255.9,422.6,1.453,11.62,1.451,40
"2025-12-12 21:00:00",3601,12.26,"2025-12-12 20:52:50",0.091,4.316,255.8,422.8,1.442,11.62,1.452,39.96
"2025-12-12 21:15:00",3602,12.25,"2025-12-12 21:02:10",-0.016,4.29,255.7,423.1,1.385,11.62,1.451,39.91
"2025-12-12 21:30:00",3603,12.25,"2025-12-12 21:16:50",-0.116,4.265,255.6,423.2,1.479,11.61,1.451,39.87
"2025-12-12 21:45:00",3604,12.24,"2025-12-12 21:44:30",-0.212,4.239,255.6,423.5,1.398,11.61,1.45,39.82
"2025-12-12 22:00:00",3605,12.24,"2025-12-12 21:46:40",-0.311,4.213,255.5,423.7,1.586,11.6,1.451,39.78
"2025-12-12 22:15:00",3606,12.23,"2025-12-12 22:02:10",-0.399,4.186,255.4,423.9,1.385,11.6,1.45,39.73
"2025-12-12 22:30:00",3607,12.23,"2025-12-12 22:18:40",-0.481,4.16,255.3,424.2,1.385,11.59,1.451,39.68
"2025-12-12 22:45:00",3608,12.22,"2025-12-12 22:44:50",-0.557,4.134,255.2,424.4,1.397,11.58,1.451,39.63
"2025-12-12 23:00:00",3609,12.22,"2025-12-12 22:53:00",-0.618,4.108,255.2,424.6,1.459,11.58,1.45,39.59
"2025-12-12 23:15:00",3610,12.22,"2025-12-12 23:01:00",-0.682,"NAN","NAN","NAN","NAN","NAN",1.45,39.54
"2025-12-12 23:30:00",3611,12.21,"2025-12-12 23:23:00",-0.761,4.05,255,425.2,1.437,11.57,1.45,39.48
"2025-12-12 23:45:00",3612,12.21,"2025-12-12 23:36:40",-0.858,4.019,254.9,425.4,1.388,11.57,1.451,39.43
"2025-12-13 00:00:00",3613,12.2,"2025-12-12 23:59:00",-0.955,3.989,254.9,425.7,1.376,11.56,1.449,39.37
"2025-12-13 00:15:00",3614,12.2,"2025-12-13 00:03:00",-1.042,3.962,254.8,426,1.36,11.55,1.449,39.33
"2025-12-13 00:30:00",3615,12.2,"2025-12-13 00:19:00",-1.157,3.937,254.7,426.2,1.368,11.55,1.45,39.28
"2025-12-13 00:45:00",3616,12.19,"2025-12-13 00:37:00",-1.242,3.913,254.7,426.5,1.368,11.55,1.449,39.24
"2025-12-13 01:00:00",3617,12.18,"2025-12-13 00:51:00",-1.326,3.889,254.6,426.7,1.371,11.54,1.449,39.19
"2025-12-13 01:15:00",3618,12.16,"2025-12-13 01:02:00",-1.409,3.864,254.6,426.9,1.396,11.54,1.449,39.15
"2025-12-13 01:30:00",3619,12.18,"2025-12-13 01:22:50",-1.484,3.84,254.5,427.1,1.396,11.53,1.449,39.11
"2025-12-13 01:45:00",3620,12.17,"2025-12-13 01:33:00",-1.572,3.814,254.4,427.4,1.368,11.53,1.449,39.06
"2025-12-13 02:00:00",3621,12.17,"2025-12-13 01:51:00",-1.681,3.792,254.4,427.5,1.373,11.52,1.448,39.02
"2025-12-13 02:15:00",3622,12.16,"2025-12-13 02:09:00",-1.811,3.771,254.3,427.7,1.356,11.52,1.448,38.98
"2025-12-13 02:30:00",3623,12.16,"2025-12-13 02:16:50",-1.933,3.751,254.2,427.9,1.408,11.52,1.448,38.95
"2025-12-13 02:45:00",3624,12.15,"2025-12-13 02:43:00",-2.063,3.732,254.1,428,1.377,11.51,1.448,38.92
"2025-12-13 03:00:00",3625,12.15,"2025-12-13 02:53:00",-2.212,3.717,254.1,428.1,1.363,11.51,1.447,38.89
"2025-12-13 03:15:00",3626,12.15,"2025-12-13 03:14:50",-2.197,3.712,254.1,428.2,1.371,11.5,1.448,38.88
"2025-12-13 03:30:00",3627,12.14,"2025-12-13 03:23:00",-2.044,3.71,254.1,428.3,1.417,11.5,1.447,38.88
"2025-12-13 03:45:00",3628,12.14,"2025-12-13 03:40:40",-1.829,3.709,254.2,428.4,1.406,11.5,1.447,38.88
"2025-12-13 04:00:00",3629,12.13,"2025-12-13 03:56:50",-1.623,3.709,254.3,428.6,1.385,11.49,1.447,38.88
"2025-12-13 04:15:00",3630,12.13,"2025-12-13 04:03:00",-1.454,3.709,254.3,428.6,1.405,11.49,1.446,38.88
"2025-12-13 04:30:00",3631,12.13,"2025-12-13 04:23:00",-1.315,3.709,254.4,428.8,1.417,11.49,1.446,38.88
"2025-12-13 04:45:00",3632,12.12,"2025-12-13 04:38:50",-1.194,3.71,254.4,428.8,1.472,11.48,1.445,38.88
"2025-12-13 05:00:00",3633,12.12,"2025-12-13 04:47:00",-1.087,3.708,254.5,428.9,1.637,11.48,1.445,38.87
"2025-12-13 05:15:00",3634,12.12,"2025-12-13 05:05:00",-0.998,3.707,254.5,429,1.433,11.48,1.444,38.87
"2025-12-13 05:30:00",3635,12.12,"2025-12-13 05:17:00",-0.944,3.705,254.6,429.1,1.437,11.48,1.444,38.87
"2025-12-13 05:45:00",3636,12.11,"2025-12-13 05:35:00",-0.899,3.702,254.6,429.2,1.423,11.47,1.443,38.86
"2025-12-13 06:00:00",3637,12.11,"2025-12-13 05:53:00",-0.879,3.701,254.7,429.3,1.423,11.46,1.443,38.86
"2025-12-13 06:15:00",3638,12.1,"2025-12-13 06:06:50",-0.848,3.7,254.7,429.4,1.411,11.46,1.442,38.86
"2025-12-13 06:30:00",3639,12.1,"2025-12-13 06:17:00",-0.816,3.7,254.8,429.6,1.41,11.46,1.443,38.86
"2025-12-13 06:45:00",3640,12.1,"2025-12-13 06:37:00",-0.793,3.704,254.9,429.6,1.428,11.45,1.442,38.87
"2025-12-13 07:00:00",3641,12.09,"2025-12-13 06:54:40",-0.764,3.705,255,429.8,1.408,11.45,1.442,38.87
"2025-12-13 07:15:00",3642,12.09,"2025-12-13 07:02:50",-0.737,3.706,255.1,429.9,1.415,11.45,1.442,38.87
"2025-12-13 07:30:00",3643,12.08,"2025-12-13 07:27:00",-0.719,"NAN","NAN","NAN","NAN","NAN",1.442,38.87
"2025-12-13 07:45:00",3644,12.08,"2025-12-13 07:35:00",-0.712,3.704,255.2,430.1,1.417,11.44,1.442,38.87
"2025-12-13 08:00:00",3645,12.07,"2025-12-13 07:51:00",-0.727,3.702,255.2,430.2,1.403,11.43,1.441,38.86
"2025-12-13 08:15:00",3646,12.07,"2025-12-13 08:01:00",-0.734,3.702,255.3,430.3,1.386,11.43,1.441,38.86
"2025-12-13 08:30:00",3647,12.07,"2025-12-13 08:19:00",-0.734,3.702,255.3,430.4,1.389,11.43,1.44,38.86
"2025-12-13 08:45:00",3648,12.07,"2025-12-13 08:31:00",-0.727,3.702,255.3,430.4,1.4,11.43,1.439,38.87
"2025-12-13 09:00:00",3649,12.07,"2025-12-13 08:46:50",-0.71,3.705,255.4,430.4,1.4,11.43,1.439,38.87
"2025-12-13 09:15:00",3650,12.09,"2025-12-13 09:13:00",-0.67,3.709,255.4,430.4,1.386,11.45,1.438,38.88
"2025-12-13 09:30:00",3651,12.09,"2025-12-13 09:16:40",-0.61,3.717,255.4,430.3,1.367,11.46,1.438,38.89
"2025-12-13 09:45:00",3652,12.11,"2025-12-13 09:30:50",-0.536,3.726,255.4,430.2,1.38,11.48,1.438,38.91
"2025-12-13 10:00:00",3653,12.14,"2025-12-13 09:46:30",-0.456,3.734,255.3,430,1.36,11.5,1.437,38.92
"2025-12-13 10:15:00",3654,12.18,"2025-12-13 10:00:50",-0.357,3.746,255.2,429.7,1.357,11.55,1.437,38.95
"2025-12-13 10:30:00",3655,12.23,"2025-12-13 10:16:30",-0.24,3.76,255.2,429.4,1.354,11.6,1.437,38.97
"2025-12-13 10:45:00",3656,12.28,"2025-12-13 10:31:00",-0.107,3.779,255.1,429,1.353,11.65,1.436,39.01
"2025-12-13 11:00:00",3657,12.32,"2025-12-13 10:47:00",0.015,3.797,255,428.6,1.354,11.69,1.436,39.04
"2025-12-13 11:15:00",3658,12.38,"2025-12-13 11:00:20",0.136,3.818,254.9,428.1,1.337,11.75,1.435,39.08
"2025-12-13 11:30:00",3659,12.38,"2025-12-13 11:22:40",0.255,3.838,254.8,427.6,1.35,11.75,1.435,39.11
"2025-12-13 11:45:00",3660,12.41,"2025-12-13 11:30:10",0.332,3.854,254.7,427.2,1.343,11.79,1.434,39.14
"2025-12-13 12:00:00",3661,12.47,"2025-12-13 11:47:00",0.403,3.875,254.5,426.7,1.332,11.85,1.434,39.18
"2025-12-13 12:15:00",3662,12.47,"2025-12-13 12:00:40",0.47,3.895,254.4,426.2,1.333,11.92,1.433,39.22
"2025-12-13 12:30:00",3663,12.63,"2025-12-13 12:29:40",0.585,3.94,254.3,425.5,1.339,12.12,1.434,39.31
"2025-12-13 12:45:00",3664,12.58,"2025-12-13 12:45:00",0.7,3.976,254.2,424.7,1.343,12.04,1.433,39.36
"2025-12-13 13:00:00",3665,12.58,"2025-12-13 12:47:00",0.751,4,254,424.1,1.333,11.97,1.433,39.41
"2025-12-13 13:15:00",3666,12.62,"2025-12-13 13:15:00",0.776,4.025,253.9,423.6,1.321,12.03,1.433,39.45
"2025-12-13 13:30:00",3667,12.61,"2025-12-13 13:25:00",0.808,4.04,253.7,423.1,1.327,11.98,1.432,39.48
"2025-12-13 13:45:00",3668,12.62,"2025-12-13 13:33:00",0.837,4.053,253.6,422.7,1.319,11.98,1.433,39.5
"2025-12-13 14:00:00",3669,12.57,"2025-12-13 13:53:00",0.84,4.069,253.5,422.3,1.325,11.96,1.432,39.53
"2025-12-13 14:15:00",3670,12.52,"2025-12-13 14:15:00",0.825,4.079,253.3,421.9,1.329,11.92,1.432,39.55
"2025-12-13 14:30:00",3671,12.5,"2025-12-13 14:17:00",0.792,"NAN","NAN","NAN","NAN","NAN",1.432,39.55
"2025-12-13 14:45:00",3672,12.44,"2025-12-13 14:45:00",0.765,"NAN","NAN","NAN","NAN","NAN",1.432,39.55
"2025-12-13 15:00:00",3673,12.41,"2025-12-13 14:58:40",0.73,4.076,253.1,421.6,1.319,11.79,1.432,39.53
"2025-12-13 15:15:00",3674,12.38,"2025-12-13 15:13:00",0.684,4.065,253.1,421.7,1.324,11.76,1.431,39.52
"2025-12-13 15:30:00",3675,12.37,"2025-12-13 15:26:40",0.641,4.055,253.1,421.8,1.333,11.74,1.431,39.5
"2025-12-13 15:45:00",3676,12.35,"2025-12-13 15:43:00",0.593,4.043,253.1,421.9,1.333,11.73,1.431,39.48
"2025-12-13 16:00:00",3677,12.33,"2025-12-13 15:53:00",0.547,4.034,253.1,422.1,1.332,11.7,1.431,39.46
