"TOA5","IFA_Wyandotte_Lake","CR800","47629","CR800.Std.32.05","CPU:Blue_River_Wyandotte_Mill.CR8","61453","Wyandotte_15_min"
"TIMESTAMP","RECORD","BattV_Min","BattV_TMn","PTemp_C_Avg","Temperature_Avg","Cond_Avg","Sp_Cond_Avg","Turbidity_Avg","Cable_Pwr_Avg","Lvl_ft_Avg","Temp_F_2_Avg"
"TS","RN","Volts","","Deg C","C","uS/cm","uS/Cm","NTU","volts","feet","deg F"
"","","Min","TMn","Avg","Avg","Avg","Avg","Avg","Avg","Avg","Avg"
"2025-11-04 13:15:00",5,9.96,"2025-11-04 13:08:20",18.58,"NAN","NAN","NAN","NAN","NAN",1.756,51.3
"2025-11-04 13:30:00",6,12.44,"2025-11-04 13:28:30",18.97,10.57,299.7,413.7,1.737,11.5,1.753,51.29
"2025-11-04 13:45:00",7,12.46,"2025-11-04 13:31:00",19.37,10.64,300.2,413.6,0.677,11.51,1.753,51.41
"2025-11-04 14:00:00",8,12.44,"2025-11-04 13:58:40",19.8,10.72,300.7,413.5,0.323,11.54,1.75,51.54
"2025-11-04 14:15:00",9,12.43,"2025-11-04 14:14:30",19.6,10.75,300.9,413.4,0.249,11.49,1.748,51.6
"2025-11-04 14:30:00",10,12.39,"2025-11-04 14:28:50",19.3,10.77,301,413.3,0.181,11.48,1.746,51.64
"2025-11-04 14:45:00",11,12.33,"2025-11-04 14:44:50",18.92,10.79,301.1,413.2,0.175,11.41,1.744,51.67
"2025-11-04 15:00:00",12,12.31,"2025-11-04 14:47:00",18.46,10.81,301.3,413.3,0.247,11.38,1.742,51.71
"2025-11-04 15:15:00",13,12.35,"2025-11-04 15:00:30",18.06,10.84,301.4,413.2,0.133,11.42,1.741,51.75
"2025-11-04 15:30:00",14,12.39,"2025-11-04 15:29:00",17.89,10.86,301.6,413.1,0.171,11.47,1.739,51.8
"2025-11-04 15:45:00",15,12.33,"2025-11-04 15:45:00",17.87,10.89,301.8,413.1,0.189,11.41,1.737,51.85
"2025-11-04 16:00:00",16,12.32,"2025-11-04 15:56:50",17.81,10.91,301.9,413,0.192,11.37,1.736,51.88
"2025-11-04 16:15:00",17,12.3,"2025-11-04 16:13:00",17.67,10.93,302,413,0.185,11.35,1.734,51.92
"2025-11-04 16:30:00",18,12.26,"2025-11-04 16:28:20",17.43,10.95,302.1,413,0.147,11.32,1.732,51.94
"2025-11-04 16:45:00",19,12.25,"2025-11-04 16:42:40",17.06,10.96,302.3,413,0.13,11.29,1.731,51.98
"2025-11-04 17:00:00",20,12.19,"2025-11-04 16:56:20",16.62,"NAN","NAN","NAN","NAN","NAN",1.729,52
"2025-11-04 17:15:00",21,12.2,"2025-11-04 17:15:00",16.14,10.99,302.4,413,0.102,11.23,1.728,52.01
"2025-11-04 17:30:00",22,12.19,"2025-11-04 17:28:50",15.6,10.99,302.5,413,0.111,11.22,1.726,52.03
"2025-11-04 17:45:00",23,12.17,"2025-11-04 17:41:00",15.01,11,302.7,413.1,0.133,11.21,1.725,52.04
"2025-11-04 18:00:00",24,12.16,"2025-11-04 17:51:00",14.38,11.01,302.7,413.2,0.082,11.2,1.723,52.05
"2025-11-04 18:15:00",25,12.16,"2025-11-04 18:00:50",13.75,11.01,302.9,413.3,0.103,11.19,1.722,52.06
"2025-11-04 18:30:00",26,12.15,"2025-11-04 18:25:00",13.16,11.01,303,413.4,0.102,11.18,1.72,52.06
"2025-11-04 18:45:00",27,12.14,"2025-11-04 18:39:00",12.6,11.02,303.1,413.5,0.129,11.14,1.718,52.07
"2025-11-04 19:00:00",28,12.13,"2025-11-04 18:47:00",12.08,11.02,303.2,413.7,0.094,11.15,1.716,52.07
"2025-11-04 19:15:00",29,12.13,"2025-11-04 19:12:40",11.61,11.02,303.3,413.8,0.099,11.13,1.715,52.06
"2025-11-04 19:30:00",30,12.13,"2025-11-04 19:29:00",11.17,11.01,303.3,413.9,0.087,11.13,1.712,52.06
"2025-11-04 19:45:00",31,12.12,"2025-11-04 19:43:00",10.75,11.01,303.4,414,0.093,11.12,1.71,52.06
"2025-11-04 20:00:00",32,12.13,"2025-11-04 19:56:10",10.38,11.01,303.4,414.1,0.135,11.13,1.71,52.05
"2025-11-04 20:15:00",33,12.12,"2025-11-04 20:12:40",10.03,11,303.5,414.2,0.093,11.12,1.708,52.04
"2025-11-04 20:30:00",34,12.12,"2025-11-04 20:24:50",9.69,11,303.5,414.3,0.063,11.12,1.706,52.03
"2025-11-04 20:45:00",35,12.1,"2025-11-04 20:36:50",9.35,10.99,303.6,414.5,0.021,11.09,1.704,52.02
"2025-11-04 21:00:00",36,12.11,"2025-11-04 20:52:40",9.05,10.98,303.5,414.5,0.035,11.1,1.702,52
"2025-11-04 21:15:00",37,12.1,"2025-11-04 21:01:00",8.78,10.97,303.6,414.7,0.086,11.1,1.701,51.99
"2025-11-04 21:30:00",38,12.1,"2025-11-04 21:28:10",8.52,10.96,303.6,414.7,0.055,11.1,1.7,51.97
"2025-11-04 21:45:00",39,12.09,"2025-11-04 21:45:00",8.27,10.95,303.6,414.9,0.015,11.08,1.697,51.95
"2025-11-04 22:00:00",40,12.09,"2025-11-04 21:46:50",8.01,10.94,303.6,415,0.009,11.1,1.695,51.93
"2025-11-04 22:15:00",41,12.09,"2025-11-04 22:01:00",7.791,10.93,303.6,415.1,0.069,11.1,1.695,51.91
"2025-11-04 22:30:00",42,12.08,"2025-11-04 22:27:00",7.582,10.92,303.6,415.3,0.049,11.09,1.692,51.89
"2025-11-04 22:45:00",43,12.08,"2025-11-04 22:30:50",7.379,10.91,303.6,415.5,0.007,11.08,1.69,51.86
"2025-11-04 23:00:00",44,12.08,"2025-11-04 22:55:00",7.179,10.89,303.6,415.6,0.053,11.08,1.689,51.83
"2025-11-04 23:15:00",45,12.08,"2025-11-04 23:07:00",6.988,10.87,303.5,415.7,0.047,11.08,1.687,51.81
"2025-11-04 23:30:00",46,12.07,"2025-11-04 23:28:10",6.801,10.86,303.5,415.8,0.021,11.06,1.685,51.78
"2025-11-04 23:45:00",47,12.07,"2025-11-04 23:31:00",6.622,10.84,303.5,416,0.049,11.07,1.683,51.75
"2025-11-05 00:00:00",48,12.07,"2025-11-04 23:57:00",6.463,10.82,303.5,416.2,-0.001,11.06,1.682,51.72
"2025-11-05 00:15:00",49,12.05,"2025-11-05 00:00:40",6.318,10.81,303.4,416.2,0.097,11.05,1.68,51.69
"2025-11-05 00:30:00",50,12.06,"2025-11-05 00:24:40",6.178,10.79,303.3,416.4,0.045,11.04,1.678,51.66
"2025-11-05 00:45:00",51,12.06,"2025-11-05 00:30:30",6.056,10.77,303.4,416.6,0.027,11.04,1.677,51.62
"2025-11-05 01:00:00",52,12.05,"2025-11-05 00:57:00",5.955,10.75,303.3,416.6,-0.019,11.05,1.675,51.59
"2025-11-05 01:15:00",53,12.05,"2025-11-05 01:11:00",5.842,10.73,303.2,416.7,-0.015,11.03,1.673,51.56
"2025-11-05 01:30:00",54,12.05,"2025-11-05 01:22:30",5.727,10.71,303.1,416.9,-0.032,11.03,1.671,51.52
"2025-11-05 01:45:00",55,12.04,"2025-11-05 01:45:00",5.619,10.69,303.1,417,-0.021,11.03,1.67,51.48
"2025-11-05 02:00:00",56,12.04,"2025-11-05 01:47:00",5.52,10.67,303,417.1,-0.04,11.03,1.668,51.45
"2025-11-05 02:15:00",57,12.04,"2025-11-05 02:02:30",5.412,10.65,302.9,417.3,-0.01,11.03,1.666,51.41
"2025-11-05 02:30:00",58,12.04,"2025-11-05 02:26:30",5.34,10.63,302.8,417.4,-0.057,11.04,1.664,51.36
"2025-11-05 02:45:00",59,12.04,"2025-11-05 02:30:50",5.293,10.6,302.7,417.5,-0.038,11.02,1.663,51.32
"2025-11-05 03:00:00",60,12.03,"2025-11-05 02:57:00",5.254,10.58,302.6,417.6,0.013,11.01,1.661,51.28
"2025-11-05 03:15:00",61,12.03,"2025-11-05 03:01:00",5.214,10.56,302.5,417.7,-0.052,11.01,1.66,51.24
"2025-11-05 03:30:00",62,12.03,"2025-11-05 03:28:30",5.161,10.53,302.3,417.8,-0.039,11.03,1.658,51.19
"2025-11-05 03:45:00",63,12.02,"2025-11-05 03:40:40",5.11,"NAN","NAN","NAN","NAN","NAN",1.656,51.14
"2025-11-05 04:00:00",64,12.02,"2025-11-05 03:59:00",5.043,10.48,302.1,418,-0.025,11,1.655,51.1
"2025-11-05 04:15:00",65,12.02,"2025-11-05 04:03:00",4.969,10.45,301.9,418.1,-0.017,11.01,1.653,51.05
"2025-11-05 04:30:00",66,12.02,"2025-11-05 04:28:50",4.897,10.43,301.8,418.2,0.004,11.01,1.65,51
"2025-11-05 04:45:00",67,12.02,"2025-11-05 04:41:00",4.842,10.4,301.7,418.3,0.033,10.99,1.648,50.95
"2025-11-05 05:00:00",68,12.02,"2025-11-05 04:51:00",4.79,10.37,301.5,418.4,0.021,10.99,1.647,50.91
"2025-11-05 05:15:00",69,12.02,"2025-11-05 05:00:40",4.775,10.35,301.4,418.5,0.013,11,1.645,50.86
"2025-11-05 05:30:00",70,12.01,"2025-11-05 05:28:50",4.813,10.32,301.2,418.6,-0.019,11,1.642,50.82
"2025-11-05 05:45:00",71,12.01,"2025-11-05 05:41:00",4.895,10.3,301.1,418.6,-0.043,10.98,1.64,50.78
"2025-11-05 06:00:00",72,12.01,"2025-11-05 05:58:40",5.02,10.28,301,418.7,-0.03,10.99,1.638,50.74
"2025-11-05 06:15:00",73,12.01,"2025-11-05 06:00:40",5.177,10.26,300.8,418.8,-0.029,11,1.636,50.7
"2025-11-05 06:30:00",74,12.01,"2025-11-05 06:23:00",5.383,10.24,300.7,418.8,-0.038,10.99,1.634,50.67
"2025-11-05 06:45:00",75,12.01,"2025-11-05 06:30:50",5.578,10.22,300.6,418.9,-0.053,10.98,1.632,50.64
"2025-11-05 07:00:00",76,12,"2025-11-05 06:53:00",5.758,10.2,300.6,419,0.019,11,1.631,50.61
"2025-11-05 07:15:00",77,12,"2025-11-05 07:01:00",5.937,10.19,300.5,419,-0.017,10.99,1.63,50.58
"2025-11-05 07:30:00",78,12,"2025-11-05 07:17:00",6.122,10.17,300.4,419,0.027,10.99,1.628,50.56
"2025-11-05 07:45:00",79,12,"2025-11-05 07:31:00",6.332,10.16,300.3,419.1,-0.007,10.98,1.626,50.54
"2025-11-05 08:00:00",80,12.01,"2025-11-05 07:47:00",6.544,10.15,300.2,419.1,-0.055,11,1.624,50.52
"2025-11-05 08:15:00",81,12.01,"2025-11-05 08:03:00",6.815,10.14,300.2,419.1,-0.066,11,1.622,50.5
"2025-11-05 08:30:00",82,12.02,"2025-11-05 08:16:10",7.125,10.14,300.2,419.2,-0.102,11,1.621,50.49
"2025-11-05 08:45:00",83,12.03,"2025-11-05 08:30:40",7.625,10.14,300.2,419.2,-0.033,11.02,1.619,50.49
"2025-11-05 09:00:00",84,12.04,"2025-11-05 08:46:50",8.33,10.14,300.2,419.2,-0.108,11.05,1.617,50.5
"2025-11-05 09:15:00",85,12.08,"2025-11-05 09:04:40",9.2,10.15,300.3,419.2,-0.084,11.1,1.616,50.52
"2025-11-05 09:30:00",86,12.2,"2025-11-05 09:15:10",10.27,10.17,300.4,419.1,-0.109,11.32,1.615,50.56
"2025-11-05 09:45:00",87,12.52,"2025-11-05 09:40:20",12.03,10.2,300.6,419.1,-0.125,11.82,1.613,50.61
"2025-11-05 10:00:00",88,12.6,"2025-11-05 09:45:10",13.85,10.23,300.8,419.1,-0.115,11.72,1.612,50.67
"2025-11-05 10:15:00",89,12.59,"2025-11-05 10:06:10",15.26,10.27,301.1,419,-0.115,11.75,1.61,50.74
"2025-11-05 10:30:00",90,12.52,"2025-11-05 10:28:20",16.47,10.32,301.5,418.9,-0.143,11.65,1.609,50.82
"2025-11-05 10:45:00",91,12.54,"2025-11-05 10:31:00",17.54,10.38,301.9,418.8,-0.128,11.64,1.608,50.91
"2025-11-05 11:00:00",92,12.62,"2025-11-05 10:55:00",18.42,10.42,302.2,418.8,-0.091,11.82,1.606,50.99
"2025-11-05 11:15:00",93,12.58,"2025-11-05 11:10:00",18.97,10.44,302.4,418.9,-0.082,11.68,1.605,51.05
"2025-11-05 11:30:00",94,12.74,"2025-11-05 11:15:10",19.26,10.48,302.7,418.8,-0.11,11.93,1.602,51.12
"2025-11-05 11:45:00",95,12.74,"2025-11-05 11:45:00",20.39,10.54,303.2,418.9,0.108,12.54,1.601,51.23
"2025-11-05 12:00:00",96,12.74,"2025-11-05 11:45:20",21.33,10.61,303.7,418.8,-0.172,11.9,1.602,51.36
"2025-11-05 12:15:00",97,12.69,"2025-11-05 12:10:40",21.93,10.7,304.3,418.6,-0.145,11.94,1.601,51.5
"2025-11-05 12:30:00",98,12.97,"2025-11-05 12:16:10",22.48,10.77,304.8,418.6,-0.144,12.15,1.599,51.64
"2025-11-05 12:45:00",99,12.57,"2025-11-05 12:45:00",22.78,10.85,305.5,418.6,-0.179,11.9,1.597,51.77
"2025-11-05 13:00:00",100,12.53,"2025-11-05 12:58:50",22.65,10.91,305.9,418.5,-0.091,11.61,1.595,51.89
"2025-11-05 13:15:00",101,12.49,"2025-11-05 13:02:20",22.5,10.98,306.4,418.5,-0.157,11.58,1.595,52.01
"2025-11-05 13:30:00",102,12.49,"2025-11-05 13:28:50",22.33,11.03,306.8,418.5,-0.179,11.56,1.594,52.11
"2025-11-05 13:45:00",103,12.48,"2025-11-05 13:43:00",22.42,11.09,307.3,418.5,-0.149,11.54,1.593,52.22
"2025-11-05 14:00:00",104,12.47,"2025-11-05 13:58:40",22.49,11.16,307.7,418.4,0.024,11.53,1.591,52.33
"2025-11-05 14:15:00",105,12.47,"2025-11-05 14:06:50",22.32,11.21,308.2,418.3,-0.071,11.52,1.588,52.43
"2025-11-05 14:30:00",106,12.47,"2025-11-05 14:29:00",22.22,11.27,308.5,418.2,-0.145,11.57,1.587,52.53
"2025-11-05 14:45:00",107,12.46,"2025-11-05 14:44:50",22.22,11.32,309,418.2,-0.136,11.51,1.585,52.62
"2025-11-05 15:00:00",108,12.44,"2025-11-05 14:54:50",22.13,11.37,309.3,418.2,-0.123,11.5,1.584,52.71
"2025-11-05 15:15:00",109,12.44,"2025-11-05 15:00:10",22.11,11.42,309.7,418.2,-0.139,11.59,1.583,52.79
"2025-11-05 15:30:00",110,12.47,"2025-11-05 15:28:30",22.51,11.46,310,418.1,-0.121,11.68,1.581,52.87
"2025-11-05 15:45:00",111,12.41,"2025-11-05 15:44:50",22.71,11.49,310.3,418.2,-0.183,11.49,1.578,52.92
"2025-11-05 16:00:00",112,12.38,"2025-11-05 15:59:00",22.27,11.52,310.5,418.1,-0.159,11.45,1.577,52.97
"2025-11-05 16:15:00",113,12.36,"2025-11-05 16:13:00",21.63,11.55,310.7,418.2,-0.157,11.43,1.576,53.03
"2025-11-05 16:30:00",114,12.34,"2025-11-05 16:22:40",21.13,11.57,310.9,418.2,-0.164,11.4,1.575,53.07
"2025-11-05 16:45:00",115,12.33,"2025-11-05 16:44:40",20.68,11.59,311.1,418.2,-0.119,11.37,1.573,53.1
"2025-11-05 17:00:00",116,12.32,"2025-11-05 16:57:00",20.19,11.6,311.2,418.3,-0.104,11.37,1.572,53.11
"2025-11-05 17:15:00",117,12.31,"2025-11-05 17:14:40",19.69,11.6,311.3,418.4,-0.186,11.35,1.57,53.12
"2025-11-05 17:30:00",118,12.3,"2025-11-05 17:29:00",19.18,11.6,311.3,418.4,-0.235,11.34,1.569,53.11
"2025-11-05 17:45:00",119,12.29,"2025-11-05 17:40:40",18.6,11.59,311.4,418.6,-0.229,11.32,1.567,53.1
"2025-11-05 18:00:00",120,12.28,"2025-11-05 17:46:20",17.93,11.58,311.4,418.7,-0.226,11.32,1.566,53.08
"2025-11-05 18:15:00",121,12.28,"2025-11-05 18:05:00",17.2,11.58,311.5,418.9,-0.199,11.31,1.564,53.07
"2025-11-05 18:30:00",122,12.27,"2025-11-05 18:22:40",16.49,11.57,311.5,419,-0.238,11.29,1.562,53.06
"2025-11-05 18:45:00",123,12.26,"2025-11-05 18:43:00",15.84,11.56,311.6,419.2,-0.177,11.28,1.559,53.04
"2025-11-05 19:00:00",124,12.26,"2025-11-05 18:59:00",15.21,11.56,311.6,419.3,-0.207,11.28,1.558,53.03
"2025-11-05 19:15:00",125,12.25,"2025-11-05 19:14:20",14.65,11.55,311.7,419.4,-0.265,11.28,1.557,53.03
"2025-11-05 19:30:00",126,12.25,"2025-11-05 19:28:40",14.11,11.55,311.7,419.5,-0.263,11.26,1.555,53.02
"2025-11-05 19:45:00",127,12.25,"2025-11-05 19:44:30",13.6,11.55,311.9,419.7,-0.243,11.26,1.553,53.01
"2025-11-05 20:00:00",128,12.24,"2025-11-05 19:57:00",13.14,"NAN","NAN","NAN","NAN","NAN",1.55,53.01
"2025-11-05 20:15:00",129,12.24,"2025-11-05 20:08:50",12.68,11.54,312,420,-0.279,11.24,1.549,53.01
"2025-11-05 20:30:00",130,12.23,"2025-11-05 20:27:00",12.26,11.54,312.1,420,-0.249,11.24,1.547,53
"2025-11-05 20:45:00",131,12.22,"2025-11-05 20:30:20",11.86,11.54,312.2,420.2,-0.26,11.24,1.545,53
"2025-11-05 21:00:00",132,12.22,"2025-11-05 20:57:00",11.49,11.53,312.2,420.3,-0.219,11.24,1.544,52.99
"2025-11-05 21:15:00",133,12.21,"2025-11-05 21:15:00",11.14,11.53,312.3,420.4,-0.296,11.22,1.541,52.99
"2025-11-05 21:30:00",134,12.21,"2025-11-05 21:25:00",10.78,11.53,312.4,420.6,-0.357,11.22,1.539,52.98
"2025-11-05 21:45:00",135,12.2,"2025-11-05 21:41:00",10.46,11.52,312.4,420.8,-0.341,11.21,1.538,52.96
"2025-11-05 22:00:00",136,12.2,"2025-11-05 21:57:00",10.15,11.51,312.4,420.9,-0.361,11.21,1.536,52.95
"2025-11-05 22:15:00",137,12.2,"2025-11-05 22:05:00",9.85,11.5,312.4,421,-0.371,11.2,1.534,52.93
"2025-11-05 22:30:00",138,12.2,"2025-11-05 22:28:30",9.56,11.48,312.5,421.3,-0.301,11.21,1.533,52.9
"2025-11-05 22:45:00",139,12.19,"2025-11-05 22:43:00",9.29,11.47,312.5,421.4,-0.276,11.19,1.531,52.87
"2025-11-05 23:00:00",140,12.19,"2025-11-05 22:47:00",9.02,11.45,312.4,421.6,-0.315,11.19,1.529,52.84
"2025-11-05 23:15:00",141,12.19,"2025-11-05 23:11:00",8.77,11.43,312.4,421.7,-0.329,11.18,1.527,52.8
"2025-11-05 23:30:00",142,12.18,"2025-11-05 23:24:50",8.51,11.41,312.4,421.9,-0.375,11.19,1.525,52.76
"2025-11-05 23:45:00",143,12.18,"2025-11-05 23:30:50",8.25,11.38,312.3,422.1,-0.338,11.17,1.524,52.71
"2025-11-06 00:00:00",144,12.18,"2025-11-05 23:48:50",7.961,11.35,312.2,422.3,-0.367,11.17,1.522,52.66
"2025-11-06 00:15:00",145,12.17,"2025-11-06 00:00:10",7.71,11.33,312.1,422.5,-0.39,11.17,1.52,52.61
"2025-11-06 00:30:00",146,12.17,"2025-11-06 00:17:00",7.485,11.3,312,422.7,-0.377,11.17,1.518,52.56
"2025-11-06 00:45:00",147,12.17,"2025-11-06 00:30:20",7.274,11.27,312,422.9,-0.401,11.16,1.517,52.51
"2025-11-06 01:00:00",148,12.16,"2025-11-06 00:47:00",7.081,11.24,311.9,423,-0.343,11.16,1.515,52.46
"2025-11-06 01:15:00",149,12.16,"2025-11-06 01:03:00",6.882,11.21,311.8,423.2,-0.381,11.16,1.513,52.41
"2025-11-06 01:30:00",150,12.15,"2025-11-06 01:27:00",6.655,11.19,311.7,423.4,-0.383,11.15,1.512,52.36
"2025-11-06 01:45:00",151,12.15,"2025-11-06 01:37:00",6.443,11.16,311.6,423.6,-0.368,11.14,1.511,52.31
"2025-11-06 02:00:00",152,12.15,"2025-11-06 01:50:50",6.226,11.13,311.5,423.8,-0.403,11.14,1.509,52.26
"2025-11-06 02:15:00",153,12.14,"2025-11-06 02:07:00",6.017,11.1,311.4,423.9,-0.467,11.15,1.507,52.22
"2025-11-06 02:30:00",154,12.14,"2025-11-06 02:18:10",5.82,11.08,311.3,424.1,-0.437,11.14,1.506,52.17
"2025-11-06 02:45:00",155,12.14,"2025-11-06 02:38:50",5.603,11.05,311.2,424.3,-0.455,11.12,1.505,52.11
"2025-11-06 03:00:00",156,12.14,"2025-11-06 02:46:50",5.363,11.02,311,424.4,-0.437,11.14,1.503,52.06
"2025-11-06 03:15:00",157,12.13,"2025-11-06 03:05:00",5.151,10.99,310.9,424.6,-0.435,11.12,1.502,52
"2025-11-06 03:30:00",158,12.13,"2025-11-06 03:23:00",4.916,10.96,310.8,424.8,-0.423,11.12,1.501,51.95
"2025-11-06 03:45:00",159,12.12,"2025-11-06 03:40:40",4.699,10.92,310.7,425,-0.421,11.1,1.499,51.89
"2025-11-06 04:00:00",160,12.13,"2025-11-06 03:46:30",4.482,10.89,310.5,425.1,-0.454,11.12,1.498,51.83
"2025-11-06 04:15:00",161,12.09,"2025-11-06 04:08:10",4.253,10.85,310.4,425.3,-0.403,11.11,1.496,51.77
"2025-11-06 04:30:00",162,12.12,"2025-11-06 04:21:00",4.01,10.82,310.2,425.5,-0.408,11.1,1.494,51.7
"2025-11-06 04:45:00",163,12.12,"2025-11-06 04:30:30",3.792,10.78,310,425.6,-0.456,11.09,1.493,51.64
"2025-11-06 05:00:00",164,12.11,"2025-11-06 04:49:00",3.576,10.75,309.9,425.8,-0.459,11.1,1.492,51.57
"2025-11-06 05:15:00",165,12.1,"2025-11-06 05:01:00",3.36,10.71,309.7,426,-0.455,11.1,1.491,51.51
"2025-11-06 05:30:00",166,12.1,"2025-11-06 05:28:40",3.154,10.67,309.5,426.1,-0.446,11.09,1.489,51.44
"2025-11-06 05:45:00",167,12.1,"2025-11-06 05:39:00",2.965,10.63,309.3,426.3,-0.499,11.09,1.487,51.37
"2025-11-06 06:00:00",168,12.09,"2025-11-06 05:58:20",2.775,10.6,309.1,426.4,-0.467,11.1,1.486,51.3
"2025-11-06 06:15:00",169,12.09,"2025-11-06 06:14:40",2.608,10.55,308.9,426.6,-0.465,11.09,1.484,51.23
"2025-11-06 06:30:00",170,12.08,"2025-11-06 06:24:50",2.432,10.51,308.7,426.7,-0.463,11.07,1.482,51.16
"2025-11-06 06:45:00",171,12.09,"2025-11-06 06:30:50",2.292,10.48,308.4,426.9,-0.452,11.08,1.481,51.09
"2025-11-06 07:00:00",172,12.08,"2025-11-06 06:51:00",2.132,10.43,308.2,427,-0.48,11.07,1.48,51.01
"2025-11-06 07:15:00",173,12.08,"2025-11-06 07:04:50",1.963,10.39,307.9,427.1,-0.465,11.06,1.479,50.94
"2025-11-06 07:30:00",174,12.08,"2025-11-06 07:28:30",1.805,10.35,307.7,427.3,-0.42,11.06,1.477,50.87
"2025-11-06 07:45:00",175,12.08,"2025-11-06 07:31:00",1.679,10.31,307.5,427.4,-0.484,11.06,1.476,50.8
"2025-11-06 08:00:00",176,12.08,"2025-11-06 07:46:40",1.574,10.28,307.2,427.4,-0.484,11.07,1.474,50.73
"2025-11-06 08:15:00",177,12.08,"2025-11-06 08:07:00",1.529,10.24,307,427.5,-0.463,11.07,1.473,50.67
"2025-11-06 08:30:00",178,12.09,"2025-11-06 08:17:00",1.638,10.21,306.8,427.6,-0.499,11.1,1.472,50.61
"2025-11-06 08:45:00",179,12.1,"2025-11-06 08:32:50",1.922,"NAN","NAN","NAN","NAN","NAN",1.471,50.57
"2025-11-06 09:00:00",180,12.13,"2025-11-06 08:48:50",2.412,10.16,306.4,427.6,-0.511,11.12,1.468,50.54
"2025-11-06 09:15:00",181,12.17,"2025-11-06 09:01:00",3.147,10.15,306.4,427.7,-0.513,11.16,1.467,50.52
"2025-11-06 09:30:00",182,12.44,"2025-11-06 09:15:10",4.234,10.15,306.4,427.6,-0.501,11.73,1.466,50.53
"2025-11-06 09:45:00",183,12.76,"2025-11-06 09:40:50",6.095,10.17,306.5,427.6,-0.539,13,1.465,50.56
"2025-11-06 10:00:00",184,12.9,"2025-11-06 09:50:50",7.821,10.19,306.6,427.6,-0.533,12.17,1.464,50.6
"2025-11-06 10:15:00",185,12.9,"2025-11-06 10:08:30",9.23,10.22,306.9,427.5,-0.533,12.44,1.463,50.66
"2025-11-06 10:30:00",186,12.69,"2025-11-06 10:29:00",10.77,10.28,307.1,427.3,-0.549,11.98,1.462,50.73
"2025-11-06 10:45:00",187,12.7,"2025-11-06 10:30:40",12.27,10.34,307.5,427.1,-0.561,12.25,1.461,50.81
"2025-11-06 11:00:00",188,12.93,"2025-11-06 10:47:00",13.94,10.36,307.7,427.1,-0.557,12.47,1.46,50.87
"2025-11-06 11:15:00",189,12.9,"2025-11-06 11:10:10",15.68,10.39,308,427.2,-0.533,12.69,1.46,50.94
"2025-11-06 11:30:00",190,13.17,"2025-11-06 11:22:50",16.82,10.44,308.3,427.1,-0.592,12.55,1.458,51.03
"2025-11-06 11:45:00",191,13.13,"2025-11-06 11:45:00",17.86,10.49,308.7,427.1,-0.576,13.26,1.457,51.13
"2025-11-06 12:00:00",192,12.94,"2025-11-06 11:52:40",18.64,10.54,309.1,427,-0.552,12.26,1.458,51.23
"2025-11-06 12:15:00",193,12.97,"2025-11-06 12:11:00",19.27,10.59,309.5,427,-0.609,12.44,1.457,51.32
"2025-11-06 12:30:00",194,13.36,"2025-11-06 12:29:50",19.89,10.66,310,426.8,-0.637,13.09,1.457,51.45
"2025-11-06 12:45:00",195,12.71,"2025-11-06 12:45:00",20.1,10.72,310.4,426.8,-0.67,12.18,1.455,51.53
"2025-11-06 13:00:00",196,12.66,"2025-11-06 12:58:50",19.79,10.77,310.7,426.8,-0.631,11.74,1.453,51.63
"2025-11-06 13:15:00",197,12.63,"2025-11-06 13:14:50",19.48,10.81,311,426.6,-0.655,11.7,1.451,51.7
"2025-11-06 13:30:00",198,12.6,"2025-11-06 13:29:00",19.12,10.84,311.2,426.6,-0.663,11.67,1.451,51.77
"2025-11-06 13:45:00",199,12.6,"2025-11-06 13:39:00",19.06,10.88,311.5,426.5,-0.705,11.65,1.448,51.83
"2025-11-06 14:00:00",200,12.59,"2025-11-06 13:54:50",18.97,10.92,311.8,426.5,-0.69,11.63,1.448,51.9
"2025-11-06 14:15:00",201,12.58,"2025-11-06 14:09:00",18.7,10.96,312.1,426.4,-0.677,11.63,1.447,51.98
"2025-11-06 14:30:00",202,12.59,"2025-11-06 14:28:40",18.56,11,312.3,426.3,-0.681,11.69,1.446,52.04
"2025-11-06 14:45:00",203,12.58,"2025-11-06 14:40:50",18.61,11.03,312.6,426.3,-0.691,11.61,1.445,52.11
"2025-11-06 15:00:00",204,12.56,"2025-11-06 14:52:50",18.6,11.06,312.8,426.2,-0.677,11.6,1.443,52.16
"2025-11-06 15:15:00",205,12.56,"2025-11-06 15:00:30",18.62,11.09,312.9,426.1,-0.662,11.76,1.44,52.21
"2025-11-06 15:30:00",206,12.61,"2025-11-06 15:28:30",19.24,11.11,313.1,426.1,-0.707,11.94,1.44,52.25
"2025-11-06 15:45:00",207,12.55,"2025-11-06 15:44:40",19.53,11.12,313.2,426.1,-0.707,11.64,1.439,52.26
"2025-11-06 16:00:00",208,12.52,"2025-11-06 15:53:00",19.17,11.13,313.3,426.1,-0.688,11.58,1.439,52.28
"2025-11-06 16:15:00",209,12.49,"2025-11-06 16:15:00",18.51,11.14,313.3,426.1,-0.712,11.55,1.437,52.3
"2025-11-06 16:30:00",210,12.43,"2025-11-06 16:22:10",17.85,11.15,313.4,426.1,-0.751,11.52,1.436,52.31
"2025-11-06 16:45:00",211,12.46,"2025-11-06 16:43:00",17.14,11.15,313.4,426.2,-0.719,11.5,1.435,52.31
"2025-11-06 17:00:00",212,12.44,"2025-11-06 16:52:50",16.35,11.15,313.4,426.2,-0.711,11.48,1.435,52.3
"2025-11-06 17:15:00",213,12.43,"2025-11-06 17:08:50",15.5,"NAN","NAN","NAN","NAN","NAN",1.434,52.28
"2025-11-06 17:30:00",214,12.42,"2025-11-06 17:24:50",14.67,11.11,313.2,426.3,-0.727,11.45,1.433,52.23
"2025-11-06 17:45:00",215,12.41,"2025-11-06 17:45:00",13.84,11.08,313.1,426.5,-0.707,11.43,1.431,52.18
"2025-11-06 18:00:00",216,12.41,"2025-11-06 17:47:00",13.03,11.05,312.9,426.5,-0.728,11.44,1.431,52.13
"2025-11-06 18:15:00",217,12.4,"2025-11-06 18:15:00",12.25,11.02,312.7,426.7,-0.717,11.42,1.43,52.06
"2025-11-06 18:30:00",218,12.4,"2025-11-06 18:24:50",11.54,10.99,312.5,426.7,-0.753,11.41,1.429,52.01
"2025-11-06 18:45:00",219,12.39,"2025-11-06 18:43:00",10.88,10.96,312.3,426.8,-0.737,11.4,1.427,51.95
"2025-11-06 19:00:00",220,12.39,"2025-11-06 18:56:40",10.27,10.93,312.1,426.9,-0.735,11.39,1.427,51.9
"2025-11-06 19:15:00",221,12.38,"2025-11-06 19:14:40",9.71,10.9,312,426.9,-0.778,11.39,1.425,51.86
"2025-11-06 19:30:00",222,12.37,"2025-11-06 19:29:00",9.18,10.88,311.8,427,-0.741,11.38,1.424,51.82
"2025-11-06 19:45:00",223,12.37,"2025-11-06 19:31:00",8.72,10.86,311.7,427.1,-0.733,11.37,1.423,51.78
"2025-11-06 20:00:00",224,12.36,"2025-11-06 19:54:50",8.28,10.84,311.6,427.1,-0.781,11.36,1.422,51.75
"2025-11-06 20:15:00",225,12.36,"2025-11-06 20:08:20",7.867,10.82,311.5,427.1,-0.757,11.35,1.422,51.72
"2025-11-06 20:30:00",226,12.35,"2025-11-06 20:19:00",7.493,10.81,311.4,427.1,-0.795,11.36,1.422,51.69
"2025-11-06 20:45:00",227,12.35,"2025-11-06 20:31:00",7.154,10.8,311.3,427.2,-0.786,11.34,1.42,51.67
"2025-11-06 21:00:00",228,12.35,"2025-11-06 20:46:50",6.816,10.78,311.2,427.2,-0.786,11.34,1.419,51.64
"2025-11-06 21:15:00",229,12.34,"2025-11-06 21:13:00",6.485,10.77,311,427.2,-0.78,11.32,1.418,51.62
"2025-11-06 21:30:00",230,12.34,"2025-11-06 21:17:00",6.21,10.75,311,427.2,-0.8,11.33,1.418,51.59
"2025-11-06 21:45:00",231,12.33,"2025-11-06 21:31:00",6.017,10.74,310.9,427.4,-0.817,11.3,1.417,51.56
"2025-11-06 22:00:00",232,12.33,"2025-11-06 21:53:00",5.805,10.72,310.8,427.3,-0.821,11.32,1.416,51.54
"2025-11-06 22:15:00",233,12.32,"2025-11-06 22:11:00",5.585,10.7,310.7,427.3,-0.821,11.3,1.415,51.5
"2025-11-06 22:30:00",234,12.31,"2025-11-06 22:28:40",5.342,10.68,310.5,427.4,-0.806,11.32,1.414,51.46
"2025-11-06 22:45:00",235,12.31,"2025-11-06 22:35:00",5.121,10.66,310.4,427.4,-0.835,11.3,1.413,51.42
"2025-11-06 23:00:00",236,12.31,"2025-11-06 22:49:00",4.918,10.64,310.2,427.5,-0.852,11.3,1.413,51.38
"2025-11-06 23:15:00",237,12.3,"2025-11-06 23:12:20",4.751,10.61,310.1,427.6,-0.837,11.3,1.411,51.34
"2025-11-06 23:30:00",238,12.3,"2025-11-06 23:29:00",4.604,10.59,310,427.7,-0.821,11.29,1.411,51.3
"2025-11-06 23:45:00",239,12.3,"2025-11-06 23:39:00",4.476,10.56,309.8,427.8,-0.858,11.29,1.409,51.25
"2025-11-07 00:00:00",240,12.29,"2025-11-06 23:47:00",4.361,10.54,309.7,427.9,-0.835,11.28,1.409,51.21
"2025-11-07 00:15:00",241,12.28,"2025-11-07 00:01:00",4.271,10.51,309.6,428,-0.839,11.29,1.408,51.16
"2025-11-07 00:30:00",242,12.29,"2025-11-07 00:19:00",4.195,10.49,309.4,428.1,-0.807,11.27,1.408,51.11
"2025-11-07 00:45:00",243,12.29,"2025-11-07 00:31:00",4.12,10.46,309.3,428.2,-0.84,11.27,1.407,51.07
"2025-11-07 01:00:00",244,12.29,"2025-11-07 00:46:50",4.081,10.44,309.2,428.3,-0.876,11.27,1.406,51.02
"2025-11-07 01:15:00",245,12.28,"2025-11-07 01:02:40",4.059,10.41,309.1,428.4,-0.88,11.27,1.405,50.98
"2025-11-07 01:30:00",246,12.27,"2025-11-07 01:29:00",4.042,10.39,309,428.6,-0.865,11.26,1.405,50.94
"2025-11-07 01:45:00",247,12.28,"2025-11-07 01:31:00",4.029,10.37,308.9,428.7,-0.877,11.26,1.404,50.9
"2025-11-07 02:00:00",248,12.27,"2025-11-07 01:51:00",4.054,10.35,308.8,428.8,-0.876,11.27,1.403,50.87
"2025-11-07 02:15:00",249,12.27,"2025-11-07 02:03:00",4.265,10.33,308.8,429,-0.871,11.25,1.403,50.84
"2025-11-07 02:30:00",250,12.26,"2025-11-07 02:18:50",4.486,10.32,308.9,429.2,-0.842,11.26,1.402,50.82
"2025-11-07 02:45:00",251,12.26,"2025-11-07 02:33:00",4.677,10.32,309,429.4,-0.855,11.24,1.401,50.81
"2025-11-07 03:00:00",252,12.26,"2025-11-07 02:46:20",4.869,10.31,309,429.5,-0.882,11.26,1.4,50.79
"2025-11-07 03:15:00",253,12.26,"2025-11-07 03:07:00",4.925,10.29,309,429.7,-0.87,11.24,1.4,50.77
"2025-11-07 03:30:00",254,12.26,"2025-11-07 03:17:00",4.905,10.28,309,429.8,-0.87,11.26,1.399,50.74
"2025-11-07 03:45:00",255,12.26,"2025-11-07 03:30:20",4.852,10.26,308.9,430,-0.86,11.24,1.398,50.72
"2025-11-07 04:00:00",256,12.25,"2025-11-07 03:57:00",4.832,10.25,309,430.2,-0.871,11.24,1.398,50.69
"2025-11-07 04:15:00",257,12.25,"2025-11-07 04:11:00",4.863,"NAN","NAN","NAN","NAN","NAN",1.397,50.67
"2025-11-07 04:30:00",258,12.25,"2025-11-07 04:21:00",4.922,10.23,309.1,430.5,-0.889,11.24,1.396,50.66
"2025-11-07 04:45:00",259,12.25,"2025-11-07 04:30:40",4.986,10.22,309.1,430.7,-0.878,11.23,1.396,50.64
"2025-11-07 05:00:00",260,12.25,"2025-11-07 04:46:30",4.996,10.21,309.1,430.8,-0.899,11.23,1.396,50.61
"2025-11-07 05:15:00",261,12.24,"2025-11-07 05:05:00",4.956,10.19,309.1,431,-0.918,11.24,1.395,50.58
"2025-11-07 05:30:00",262,12.24,"2025-11-07 05:28:30",4.923,10.17,309.1,431.2,-0.91,11.22,1.395,50.55
"2025-11-07 05:45:00",263,12.24,"2025-11-07 05:33:00",4.957,10.16,309.1,431.5,-0.907,11.23,1.393,50.52
"2025-11-07 06:00:00",264,12.24,"2025-11-07 05:46:50",5.231,10.15,309.2,431.6,-0.897,11.22,1.392,50.51
"2025-11-07 06:15:00",265,12.23,"2025-11-07 06:13:00",5.688,10.15,309.3,431.8,-0.885,11.23,1.392,50.51
"2025-11-07 06:30:00",266,12.23,"2025-11-07 06:17:00",6.19,10.15,309.4,431.9,-0.407,11.22,1.391,50.51
"2025-11-07 06:45:00",267,12.23,"2025-11-07 06:33:00",6.758,10.15,309.5,432.1,-0.712,11.22,1.391,50.51
"2025-11-07 07:00:00",268,12.23,"2025-11-07 06:52:40",7.395,10.15,309.7,432.3,-0.8,11.23,1.391,50.51
"2025-11-07 07:15:00",269,12.23,"2025-11-07 07:14:50",8.03,10.15,309.8,432.5,-0.715,11.22,1.39,50.51
"2025-11-07 07:30:00",270,12.23,"2025-11-07 07:23:00",8.58,10.15,309.9,432.6,-0.755,11.23,1.389,50.51
"2025-11-07 07:45:00",271,12.23,"2025-11-07 07:30:50",9.07,10.15,310,432.8,-0.819,11.22,1.389,50.51
"2025-11-07 08:00:00",272,12.25,"2025-11-07 07:47:00",9.68,10.15,310.1,432.8,-0.771,11.26,1.388,50.52
"2025-11-07 08:15:00",273,12.26,"2025-11-07 08:05:00",10.5,10.16,310.2,432.9,-0.791,11.26,1.387,50.54
"2025-11-07 08:30:00",274,12.26,"2025-11-07 08:28:20",11.51,10.18,310.4,433,-0.797,11.28,1.387,50.57
"2025-11-07 08:45:00",275,12.26,"2025-11-07 08:44:50",12.65,10.2,310.6,433.1,-0.837,11.28,1.386,50.6
"2025-11-07 09:00:00",276,12.25,"2025-11-07 08:54:50",13.53,10.22,310.8,433.1,-0.898,11.26,1.386,50.64
"2025-11-07 09:15:00",277,12.24,"2025-11-07 09:14:40",14.07,10.24,311,433.1,-0.886,11.25,1.386,50.68
"2025-11-07 09:30:00",278,12.24,"2025-11-07 09:16:40",14.02,10.26,311.1,433,-0.882,11.25,1.386,50.71
"2025-11-07 09:45:00",279,12.23,"2025-11-07 09:34:40",13.84,10.27,311,432.7,-0.909,11.25,1.388,50.74
"2025-11-07 10:00:00",280,12.23,"2025-11-07 09:46:50",13.62,10.29,310.9,432.5,-0.879,11.24,1.389,50.76
"2025-11-07 10:15:00",281,12.23,"2025-11-07 10:02:20",13.48,10.3,311.1,432.6,-0.927,11.26,1.388,50.79
"2025-11-07 10:30:00",282,12.25,"2025-11-07 10:16:20",13.44,10.32,311.4,432.8,-0.916,11.25,1.388,50.82
"2025-11-07 10:45:00",283,12.27,"2025-11-07 10:30:40",13.59,10.34,311.7,433,-0.934,11.28,1.387,50.85
"2025-11-07 11:00:00",284,12.27,"2025-11-07 10:58:40",13.87,10.36,311.9,433,-0.954,11.29,1.387,50.9
"2025-11-07 11:15:00",285,12.26,"2025-11-07 11:07:00",14.09,10.39,312.2,433,-0.946,11.28,1.386,50.95
"2025-11-07 11:30:00",286,12.24,"2025-11-07 11:28:30",14.22,10.42,312.4,433,-0.941,11.26,1.386,51.01
"2025-11-07 11:45:00",287,12.24,"2025-11-07 11:41:00",14.29,10.44,312.7,433.1,-0.933,11.25,1.385,51.04
"2025-11-07 12:00:00",288,12.24,"2025-11-07 11:47:00",14.34,"NAN","NAN","NAN","NAN","NAN",1.384,51.08
"2025-11-07 12:15:00",289,12.25,"2025-11-07 12:00:10",14.45,10.48,313.1,433.2,-0.955,11.25,1.383,51.12
"2025-11-07 12:30:00",290,12.25,"2025-11-07 12:16:40",14.62,10.51,313.3,433.3,-0.951,11.28,1.383,51.16
"2025-11-07 12:45:00",291,12.27,"2025-11-07 12:30:20",14.89,10.54,313.7,433.4,-0.949,11.28,1.383,51.21
"2025-11-07 13:00:00",292,12.27,"2025-11-07 12:56:40",15.29,10.57,313.9,433.4,-0.956,11.31,1.382,51.27
"2025-11-07 13:15:00",293,12.27,"2025-11-07 13:02:20",15.63,10.6,314.3,433.4,-0.953,11.3,1.382,51.33
"2025-11-07 13:30:00",294,12.27,"2025-11-07 13:24:40",15.95,10.64,314.6,433.5,-0.973,11.31,1.381,51.4
"2025-11-07 13:45:00",295,12.26,"2025-11-07 13:37:00",16.21,10.67,314.9,433.5,-0.979,11.28,1.38,51.45
"2025-11-07 14:00:00",296,12.27,"2025-11-07 13:56:40",16.47,10.7,315.2,433.6,-1.029,11.3,1.38,51.5
"2025-11-07 14:15:00",297,12.27,"2025-11-07 14:12:40",16.7,10.73,315.5,433.7,-0.939,11.3,1.379,51.56
"2025-11-07 14:30:00",298,12.26,"2025-11-07 14:17:00",16.85,10.76,315.8,433.7,-1.01,11.29,1.38,51.62
"2025-11-07 14:45:00",299,12.28,"2025-11-07 14:30:10",17.13,10.8,316.1,433.8,-1.015,11.33,1.379,51.68
"2025-11-07 15:00:00",300,12.39,"2025-11-07 14:54:40",17.79,10.84,316.5,433.8,-0.989,11.41,1.379,51.76
"2025-11-07 15:15:00",301,12.39,"2025-11-07 15:10:40",18.45,10.89,316.9,433.8,-1.008,11.45,1.379,51.85
"2025-11-07 15:30:00",302,12.47,"2025-11-07 15:22:40",18.94,10.94,317.3,433.7,-1.037,11.55,1.379,51.94
"2025-11-07 15:45:00",303,12.42,"2025-11-07 15:40:20",19.36,10.99,317.7,433.7,-1.047,11.5,1.379,52.03
"2025-11-07 16:00:00",304,12.38,"2025-11-07 15:55:00",19.4,11.03,318.1,433.8,-1.049,11.43,1.378,52.09
"2025-11-07 16:15:00",305,12.36,"2025-11-07 16:11:00",19.25,11.05,318.3,433.9,-1.029,11.42,1.378,52.12
"2025-11-07 16:30:00",306,12.33,"2025-11-07 16:23:00",18.94,11.06,318.4,434,-1.034,11.37,1.378,52.14
"2025-11-07 16:45:00",307,12.31,"2025-11-07 16:44:40",18.54,11.06,318.6,434.1,-1.063,11.34,1.378,52.15
"2025-11-07 17:00:00",308,12.29,"2025-11-07 16:58:50",18.15,"NAN","NAN","NAN","NAN","NAN",1.378,52.18
"2025-11-07 17:15:00",309,12.26,"2025-11-07 17:14:50",17.78,11.09,319,434.3,-1.029,11.3,1.377,52.2
"2025-11-07 17:30:00",310,12.25,"2025-11-07 17:29:50",17.41,11.1,319,434.3,-1.053,11.29,1.377,52.23
"2025-11-07 17:45:00",311,12.25,"2025-11-07 17:43:00",16.92,11.13,319,433.9,-1.031,11.26,1.381,52.27
"2025-11-07 18:00:00",312,12.24,"2025-11-07 17:46:50",16.49,11.15,318.8,433.5,-1.006,11.27,1.387,52.31
"2025-11-07 18:15:00",313,12.23,"2025-11-07 18:07:00",16.09,11.16,318.8,433.4,-0.988,11.25,1.387,52.32
"2025-11-07 18:30:00",314,12.23,"2025-11-07 18:16:50",15.61,11.16,318.9,433.5,-0.973,11.26,1.388,52.32
"2025-11-07 18:45:00",315,12.23,"2025-11-07 18:41:00",15.11,11.16,319.1,433.8,-0.969,11.24,1.389,52.32
"2025-11-07 19:00:00",316,12.22,"2025-11-07 18:47:00",14.64,11.15,319.2,434,-0.995,11.24,1.388,52.31
"2025-11-07 19:15:00",317,12.22,"2025-11-07 19:02:20",14.24,11.15,319.3,434.1,-0.974,11.24,1.388,52.31
"2025-11-07 19:30:00",318,12.22,"2025-11-07 19:16:50",13.89,11.15,319.4,434.2,-1.003,11.23,1.388,52.31
"2025-11-07 19:45:00",319,12.21,"2025-11-07 19:38:50",13.58,11.15,319.6,434.5,-1.012,11.23,1.387,52.3
"2025-11-07 20:00:00",320,12.21,"2025-11-07 19:46:30",13.23,11.14,319.7,434.7,-1.029,11.22,1.386,52.29
"2025-11-07 20:15:00",321,12.21,"2025-11-07 20:00:10",12.99,11.13,319.7,434.9,-1.001,11.23,1.385,52.28
"2025-11-07 20:30:00",322,12.2,"2025-11-07 20:26:40",12.8,11.13,319.8,435,-1.04,11.21,1.385,52.28
"2025-11-07 20:45:00",323,12.2,"2025-11-07 20:33:00",12.65,11.14,320,435.2,-1.061,11.21,1.385,52.28
"2025-11-07 21:00:00",324,12.2,"2025-11-07 20:46:50",12.46,11.14,320.1,435.3,-1.047,11.2,1.383,52.29
"2025-11-07 21:15:00",325,12.19,"2025-11-07 21:02:20",12.27,11.14,320.1,435.4,-1.051,11.21,1.383,52.29
"2025-11-07 21:30:00",326,12.19,"2025-11-07 21:28:40",12.07,11.15,320.2,435.4,-1.056,11.19,1.383,52.3
"2025-11-07 21:45:00",327,12.19,"2025-11-07 21:31:00",11.87,11.15,320.3,435.5,-1.071,11.19,1.382,52.31
"2025-11-07 22:00:00",328,12.19,"2025-11-07 21:46:40",11.68,11.16,320.3,435.4,-1.022,11.2,1.381,52.32
"2025-11-07 22:15:00",329,12.19,"2025-11-07 22:14:40",11.47,11.16,320.3,435.4,-1.051,11.19,1.38,52.33
"2025-11-07 22:30:00",330,12.18,"2025-11-07 22:28:30",11.23,11.17,320.3,435.3,-1.031,11.19,1.38,52.34
"2025-11-07 22:45:00",331,12.18,"2025-11-07 22:38:50",10.99,11.17,320.4,435.4,-1.06,11.17,1.378,52.35
"2025-11-07 23:00:00",332,12.18,"2025-11-07 22:52:30",10.74,11.18,320.4,435.4,-1.023,11.19,1.377,52.36
"2025-11-07 23:15:00",333,12.17,"2025-11-07 23:02:20",10.53,11.19,320.5,435.4,-1.056,11.17,1.376,52.37
"2025-11-07 23:30:00",334,12.17,"2025-11-07 23:18:20",10.35,11.19,320.6,435.5,-1.045,11.18,1.375,52.38
"2025-11-07 23:45:00",335,12.17,"2025-11-07 23:36:50",10.16,11.2,320.7,435.5,-1.098,11.17,1.374,52.39
"2025-11-08 00:00:00",336,12.17,"2025-11-07 23:46:30",9.93,11.19,320.7,435.5,-1.086,11.17,1.373,52.39
"2025-11-08 00:15:00",337,12.16,"2025-11-08 00:13:00",9.73,11.2,320.8,435.6,-1.051,11.17,1.372,52.39
"2025-11-08 00:30:00",338,12.16,"2025-11-08 00:28:30",9.51,11.2,320.7,435.6,-1.053,11.16,1.371,52.39
"2025-11-08 00:45:00",339,12.16,"2025-11-08 00:35:00",9.3,11.19,320.8,435.6,-1.111,11.16,1.37,52.38
"2025-11-08 01:00:00",340,12.16,"2025-11-08 00:58:30",9.13,11.19,320.7,435.6,-1.091,11.15,1.369,52.37
"2025-11-08 01:15:00",341,12.15,"2025-11-08 01:10:20",8.99,11.18,320.7,435.7,-1.035,11.16,1.369,52.36
"2025-11-08 01:30:00",342,12.15,"2025-11-08 01:28:20",8.81,11.18,320.7,435.7,-1.069,11.14,1.367,52.35
"2025-11-08 01:45:00",343,12.15,"2025-11-08 01:31:00",8.6,"NAN","NAN","NAN","NAN","NAN",1.367,52.33
"2025-11-08 02:00:00",344,12.14,"2025-11-08 01:51:00",8.36,11.15,320.5,435.8,-1.079,11.14,1.365,52.31
"2025-11-08 02:15:00",345,12.14,"2025-11-08 02:09:00",8.12,11.14,320.5,435.9,-1.078,11.14,1.365,52.29
"2025-11-08 02:30:00",346,12.13,"2025-11-08 02:17:00",7.932,11.13,320.4,435.9,-1.025,11.13,1.364,52.27
"2025-11-08 02:45:00",347,12.14,"2025-11-08 02:30:20",7.789,11.12,320.4,436,-1.115,11.12,1.364,52.25
"2025-11-08 03:00:00",348,12.13,"2025-11-08 02:49:00",7.651,11.11,320.4,436.1,-1.077,11.13,1.363,52.23
"2025-11-08 03:15:00",349,12.13,"2025-11-08 03:01:00",7.509,11.1,320.4,436.2,-1.077,11.12,1.363,52.21
"2025-11-08 03:30:00",350,12.13,"2025-11-08 03:28:30",7.398,11.09,320.3,436.2,-1.087,11.13,1.362,52.19
"2025-11-08 03:45:00",351,12.13,"2025-11-08 03:43:00",7.267,11.07,320.3,436.4,-1.09,11.1,1.361,52.17
"2025-11-08 04:00:00",352,12.13,"2025-11-08 03:47:00",7.125,11.06,320.2,436.4,-1.078,11.12,1.361,52.14
"2025-11-08 04:15:00",353,12.13,"2025-11-08 04:00:30",6.947,11.04,320.1,436.4,-1.089,11.11,1.36,52.11
"2025-11-08 04:30:00",354,12.12,"2025-11-08 04:24:50",6.789,11.03,320,436.5,-1.115,11.12,1.359,52.09
"2025-11-08 04:45:00",355,12.12,"2025-11-08 04:44:30",6.649,11.01,320,436.7,-1.063,11.1,1.359,52.06
"2025-11-08 05:00:00",356,12.12,"2025-11-08 04:53:00",6.523,11,319.9,436.7,-1.047,11.11,1.359,52.03
"2025-11-08 05:15:00",357,12.11,"2025-11-08 05:02:20",6.443,10.98,319.9,436.9,7.683,11.11,1.358,52
"2025-11-08 05:30:00",358,12.11,"2025-11-08 05:28:20",6.344,10.96,319.8,436.9,-0.595,11.1,1.358,51.97
"2025-11-08 05:45:00",359,12.11,"2025-11-08 05:39:00",6.242,10.94,319.8,437.2,-1.085,11.1,1.357,51.93
"2025-11-08 06:00:00",360,12.1,"2025-11-08 05:54:50",6.124,10.92,319.7,437.2,-1.037,11.09,1.357,51.89
"2025-11-08 06:15:00",361,12.1,"2025-11-08 06:03:00",6.012,10.9,319.6,437.4,-1.057,11.1,1.355,51.86
"2025-11-08 06:30:00",362,12.1,"2025-11-08 06:16:50",5.861,10.88,319.5,437.5,-1.047,11.09,1.356,51.82
"2025-11-08 06:45:00",363,12.1,"2025-11-08 06:30:30",5.708,10.86,319.4,437.6,-1.007,11.09,1.355,51.78
"2025-11-08 07:00:00",364,12.1,"2025-11-08 06:47:00",5.579,10.84,319.3,437.8,-0.969,11.08,1.354,51.74
"2025-11-08 07:15:00",365,12.09,"2025-11-08 07:03:00",5.423,10.81,319.3,437.9,-1.025,11.1,1.355,51.7
"2025-11-08 07:30:00",366,12.09,"2025-11-08 07:28:50",5.274,10.79,319.1,438.1,-0.992,11.08,1.354,51.65
"2025-11-08 07:45:00",367,12.09,"2025-11-08 07:40:40",5.2,10.76,319.1,438.2,-1.046,11.08,1.354,51.61
"2025-11-08 08:00:00",368,12.1,"2025-11-08 07:49:00",5.166,10.74,319,438.3,-1.021,11.1,1.353,51.57
"2025-11-08 08:15:00",369,12.12,"2025-11-08 08:01:00",5.191,10.72,318.9,438.5,-1.085,11.1,1.352,51.53
"2025-11-08 08:30:00",370,12.15,"2025-11-08 08:16:20",5.306,10.71,318.8,438.5,-1.135,11.14,1.353,51.51
"2025-11-08 08:45:00",371,12.17,"2025-11-08 08:30:40",5.558,10.7,318.8,438.6,-1.073,11.15,1.351,51.49
"2025-11-08 09:00:00",372,12.19,"2025-11-08 08:47:00",5.859,10.69,318.8,438.7,-1.127,11.2,1.352,51.48
"2025-11-08 09:15:00",373,12.24,"2025-11-08 09:02:20",6.241,10.68,318.7,438.7,-1.136,11.24,1.352,51.47
"2025-11-08 09:30:00",374,12.28,"2025-11-08 09:16:10",6.798,10.68,318.8,438.7,-1.133,11.28,1.351,51.47
"2025-11-08 09:45:00",375,12.33,"2025-11-08 09:30:10",7.344,10.69,318.9,438.8,-1.135,11.35,1.351,51.49
"2025-11-08 10:00:00",376,12.4,"2025-11-08 09:46:50",7.845,10.7,319,438.8,-1.147,11.42,1.351,51.51
"2025-11-08 10:15:00",377,12.45,"2025-11-08 10:00:20",8.45,10.72,319.1,438.8,-1.143,11.54,1.35,51.53
"2025-11-08 10:30:00",378,12.69,"2025-11-08 10:27:00",9.43,10.75,319.2,438.6,-1.155,11.76,1.349,51.59
"2025-11-08 10:45:00",379,12.63,"2025-11-08 10:44:50",10.58,10.78,319.6,438.7,-1.195,11.73,1.349,51.64
"2025-11-08 11:00:00",380,12.64,"2025-11-08 10:46:20",11.59,10.82,319.8,438.6,-1.217,11.73,1.349,51.72
"2025-11-08 11:15:00",381,12.79,"2025-11-08 11:10:20",12.76,10.88,320.2,438.5,-1.223,12.04,1.349,51.82
"2025-11-08 11:30:00",382,12.88,"2025-11-08 11:18:40",14.19,10.93,320.6,438.4,-1.239,12.05,1.348,51.92
"2025-11-08 11:45:00",383,12.84,"2025-11-08 11:35:00",15.53,10.99,321.1,438.4,-1.266,12.3,1.348,52.02
"2025-11-08 12:00:00",384,13.05,"2025-11-08 11:53:50",16.35,11.06,321.6,438.3,-1.258,12.16,1.348,52.17
"2025-11-08 12:15:00",385,13.05,"2025-11-08 12:02:20",17.24,11.13,322.1,438.2,-1.183,12.22,1.348,52.27
"2025-11-08 12:30:00",386,13.04,"2025-11-08 12:16:20",18.18,11.19,322.6,438.2,-1.225,12.81,1.348,52.4
"2025-11-08 12:45:00",387,12.75,"2025-11-08 12:45:00",18.85,11.28,323.4,438.1,-1.269,12.5,1.347,52.56
"2025-11-08 13:00:00",388,12.65,"2025-11-08 12:58:40",18.89,11.37,324,438.1,-1.292,11.78,1.346,52.71
"2025-11-08 13:15:00",389,12.64,"2025-11-08 13:13:00",18.92,"NAN","NAN","NAN","NAN","NAN",1.344,52.82
"2025-11-08 13:30:00",390,12.63,"2025-11-08 13:21:00",18.87,11.49,325,438,-1.283,11.7,1.344,52.93
"2025-11-08 13:45:00",391,12.62,"2025-11-08 13:42:20",19.15,11.54,325.4,438,-1.313,11.67,1.344,53.01
"2025-11-08 14:00:00",392,12.62,"2025-11-08 13:58:40",19.67,11.58,325.8,438,-1.323,11.67,1.343,53.1
"2025-11-08 14:15:00",393,12.6,"2025-11-08 14:03:00",19.73,11.63,326.2,438,-1.289,11.63,1.342,53.19
"2025-11-08 14:30:00",394,12.67,"2025-11-08 14:25:00",19.71,11.68,326.5,438,-1.303,11.71,1.341,53.26
"2025-11-08 14:45:00",395,12.63,"2025-11-08 14:40:40",19.66,11.7,326.7,438,-1.313,11.69,1.34,53.29
"2025-11-08 15:00:00",396,12.59,"2025-11-08 14:53:00",19.7,11.72,326.9,438,-1.291,11.63,1.339,53.34
"2025-11-08 15:15:00",397,12.59,"2025-11-08 15:00:40",19.82,11.75,327.2,438,-1.303,11.76,1.339,53.4
"2025-11-08 15:30:00",398,12.64,"2025-11-08 15:28:50",20.26,11.78,327.4,438,-1.279,11.9,1.338,53.45
"2025-11-08 15:45:00",399,12.64,"2025-11-08 15:30:40",20.45,11.8,327.6,438,-1.271,11.72,1.338,53.47
"2025-11-08 16:00:00",400,12.59,"2025-11-08 15:58:50",20.43,11.82,327.8,438.1,-1.193,11.67,1.337,53.51
"2025-11-08 16:15:00",401,12.56,"2025-11-08 16:13:00",20.22,11.84,328,438,-1.24,11.63,1.337,53.56
"2025-11-08 16:30:00",402,12.55,"2025-11-08 16:28:40",19.85,11.87,328.2,438,-1.283,11.6,1.336,53.61
"2025-11-08 16:45:00",403,12.51,"2025-11-08 16:40:50",19.38,11.9,328.5,438.1,-1.263,11.56,1.336,53.66
"2025-11-08 17:00:00",404,12.48,"2025-11-08 16:56:40",18.75,11.92,328.7,438.2,-1.301,11.53,1.336,53.7
"2025-11-08 17:15:00",405,12.45,"2025-11-08 17:15:00",18.04,11.93,328.8,438.2,-1.291,11.51,1.334,53.7
"2025-11-08 17:30:00",406,12.43,"2025-11-08 17:28:10",17.2,11.92,328.9,438.4,-1.301,11.47,1.333,53.68
"2025-11-08 17:45:00",407,12.42,"2025-11-08 17:36:50",16.31,11.89,328.8,438.6,-1.287,11.43,1.332,53.64
"2025-11-08 18:00:00",408,12.42,"2025-11-08 17:58:50",15.52,11.87,328.8,438.9,-1.247,11.44,1.331,53.59
"2025-11-08 18:15:00",409,12.41,"2025-11-08 18:14:10",14.8,11.84,328.8,439.1,-1.272,11.41,1.331,53.54
"2025-11-08 18:30:00",410,12.4,"2025-11-08 18:28:10",14.15,11.82,328.7,439.3,-1.267,11.42,1.33,53.49
"2025-11-08 18:45:00",411,12.4,"2025-11-08 18:40:40",13.62,11.79,328.7,439.6,-1.25,11.41,1.33,53.45
"2025-11-08 19:00:00",412,12.39,"2025-11-08 18:53:00",13.21,"NAN","NAN","NAN","NAN","NAN",1.328,53.41
"2025-11-08 19:15:00",413,12.38,"2025-11-08 19:14:50",12.86,11.75,328.6,440,-1.239,11.39,1.327,53.37
"2025-11-08 19:30:00",414,12.37,"2025-11-08 19:28:50",12.5,11.73,328.6,440.1,-1.231,11.37,1.327,53.34
"2025-11-08 19:45:00",415,12.37,"2025-11-08 19:44:50",12.12,11.71,328.6,440.4,-1.249,11.38,1.326,53.31
"2025-11-08 20:00:00",416,12.37,"2025-11-08 19:47:00",11.72,11.69,328.5,440.5,-1.253,11.36,1.324,53.28
"2025-11-08 20:15:00",417,12.36,"2025-11-08 20:11:00",11.33,11.68,328.5,440.6,-1.287,11.37,1.324,53.25
"2025-11-08 20:30:00",418,12.36,"2025-11-08 20:16:50",10.91,11.66,328.5,440.7,-1.281,11.34,1.323,53.22
"2025-11-08 20:45:00",419,12.35,"2025-11-08 20:31:00",10.49,11.65,328.5,440.9,-1.295,11.35,1.322,53.2
"2025-11-08 21:00:00",420,12.35,"2025-11-08 20:57:00",10.12,11.64,328.4,441,-1.283,11.36,1.321,53.18
"2025-11-08 21:15:00",421,12.35,"2025-11-08 21:15:00",9.85,11.63,328.4,441,-1.247,11.34,1.321,53.18
"2025-11-08 21:30:00",422,12.34,"2025-11-08 21:28:40",9.68,11.63,328.5,441.1,-1.271,11.35,1.32,53.18
"2025-11-08 21:45:00",423,12.33,"2025-11-08 21:44:50",9.5,11.62,328.5,441.2,-1.298,11.31,1.319,53.17
"2025-11-08 22:00:00",424,12.34,"2025-11-08 21:58:10",9.32,11.62,328.4,441.2,-1.262,11.32,1.319,53.15
"2025-11-08 22:15:00",425,12.33,"2025-11-08 22:02:30",9.09,11.61,328.4,441.3,-1.278,11.31,1.318,53.14
"2025-11-08 22:30:00",426,12.32,"2025-11-08 22:24:50",8.88,11.6,328.4,441.4,-1.267,11.32,1.317,53.12
"2025-11-08 22:45:00",427,12.32,"2025-11-08 22:45:00",8.7,11.59,328.4,441.5,-1.296,11.32,1.317,53.11
"2025-11-08 23:00:00",428,12.32,"2025-11-08 22:58:40",8.59,11.58,328.3,441.5,-1.303,11.3,1.317,53.1
"2025-11-08 23:15:00",429,12.31,"2025-11-08 23:02:20",8.45,11.57,328.3,441.6,-1.313,11.31,1.316,53.07
"2025-11-08 23:30:00",430,12.31,"2025-11-08 23:29:00",8.26,11.55,328.2,441.6,-1.3,11.3,1.315,53.04
"2025-11-08 23:45:00",431,12.31,"2025-11-08 23:31:00",8.03,11.53,328.1,441.7,-1.302,11.28,1.314,53.01
"2025-11-09 00:00:00",432,12.3,"2025-11-08 23:49:00",7.805,11.51,327.9,441.7,-1.279,11.3,1.313,52.97
"2025-11-09 00:15:00",433,12.3,"2025-11-09 00:01:00",7.651,11.49,327.8,441.9,-1.306,11.3,1.313,52.92
"2025-11-09 00:30:00",434,12.3,"2025-11-09 00:28:20",7.482,11.47,327.7,441.9,-1.311,11.28,1.312,52.87
"2025-11-09 00:45:00",435,12.3,"2025-11-09 00:31:00",7.263,11.44,327.5,442,-1.297,11.27,1.312,52.82
"2025-11-09 01:00:00",436,12.29,"2025-11-09 00:49:00",7.074,11.41,327.3,442,-1.284,11.26,1.311,52.77
"2025-11-09 01:15:00",437,12.29,"2025-11-09 01:00:30",7.028,11.38,327.1,442.1,-1.293,11.26,1.31,52.72
"2025-11-09 01:30:00",438,12.28,"2025-11-09 01:28:50",7.056,11.36,327,442.2,-1.303,11.29,1.31,52.68
"2025-11-09 01:45:00",439,12.28,"2025-11-09 01:30:50",7.17,11.34,326.9,442.3,-1.283,11.25,1.309,52.65
"2025-11-09 02:00:00",440,12.28,"2025-11-09 01:53:00",7.424,11.32,326.6,442.1,-1.3,11.25,1.309,52.61
"2025-11-09 02:15:00",441,12.28,"2025-11-09 02:00:40",7.893,11.3,326.3,442,-1.302,11.26,1.311,52.58
"2025-11-09 02:30:00",442,12.27,"2025-11-09 02:25:00",8.27,11.29,326.3,442,-1.283,11.28,1.311,52.55
"2025-11-09 02:45:00",443,12.28,"2025-11-09 02:32:40",8.52,11.28,326.1,442,-1.326,11.24,1.311,52.53
"2025-11-09 03:00:00",444,12.27,"2025-11-09 02:57:00",8.7,11.27,326.1,442,-1.305,11.24,1.311,52.51
"2025-11-09 03:15:00",445,12.27,"2025-11-09 03:15:00",8.84,11.25,326,442.1,-1.275,11.27,1.31,52.49
"2025-11-09 03:30:00",446,12.26,"2025-11-09 03:19:00",8.97,11.24,325.9,442.1,-1.263,11.26,1.309,52.47
"2025-11-09 03:45:00",447,12.26,"2025-11-09 03:43:00",9.06,11.23,325.9,442.1,-1.237,11.23,1.31,52.45
"2025-11-09 04:00:00",448,12.26,"2025-11-09 03:59:00",9.13,11.22,325.9,442.3,-1.251,11.25,1.308,52.43
"2025-11-09 04:15:00",449,12.26,"2025-11-09 04:02:20",9.15,11.21,325.8,442.3,-1.266,11.27,1.308,52.41
"2025-11-09 04:30:00",450,12.25,"2025-11-09 04:28:20",9.17,11.2,325.8,442.4,-1.29,11.24,1.308,52.4
"2025-11-09 04:45:00",451,12.25,"2025-11-09 04:39:00",9.21,11.2,325.8,442.5,-1.243,11.22,1.308,52.39
"2025-11-09 05:00:00",452,12.25,"2025-11-09 04:55:00",9.24,11.19,325.8,442.5,-1.275,11.25,1.307,52.38
"2025-11-09 05:15:00",453,12.25,"2025-11-09 05:11:00",9.17,11.18,325.8,442.6,-1.238,11.25,1.306,52.36
"2025-11-09 05:30:00",454,12.25,"2025-11-09 05:28:30",9,11.16,325.7,442.8,-1.241,11.23,1.305,52.32
"2025-11-09 05:45:00",455,12.25,"2025-11-09 05:37:00",8.69,11.13,325.5,442.9,-1.233,11.22,1.304,52.26
"2025-11-09 06:00:00",456,12.25,"2025-11-09 05:54:40",8.27,11.09,325.2,442.9,-1.173,11.25,1.303,52.19
"2025-11-09 06:15:00",457,12.24,"2025-11-09 06:02:30",7.834,11.05,325,443,-1.144,11.22,1.303,52.12
"2025-11-09 06:30:00",458,12.24,"2025-11-09 06:25:00",7.456,"NAN","NAN","NAN","NAN","NAN",1.303,52.06
"2025-11-09 06:45:00",459,12.24,"2025-11-09 06:30:50",7.289,10.99,324.7,443.3,-1.093,11.21,1.303,52.02
"2025-11-09 07:00:00",460,12.23,"2025-11-09 06:58:50",7.268,10.96,324.5,443.4,-1.142,11.23,1.301,51.96
"2025-11-09 07:15:00",461,12.23,"2025-11-09 07:01:00",7.242,10.93,324.3,443.5,-1.179,11.2,1.301,51.91
"2025-11-09 07:30:00",462,12.23,"2025-11-09 07:18:50",7.147,10.9,324.1,443.6,-1.202,11.19,1.3,51.84
"2025-11-09 07:45:00",463,12.23,"2025-11-09 07:30:40",7.05,10.86,323.9,443.8,-1.173,11.21,1.299,51.78
"2025-11-09 08:00:00",464,12.22,"2025-11-09 07:46:30",6.991,10.83,323.7,443.9,-1.194,11.21,1.299,51.73
"2025-11-09 08:15:00",465,12.21,"2025-11-09 08:02:20",6.955,10.8,323.6,444,-1.246,11.19,1.3,51.69
"2025-11-09 08:30:00",466,12.23,"2025-11-09 08:16:50",6.899,10.78,323.5,444.1,-1.309,11.19,1.299,51.64
"2025-11-09 08:45:00",467,12.22,"2025-11-09 08:41:00",6.862,10.75,323.3,444.2,-1.303,11.22,1.299,51.6
"2025-11-09 09:00:00",468,12.22,"2025-11-09 08:55:00",6.823,10.73,323.1,444.3,-1.312,11.21,1.297,51.55
"2025-11-09 09:15:00",469,12.21,"2025-11-09 09:02:30",6.709,10.69,322.9,444.4,-1.272,11.19,1.296,51.5
"2025-11-09 09:30:00",470,12.23,"2025-11-09 09:19:00",6.587,10.67,322.7,444.4,-1.241,11.2,1.296,51.45
"2025-11-09 09:45:00",471,12.24,"2025-11-09 09:30:10",6.503,10.64,322.5,444.4,-1.165,11.23,1.296,51.39
"2025-11-09 10:00:00",472,12.24,"2025-11-09 09:57:00",6.457,10.62,322.4,444.5,-1.231,11.23,1.296,51.35
"2025-11-09 10:15:00",473,12.24,"2025-11-09 10:00:40",6.379,10.59,322.1,444.5,-1.315,11.21,1.296,51.29
"2025-11-09 10:30:00",474,12.24,"2025-11-09 10:21:00",6.333,10.57,322,444.5,-1.34,11.21,1.296,51.26
"2025-11-09 10:45:00",475,12.23,"2025-11-09 10:38:30",6.325,10.54,321.8,444.6,-1.405,11.23,1.296,51.22
"2025-11-09 11:00:00",476,12.25,"2025-11-09 10:47:00",6.346,10.52,321.6,444.6,-1.403,11.24,1.296,51.17
"2025-11-09 11:15:00",477,12.25,"2025-11-09 11:05:00",6.401,10.5,321.4,444.6,-1.402,11.22,1.295,51.13
"2025-11-09 11:30:00",478,12.23,"2025-11-09 11:28:50",6.435,10.49,321.4,444.6,-1.369,11.21,1.294,51.11
"2025-11-09 11:45:00",479,12.23,"2025-11-09 11:35:00",6.389,10.47,321.2,444.6,-1.368,11.22,1.295,51.07
"2025-11-09 12:00:00",480,12.24,"2025-11-09 11:46:30",6.331,10.45,321.1,444.7,-1.368,11.22,1.296,51.05
"2025-11-09 12:15:00",481,12.24,"2025-11-09 12:02:20",6.317,10.43,321,444.7,-1.365,11.21,1.295,51.02
"2025-11-09 12:30:00",482,12.21,"2025-11-09 12:29:50",6.338,10.42,320.8,444.7,-1.392,11.22,1.295,50.99
"2025-11-09 12:45:00",483,12.23,"2025-11-09 12:35:00",6.373,10.41,320.7,444.7,-1.367,11.23,1.295,50.97
"2025-11-09 13:00:00",484,12.23,"2025-11-09 12:50:50",6.37,10.39,320.6,444.7,-1.37,11.22,1.295,50.94
"2025-11-09 13:15:00",485,12.22,"2025-11-09 13:02:20",6.279,10.37,320.5,444.8,-1.347,11.19,1.294,50.9
"2025-11-09 13:30:00",486,12.23,"2025-11-09 13:17:00",6.135,10.35,320.3,444.8,-1.394,11.2,1.295,50.86
"2025-11-09 13:45:00",487,12.23,"2025-11-09 13:32:50",5.928,10.32,320.1,444.8,-1.415,11.22,1.294,50.82
"2025-11-09 14:00:00",488,12.23,"2025-11-09 13:47:00",5.738,10.31,320,444.8,-1.409,11.21,1.294,50.79
"2025-11-09 14:15:00",489,12.21,"2025-11-09 14:07:00",5.602,10.29,319.8,444.8,-1.434,11.18,1.294,50.75
"2025-11-09 14:30:00",490,12.24,"2025-11-09 14:16:30",5.512,10.26,319.6,444.9,-1.406,11.21,1.294,50.71
"2025-11-09 14:45:00",491,12.23,"2025-11-09 14:35:00",5.449,10.25,319.5,444.9,-1.365,11.23,1.294,50.69
"2025-11-09 15:00:00",492,12.27,"2025-11-09 14:52:40",5.376,10.24,319.5,444.8,-1.363,11.26,1.294,50.67
"2025-11-09 15:15:00",493,12.3,"2025-11-09 15:13:00",5.519,10.23,319.4,444.8,-1.347,11.27,1.292,50.66
"2025-11-09 15:30:00",494,12.35,"2025-11-09 15:15:10",5.727,10.23,319.3,444.8,-1.396,11.32,1.293,50.65
"2025-11-09 15:45:00",495,12.29,"2025-11-09 15:37:00",5.739,10.22,319.2,444.7,-1.389,11.31,1.291,50.63
"2025-11-09 16:00:00",496,12.27,"2025-11-09 15:52:40",5.273,10.2,319,444.8,-1.431,11.28,1.291,50.61
"2025-11-09 16:15:00",497,12.26,"2025-11-09 16:07:00",4.769,10.18,318.9,444.8,-1.411,11.24,1.291,50.57
"2025-11-09 16:30:00",498,12.28,"2025-11-09 16:28:50",4.468,10.16,318.8,444.8,-1.365,11.25,1.291,50.54
"2025-11-09 16:45:00",499,12.23,"2025-11-09 16:45:00",4.3,10.14,318.6,444.9,-1.437,11.24,1.289,50.51
"2025-11-09 17:00:00",500,12.2,"2025-11-09 16:59:00",4.079,10.12,318.5,445,-1.441,11.2,1.287,50.47
"2025-11-09 17:15:00",501,12.19,"2025-11-09 17:14:50",3.879,10.1,318.4,445.1,-1.452,11.16,1.287,50.43
"2025-11-09 17:30:00",502,12.17,"2025-11-09 17:28:40",3.711,10.07,318.3,445.3,-1.444,11.15,1.288,50.38
"2025-11-09 17:45:00",503,12.17,"2025-11-09 17:44:40",3.585,10.04,318.2,445.4,-1.403,11.16,1.287,50.34
"2025-11-09 18:00:00",504,12.17,"2025-11-09 17:52:40",3.451,10.02,318.1,445.6,-1.435,11.14,1.287,50.27
"2025-11-09 18:15:00",505,12.16,"2025-11-09 18:02:20",3.251,9.99,318,445.7,-1.381,11.13,1.287,50.23
"2025-11-09 18:30:00",506,12.16,"2025-11-09 18:16:40",3.113,9.97,317.9,445.9,-1.359,11.12,1.286,50.19
"2025-11-09 18:45:00",507,12.15,"2025-11-09 18:45:00",2.982,9.94,317.8,446.1,-1.367,11.14,1.286,50.14
"2025-11-09 19:00:00",508,12.15,"2025-11-09 18:47:00",2.865,"NAN","NAN","NAN","NAN","NAN",1.285,50.09
"2025-11-09 19:15:00",509,12.15,"2025-11-09 19:02:20",2.718,9.89,317.6,446.4,-1.353,11.11,1.284,50.04
"2025-11-09 19:30:00",510,12.15,"2025-11-09 19:16:50",2.527,9.86,317.5,446.6,-1.415,11.1,1.284,49.99
"2025-11-09 19:45:00",511,12.14,"2025-11-09 19:35:00",2.333,9.83,317.3,446.7,-1.374,11.13,1.283,49.93
"2025-11-09 20:00:00",512,12.14,"2025-11-09 19:46:50",2.142,9.8,317.1,446.9,-1.383,11.12,1.283,49.88
"2025-11-09 20:15:00",513,12.13,"2025-11-09 20:02:20",1.967,9.76,317,447.1,-1.416,11.09,1.281,49.82
"2025-11-09 20:30:00",514,12.13,"2025-11-09 20:17:00",1.796,9.73,316.8,447.3,-1.453,11.09,1.282,49.76
"2025-11-09 20:45:00",515,12.13,"2025-11-09 20:30:40",1.624,9.69,316.6,447.4,-1.45,11.11,1.281,49.68
"2025-11-09 21:00:00",516,12.13,"2025-11-09 20:53:00",1.453,9.65,316.4,447.6,-1.423,11.1,1.28,49.62
"2025-11-09 21:15:00",517,12.13,"2025-11-09 21:00:40",1.277,9.62,316.2,447.7,-1.445,11.08,1.279,49.56
"2025-11-09 21:30:00",518,12.12,"2025-11-09 21:29:00",1.177,9.59,316.1,448,-1.463,11.07,1.279,49.51
"2025-11-09 21:45:00",519,12.12,"2025-11-09 21:30:20",1.114,9.56,315.9,448.1,-1.429,11.1,1.279,49.45
"2025-11-09 22:00:00",520,12.12,"2025-11-09 21:49:00",1.011,9.52,315.7,448.3,-1.53,11.09,1.277,49.37
"2025-11-09 22:15:00",521,12.11,"2025-11-09 22:11:00",0.822,9.48,315.5,448.5,-1.476,11.07,1.274,49.3
"2025-11-09 22:30:00",522,12.1,"2025-11-09 22:29:00",0.59,9.44,315.3,448.7,-1.492,11.06,1.273,49.23
"2025-11-09 22:45:00",523,12.1,"2025-11-09 22:30:50",0.361,9.39,315,448.8,-1.49,11.09,1.274,49.15
"2025-11-09 23:00:00",524,12.1,"2025-11-09 22:56:50",0.253,9.36,314.8,449,-1.517,11.08,1.273,49.09
"2025-11-09 23:15:00",525,12.1,"2025-11-09 23:02:20",0.181,9.32,314.6,449.1,-1.488,11.06,1.272,49.03
"2025-11-09 23:30:00",526,12.1,"2025-11-09 23:23:00",0.077,9.28,314.4,449.3,-1.513,11.06,1.272,48.96
"2025-11-09 23:45:00",527,12.1,"2025-11-09 23:44:50",0.031,9.24,314.1,449.4,-1.507,11.09,1.272,48.89
"2025-11-10 00:00:00",528,12.09,"2025-11-09 23:51:00",-0.007,"NAN","NAN","NAN","NAN","NAN",1.27,48.83
"2025-11-10 00:15:00",529,12.09,"2025-11-10 00:14:50",-0.058,9.17,313.7,449.6,-1.521,11.05,1.271,48.76
"2025-11-10 00:30:00",530,12.09,"2025-11-10 00:25:00",-0.065,9.14,313.5,449.8,-1.529,11.04,1.27,48.7
"2025-11-10 00:45:00",531,12.08,"2025-11-10 00:30:50",-0.034,9.11,313.3,449.8,-1.513,11.07,1.269,48.65
"2025-11-10 01:00:00",532,12.08,"2025-11-10 00:46:50",-0.032,9.08,313.1,449.9,-1.461,11.06,1.268,48.59
"2025-11-10 01:15:00",533,12.08,"2025-11-10 01:12:50",-0.059,9.04,312.8,450,-1.351,11.04,1.268,48.53
"2025-11-10 01:30:00",534,12.08,"2025-11-10 01:18:40",-0.081,9.01,312.5,450,-1.459,11.03,1.268,48.47
"2025-11-10 01:45:00",535,12.08,"2025-11-10 01:32:30",-0.113,8.97,312.3,450.1,-1.485,11.03,1.267,48.41
"2025-11-10 02:00:00",536,12.08,"2025-11-10 01:49:00",-0.159,8.95,312.1,450.1,-1.528,11.05,1.266,48.36
"2025-11-10 02:15:00",537,12.07,"2025-11-10 02:13:00",-0.185,8.92,311.9,450.2,-1.56,11.03,1.265,48.3
"2025-11-10 02:30:00",538,12.07,"2025-11-10 02:25:00",-0.22,8.88,311.7,450.3,-1.561,11.02,1.266,48.24
"2025-11-10 02:45:00",539,12.07,"2025-11-10 02:32:50",-0.328,8.86,311.5,450.3,-1.557,11.02,1.265,48.21
"2025-11-10 03:00:00",540,12.07,"2025-11-10 02:48:40",-0.5,8.82,311.1,450.3,-1.541,11.05,1.266,48.14
"2025-11-10 03:15:00",541,12.07,"2025-11-10 03:08:50",-0.688,8.78,310.7,450.3,-1.558,11.03,1.265,48.07
"2025-11-10 03:30:00",542,12.07,"2025-11-10 03:17:00",-0.915,8.74,310.4,450.3,-1.551,11.01,1.264,48
"2025-11-10 03:45:00",543,12.06,"2025-11-10 03:39:00",-1.086,8.71,310.2,450.3,-1.55,11.01,1.264,47.95
"2025-11-10 04:00:00",544,12.06,"2025-11-10 03:47:00",-1.199,8.69,310.1,450.4,-1.589,11.04,1.262,47.91
"2025-11-10 04:15:00",545,12.06,"2025-11-10 04:00:30",-1.278,8.66,309.9,450.4,-1.61,11.02,1.262,47.86
"2025-11-10 04:30:00",546,12.06,"2025-11-10 04:25:00",-1.381,8.63,309.6,450.4,-1.626,11,1.262,47.8
"2025-11-10 04:45:00",547,12.06,"2025-11-10 04:42:40",-1.501,8.59,309.3,450.5,-1.624,11,1.261,47.73
"2025-11-10 05:00:00",548,12.02,"2025-11-10 04:50:10",-1.676,8.55,309,450.5,-1.58,11.03,1.261,47.66
"2025-11-10 05:15:00",549,12.05,"2025-11-10 05:01:00",-1.842,8.51,308.7,450.6,-1.601,11.01,1.261,47.58
"2025-11-10 05:30:00",550,12.05,"2025-11-10 05:28:40",-2.066,8.47,308.3,450.6,-1.561,10.99,1.26,47.51
"2025-11-10 05:45:00",551,12.05,"2025-11-10 05:44:50",-2.308,8.43,308,450.6,-1.585,10.99,1.26,47.44
"2025-11-10 06:00:00",552,12.04,"2025-11-10 05:57:00",-2.543,8.39,307.6,450.6,-1.622,11.02,1.261,47.36
"2025-11-10 06:15:00",553,12.04,"2025-11-10 06:02:20",-2.764,8.34,307.3,450.7,-1.6,10.99,1.26,47.28
"2025-11-10 06:30:00",554,12.04,"2025-11-10 06:26:40",-2.989,8.31,307,450.8,-1.595,10.98,1.26,47.22
"2025-11-10 06:45:00",555,12.04,"2025-11-10 06:38:50",-3.164,8.27,306.8,450.8,-1.568,10.98,1.259,47.16
"2025-11-10 07:00:00",556,12.04,"2025-11-10 06:47:00",-3.233,8.23,306.5,450.9,-1.569,11,1.258,47.08
"2025-11-10 07:15:00",557,12.03,"2025-11-10 07:02:20",-3.244,8.19,306.1,450.9,-1.624,10.98,1.259,47.01
"2025-11-10 07:30:00",558,12.02,"2025-11-10 07:29:50",-3.306,8.15,305.8,451,-1.567,10.97,1.257,46.94
"2025-11-10 07:45:00",559,12.03,"2025-11-10 07:31:00",-3.313,8.11,305.5,451,-1.616,10.98,1.256,46.86
"2025-11-10 08:00:00",560,12.04,"2025-11-10 07:49:00",-3.169,8.07,305.2,451,-1.603,11.03,1.255,46.79
"2025-11-10 08:15:00",561,12.07,"2025-11-10 08:05:00",-2.858,8.04,305,451,-1.591,11.03,1.255,46.75
"2025-11-10 08:30:00",562,12.06,"2025-11-10 08:25:00",-2.415,8.03,304.8,451,-1.607,11.03,1.255,46.71
"2025-11-10 08:45:00",563,12.07,"2025-11-10 08:30:40",-2.149,8,304.6,451,-1.607,11.03,1.256,46.68
"2025-11-10 09:00:00",564,12.07,"2025-11-10 08:47:00",-1.947,7.978,304.3,450.9,-1.607,11.07,1.256,46.62
"2025-11-10 09:15:00",565,12.18,"2025-11-10 09:00:10",-1.604,7.966,304.2,450.8,-1.615,11.17,1.255,46.61
"2025-11-10 09:30:00",566,12.25,"2025-11-10 09:18:50",-1.035,7.972,304.1,450.7,-1.559,11.22,1.255,46.62
"2025-11-10 09:45:00",567,12.15,"2025-11-10 09:45:00",-0.682,7.972,304.1,450.6,-1.458,11.17,1.256,46.62
"2025-11-10 10:00:00",568,12.14,"2025-11-10 09:56:40",-0.646,7.966,304,450.6,-1.477,11.13,1.254,46.6
"2025-11-10 10:15:00",569,12.16,"2025-11-10 10:09:00",-0.599,7.949,303.8,450.6,-1.597,11.12,1.254,46.58
"2025-11-10 10:30:00",570,12.14,"2025-11-10 10:19:00",-0.48,7.933,303.7,450.5,-1.633,11.11,1.254,46.55
"2025-11-10 10:45:00",571,12.14,"2025-11-10 10:37:00",-0.369,7.917,303.5,450.4,-1.626,11.11,1.253,46.52
"2025-11-10 11:00:00",572,12.12,"2025-11-10 10:59:00",-0.217,7.912,303.4,450.4,-1.55,11.15,1.253,46.52
"2025-11-10 11:15:00",573,12.11,"2025-11-10 11:03:00",-0.196,7.901,303.2,450.3,-1.493,11.08,1.252,46.49
"2025-11-10 11:30:00",574,12.14,"2025-11-10 11:23:00",-0.181,7.888,303.1,450.3,-1.501,11.09,1.252,46.47
"2025-11-10 11:45:00",575,12.14,"2025-11-10 11:31:00",-0.117,7.881,303,450.3,-1.49,11.11,1.251,46.46
"2025-11-10 12:00:00",576,12.19,"2025-11-10 11:56:50",0.042,7.88,303,450.2,-1.478,11.18,1.25,46.45
"2025-11-10 12:15:00",577,12.18,"2025-11-10 12:14:40",0.21,7.879,302.9,450.1,-1.477,11.16,1.25,46.45
"2025-11-10 12:30:00",578,12.17,"2025-11-10 12:25:00",0.321,7.874,302.8,450.1,-1.504,11.14,1.25,46.44
"2025-11-10 12:45:00",579,12.2,"2025-11-10 12:30:10",0.514,7.88,302.8,450,-1.493,11.21,1.249,46.46
"2025-11-10 13:00:00",580,12.4,"2025-11-10 12:54:50",0.995,7.902,303,449.9,-1.489,11.4,1.249,46.5
"2025-11-10 13:15:00",581,12.44,"2025-11-10 13:05:00",1.364,7.916,303,449.8,-1.491,11.44,1.248,46.53
"2025-11-10 13:30:00",582,12.66,"2025-11-10 13:17:00",1.986,7.938,303.1,449.6,-1.497,11.66,1.248,46.57
"2025-11-10 13:45:00",583,12.6,"2025-11-10 13:35:00",2.64,7.962,303.2,449.5,-1.499,11.64,1.247,46.61
"2025-11-10 14:00:00",584,12.66,"2025-11-10 13:54:50",2.971,7.983,303.4,449.4,-1.493,11.72,1.248,46.66
"2025-11-10 14:15:00",585,12.54,"2025-11-10 14:06:50",3.146,7.994,303.4,449.4,-1.462,11.57,1.247,46.66
"2025-11-10 14:30:00",586,12.5,"2025-11-10 14:26:50",3.117,7.995,303.4,449.3,-1.482,11.6,1.247,46.66
"2025-11-10 14:45:00",587,12.53,"2025-11-10 14:30:20",2.957,7.991,303.3,449.2,-1.474,11.58,1.246,46.66
"2025-11-10 15:00:00",588,12.5,"2025-11-10 14:58:40",2.889,7.985,303.2,449.2,-1.451,11.56,1.245,46.64
"2025-11-10 15:15:00",589,12.52,"2025-11-10 15:01:00",2.775,7.979,303.1,449.1,-1.456,11.54,1.244,46.63
"2025-11-10 15:30:00",590,12.42,"2025-11-10 15:25:00",2.76,7.979,303.1,449.1,-1.46,11.44,1.245,46.63
"2025-11-10 15:45:00",591,12.45,"2025-11-10 15:44:50",2.657,7.977,303.1,449.1,-1.438,11.49,1.245,46.63
"2025-11-10 16:00:00",592,12.42,"2025-11-10 15:50:30",2.621,7.969,303,449.1,-1.458,11.42,1.245,46.61
"2025-11-10 16:15:00",593,12.34,"2025-11-10 16:15:00",2.353,7.956,302.9,449.1,-1.453,11.33,1.244,46.59
"2025-11-10 16:30:00",594,12.33,"2025-11-10 16:17:00",2.03,7.945,302.8,449.1,-1.407,11.26,1.244,46.57
"2025-11-10 16:45:00",595,12.31,"2025-11-10 16:45:00",1.69,7.928,302.7,449.2,-1.303,11.25,1.243,46.54
"2025-11-10 17:00:00",596,12.28,"2025-11-10 16:58:40",1.272,7.907,302.6,449.3,-1.295,11.23,1.242,46.5
"2025-11-10 17:15:00",597,12.25,"2025-11-10 17:14:40",0.846,7.882,302.5,449.4,-1.285,11.25,1.242,46.45
"2025-11-10 17:30:00",598,12.23,"2025-11-10 17:28:50",0.503,7.854,302.3,449.5,-1.316,11.24,1.242,46.4
"2025-11-10 17:45:00",599,12.21,"2025-11-10 17:44:50",0.325,7.826,302.2,449.6,-1.312,11.22,1.242,46.35
"2025-11-10 18:00:00",600,12.19,"2025-11-10 17:59:00",0.029,7.793,302,449.9,-1.325,11.2,1.241,46.3
"2025-11-10 18:15:00",601,12.18,"2025-11-10 18:14:40",-0.295,7.765,301.8,450,-1.285,11.18,1.24,46.24
"2025-11-10 18:30:00",602,12.17,"2025-11-10 18:28:50",-0.574,7.733,301.7,450.2,-1.245,11.17,1.241,46.18
"2025-11-10 18:45:00",603,12.15,"2025-11-10 18:44:50",-0.842,7.7,301.5,450.3,-1.298,11.15,1.24,46.13
"2025-11-10 19:00:00",604,12.14,"2025-11-10 18:58:30",-1.113,7.672,301.3,450.4,-1.365,11.14,1.24,46.08
"2025-11-10 19:15:00",605,12.13,"2025-11-10 19:09:00",-1.368,7.64,301.2,450.6,-1.388,11.12,1.241,46.02
"2025-11-10 19:30:00",606,12.11,"2025-11-10 19:28:50",-1.556,7.611,301,450.8,-1.385,11.11,1.24,45.97
"2025-11-10 19:45:00",607,12.1,"2025-11-10 19:45:00",-1.716,7.584,300.9,450.9,-1.419,11.11,1.239,45.92
"2025-11-10 20:00:00",608,12.09,"2025-11-10 19:58:50",-1.852,7.562,300.8,451,-1.429,11.1,1.238,45.89
"2025-11-10 20:15:00",609,12.08,"2025-11-10 20:10:50",-1.923,7.54,300.7,451.2,-1.457,11.08,1.237,45.86
"2025-11-10 20:30:00",610,12.07,"2025-11-10 20:29:00",-1.981,7.52,300.6,451.3,-1.445,11.07,1.237,45.82
"2025-11-10 20:45:00",611,12.07,"2025-11-10 20:40:40",-2.036,7.499,300.5,451.4,-1.451,11.06,1.237,45.79
"2025-11-10 21:00:00",612,12.06,"2025-11-10 20:46:40",-2.136,7.476,300.5,451.6,-1.475,11.05,1.236,45.75
"2025-11-10 21:15:00",613,12.06,"2025-11-10 21:15:00",-2.32,7.454,300.4,451.8,-1.457,11.05,1.236,45.71
"2025-11-10 21:30:00",614,12.05,"2025-11-10 21:26:40",-2.415,7.435,300.3,451.9,-1.458,11.04,1.235,45.68
"2025-11-10 21:45:00",615,12.04,"2025-11-10 21:45:00",-2.382,7.42,300.3,452.1,-1.463,11.03,1.234,45.65
"2025-11-10 22:00:00",616,12.04,"2025-11-10 21:50:40",-2.272,7.412,300.3,452.2,-1.48,11.03,1.235,45.63
"2025-11-10 22:15:00",617,12.04,"2025-11-10 22:02:20",-2.291,7.399,300.3,452.3,-1.481,11.03,1.234,45.61
"2025-11-10 22:30:00",618,12.03,"2025-11-10 22:25:00",-2.393,7.383,300.2,452.5,-1.455,11.03,1.233,45.58
"2025-11-10 22:45:00",619,12.03,"2025-11-10 22:35:00",-2.552,7.361,300.1,452.6,-1.479,11.02,1.233,45.54
"2025-11-10 23:00:00",620,12.03,"2025-11-10 22:59:00",-2.76,7.338,300,452.7,-1.491,11.02,1.233,45.5
"2025-11-10 23:15:00",621,12.03,"2025-11-10 23:15:00",-3.015,7.317,299.9,452.8,-1.481,11.01,1.231,45.47
"2025-11-10 23:30:00",622,12.02,"2025-11-10 23:16:50",-3.272,7.296,299.8,452.9,-1.476,11.01,1.231,45.43
"2025-11-10 23:45:00",623,12.03,"2025-11-10 23:32:40",-3.486,7.274,299.6,453,-1.426,11.01,1.23,45.39
"2025-11-11 00:00:00",624,12.02,"2025-11-10 23:53:00",-3.685,7.252,299.5,453.1,-1.47,11,1.229,45.35
"2025-11-11 00:15:00",625,12.01,"2025-11-11 00:11:00",-3.875,7.229,299.3,453.2,-1.455,11,1.23,45.31
"2025-11-11 00:30:00",626,12.01,"2025-11-11 00:29:00",-4.09,7.203,299.2,453.2,-1.484,11,1.229,45.26
"2025-11-11 00:45:00",627,12.01,"2025-11-11 00:31:00",-4.305,7.178,299,453.3,-1.481,10.99,1.228,45.22
"2025-11-11 01:00:00",628,12.01,"2025-11-11 00:57:00",-4.466,7.155,298.9,453.4,-1.492,10.99,1.227,45.18
"2025-11-11 01:15:00",629,12,"2025-11-11 01:00:20",-4.625,7.134,298.7,453.5,-1.489,10.99,1.227,45.14
"2025-11-11 01:30:00",630,12,"2025-11-11 01:21:00",-4.768,7.108,298.6,453.6,-1.475,10.99,1.226,45.09
"2025-11-11 01:45:00",631,12,"2025-11-11 01:30:10",-4.921,7.084,298.4,453.6,-1.491,10.98,1.226,45.05
"2025-11-11 02:00:00",632,12,"2025-11-11 01:55:00",-5.037,7.059,298.3,453.7,-1.525,10.98,1.225,45
"2025-11-11 02:15:00",633,12,"2025-11-11 02:01:00",-5.158,7.037,298.1,453.8,-1.475,10.98,1.225,44.96
"2025-11-11 02:30:00",634,11.99,"2025-11-11 02:22:30",-5.267,7.009,297.9,453.9,-1.45,10.97,1.225,44.91
"2025-11-11 02:45:00",635,11.99,"2025-11-11 02:33:00",-5.38,6.986,297.7,453.9,-1.477,10.97,1.224,44.86
"2025-11-11 03:00:00",636,11.99,"2025-11-11 02:51:00",-5.493,6.96,297.6,454,-1.541,10.97,1.223,44.8
"2025-11-11 03:15:00",637,11.99,"2025-11-11 03:05:00",-5.612,6.934,297.4,454,-1.521,10.97,1.223,44.76
"2025-11-11 03:30:00",638,11.98,"2025-11-11 03:29:00",-5.737,6.907,297.2,454.1,-1.538,10.96,1.223,44.71
"2025-11-11 03:45:00",639,11.98,"2025-11-11 03:43:00",-5.821,6.882,297,454.1,-1.539,10.96,1.222,44.67
"2025-11-11 04:00:00",640,11.98,"2025-11-11 03:58:30",-5.89,"NAN","NAN","NAN","NAN","NAN",1.222,44.61
"2025-11-11 04:15:00",641,11.98,"2025-11-11 04:02:20",-5.947,6.825,296.5,454.2,-1.532,10.95,1.222,44.56
"2025-11-11 04:30:00",642,11.97,"2025-11-11 04:28:50",-6.021,6.798,296.3,454.3,-1.532,10.95,1.221,44.51
"2025-11-11 04:45:00",643,11.97,"2025-11-11 04:40:30",-6.072,6.77,296.1,454.3,-1.525,10.95,1.222,44.46
"2025-11-11 05:00:00",644,11.97,"2025-11-11 04:59:00",-6.105,6.741,295.9,454.4,-1.526,10.95,1.22,44.41
"2025-11-11 05:15:00",645,11.97,"2025-11-11 05:00:50",-6.145,6.715,295.7,454.3,-1.547,10.95,1.22,44.36
"2025-11-11 05:30:00",646,11.97,"2025-11-11 05:17:00",-6.214,6.685,295.5,454.4,-1.543,10.95,1.22,44.31
"2025-11-11 05:45:00",647,11.97,"2025-11-11 05:35:00",-6.247,6.656,295.2,454.4,-1.505,10.94,1.22,44.26
"2025-11-11 06:00:00",648,11.97,"2025-11-11 05:51:00",-6.267,6.63,295,454.4,-1.47,10.94,1.219,44.21
"2025-11-11 06:15:00",649,11.95,"2025-11-11 06:02:20",-6.27,6.601,294.8,454.5,-1.477,10.94,1.219,44.16
"2025-11-11 06:30:00",650,11.96,"2025-11-11 06:29:00",-6.253,6.571,294.5,454.5,-1.509,10.94,1.219,44.11
"2025-11-11 06:45:00",651,11.95,"2025-11-11 06:30:20",-6.235,6.541,294.3,454.6,-1.516,10.94,1.219,44.06
"2025-11-11 07:00:00",652,11.96,"2025-11-11 06:46:50",-6.204,6.514,294.1,454.6,-1.515,10.93,1.218,44.01
"2025-11-11 07:15:00",653,11.95,"2025-11-11 07:11:00",-6.154,6.487,293.8,454.6,-1.533,10.93,1.217,43.96
"2025-11-11 07:30:00",654,11.97,"2025-11-11 07:16:40",-6.016,6.461,293.6,454.6,-1.515,10.94,1.216,43.91
"2025-11-11 07:45:00",655,11.96,"2025-11-11 07:33:00",-5.718,6.448,293.5,454.6,-1.538,10.94,1.216,43.89
"2025-11-11 08:00:00",656,11.97,"2025-11-11 07:46:50",-5.368,6.434,293.4,454.6,-1.535,10.96,1.216,43.87
"2025-11-11 08:15:00",657,11.98,"2025-11-11 08:11:00",-4.876,6.425,293.3,454.6,-1.538,10.98,1.215,43.85
"2025-11-11 08:30:00",658,12,"2025-11-11 08:16:20",-4.262,6.422,293.3,454.6,-1.565,11,1.214,43.85
"2025-11-11 08:45:00",659,12.05,"2025-11-11 08:33:00",-3.528,6.426,293.3,454.5,-1.559,11.05,1.214,43.86
"2025-11-11 09:00:00",660,12.06,"2025-11-11 08:51:00",-2.897,6.431,293.2,454.3,-1.573,11.06,1.214,43.86
"2025-11-11 09:15:00",661,12.13,"2025-11-11 09:10:40",-2.231,6.442,293.3,454.3,-1.547,11.12,1.214,43.88
"2025-11-11 09:30:00",662,12.18,"2025-11-11 09:18:50",-1.565,6.45,293.3,454.2,-1.566,11.18,1.213,43.9
"2025-11-11 09:45:00",663,12.27,"2025-11-11 09:30:30",-0.83,6.466,295.2,457,-1.571,11.28,1.212,43.93
"2025-11-11 10:00:00",664,12.52,"2025-11-11 09:52:50",0.074,6.484,295.3,456.9,-1.583,11.46,1.213,43.96
"2025-11-11 10:15:00",665,12.52,"2025-11-11 10:07:00",0.943,6.501,295.4,456.7,-1.565,11.48,1.213,43.99
"2025-11-11 10:30:00",666,12.57,"2025-11-11 10:19:00",1.736,6.526,295.5,456.6,-1.587,11.5,1.211,44.04
"2025-11-11 10:45:00",667,12.56,"2025-11-11 10:39:00",2.465,6.547,295.5,456.4,-1.56,11.5,1.21,44.08
"2025-11-11 11:00:00",668,12.62,"2025-11-11 10:46:30",3.056,6.571,295.6,456.2,-1.527,11.55,1.21,44.12
"2025-11-11 11:15:00",669,12.58,"2025-11-11 11:08:50",3.501,6.593,295.8,456.2,-1.503,11.53,1.21,44.15
"2025-11-11 11:30:00",670,12.58,"2025-11-11 11:23:00",3.747,6.605,295.8,455.9,-1.488,11.52,1.209,44.17
"2025-11-11 11:45:00",671,12.62,"2025-11-11 11:39:00",4.225,"NAN","NAN","NAN","NAN","NAN",1.208,44.22
"2025-11-11 12:00:00",672,12.71,"2025-11-11 11:48:50",4.719,6.663,296,455.6,-1.514,11.68,1.207,44.28
"2025-11-11 12:15:00",673,12.87,"2025-11-11 12:15:00",5.551,6.713,296.4,455.5,-1.595,11.94,1.206,44.38
"2025-11-11 12:30:00",674,12.68,"2025-11-11 12:28:50",6.293,6.749,296.6,455.3,-1.587,11.75,1.206,44.44
"2025-11-11 12:45:00",675,12.7,"2025-11-11 12:30:20",6.564,6.783,296.8,455.1,-1.592,11.69,1.205,44.51
"2025-11-11 13:00:00",676,12.78,"2025-11-11 12:51:00",7.113,"NAN","NAN","NAN","NAN","NAN",1.204,44.59
"2025-11-11 13:15:00",677,12.72,"2025-11-11 13:13:00",7.42,6.864,297.3,454.9,-1.567,11.83,1.203,44.64
"2025-11-11 13:30:00",678,12.76,"2025-11-11 13:16:10",7.483,6.884,297.3,454.7,-1.592,11.82,1.204,44.68
"2025-11-11 13:45:00",679,12.74,"2025-11-11 13:41:00",7.587,6.921,297.6,454.5,-1.583,11.85,1.202,44.75
"2025-11-11 14:00:00",680,12.79,"2025-11-11 13:46:50",7.537,6.959,297.8,454.3,-1.581,11.83,1.202,44.82
"2025-11-11 14:15:00",681,12.71,"2025-11-11 14:06:50",7.66,7.002,298.1,454.2,-1.602,11.8,1.2,44.89
"2025-11-11 14:30:00",682,12.61,"2025-11-11 14:27:00",7.73,7.024,298.2,454.1,-1.582,11.71,1.201,44.93
"2025-11-11 14:45:00",683,12.59,"2025-11-11 14:32:50",7.703,7.037,297,452.2,-1.547,11.69,1.199,44.95
"2025-11-11 15:00:00",684,12.74,"2025-11-11 14:59:00",7.818,7.062,296.4,450.9,-1.398,11.81,1.199,45
"2025-11-11 15:15:00",685,12.73,"2025-11-11 15:10:40",8.12,7.095,296.6,450.7,-1.382,11.83,1.198,45.06
"2025-11-11 15:30:00",686,12.62,"2025-11-11 15:24:30",8.36,7.116,296.7,450.7,-1.563,11.84,1.198,45.1
"2025-11-11 15:45:00",687,12.65,"2025-11-11 15:44:50",8.44,7.13,296.8,450.5,-1.588,11.74,1.197,45.12
"2025-11-11 16:00:00",688,12.54,"2025-11-11 15:58:40",8.5,7.135,296.8,450.5,-1.583,11.64,1.196,45.12
"2025-11-11 16:15:00",689,12.49,"2025-11-11 16:11:00",8.22,7.13,296.8,450.6,-1.578,11.56,1.195,45.11
"2025-11-11 16:30:00",690,12.44,"2025-11-11 16:29:00",7.918,7.126,296.8,450.6,-1.591,11.52,1.194,45.11
"2025-11-11 16:45:00",691,12.41,"2025-11-11 16:40:50",7.629,7.126,296.8,450.7,-1.614,11.45,1.194,45.11
"2025-11-11 17:00:00",692,12.38,"2025-11-11 16:59:00",7.375,7.129,296.9,450.7,-1.59,11.43,1.194,45.12
"2025-11-11 17:15:00",693,12.35,"2025-11-11 17:12:50",7.161,7.133,296.9,450.8,-1.615,11.39,1.193,45.12
"2025-11-11 17:30:00",694,12.33,"2025-11-11 17:28:50",6.951,7.135,297,450.9,-1.597,11.36,1.192,45.13
"2025-11-11 17:45:00",695,12.31,"2025-11-11 17:41:00",6.761,7.135,297.1,451,-1.561,11.34,1.192,45.12
"2025-11-11 18:00:00",696,12.3,"2025-11-11 17:56:50",6.642,7.131,297.2,451.2,-1.559,11.33,1.19,45.12
"2025-11-11 18:15:00",697,12.29,"2025-11-11 18:06:30",6.559,7.13,297.3,451.4,-1.573,11.32,1.188,45.11
"2025-11-11 18:30:00",698,12.29,"2025-11-11 18:29:00",6.462,7.126,297.3,451.5,-1.564,11.31,1.188,45.11
"2025-11-11 18:45:00",699,12.28,"2025-11-11 18:38:30",6.372,7.124,297.5,451.7,-1.575,11.3,1.186,45.1
"2025-11-11 19:00:00",700,12.28,"2025-11-11 18:55:00",6.184,7.116,297.5,451.8,-1.555,11.3,1.187,45.09
"2025-11-11 19:15:00",701,12.26,"2025-11-11 19:12:50",5.803,7.106,297.5,452,-1.548,11.29,1.186,45.07
"2025-11-11 19:30:00",702,12.26,"2025-11-11 19:26:30",5.326,7.092,297.5,452.2,-1.569,11.28,1.185,45.05
"2025-11-11 19:45:00",703,12.26,"2025-11-11 19:30:50",4.894,7.08,297.5,452.3,-1.575,11.26,1.184,45.03
"2025-11-11 20:00:00",704,12.25,"2025-11-11 19:49:00",4.552,7.073,297.5,452.4,-1.577,11.26,1.183,45.01
"2025-11-11 20:15:00",705,12.24,"2025-11-11 20:02:20",4.189,7.063,297.5,452.6,-1.562,11.25,1.182,44.99
"2025-11-11 20:30:00",706,12.24,"2025-11-11 20:19:00",3.908,7.049,297.5,452.7,-1.565,11.25,1.182,44.97
"2025-11-11 20:45:00",707,12.23,"2025-11-11 20:45:00",3.897,7.035,297.4,452.8,-1.567,11.24,1.182,44.94
"2025-11-11 21:00:00",708,12.23,"2025-11-11 20:47:00",4.256,7.022,297.5,453,-1.583,11.23,1.181,44.92
"2025-11-11 21:15:00",709,12.23,"2025-11-11 21:00:50",4.59,7.012,297.5,453.2,-1.581,11.23,1.182,44.9
"2025-11-11 21:30:00",710,12.23,"2025-11-11 21:16:50",4.823,7.002,297.5,453.3,-1.573,11.23,1.179,44.88
"2025-11-11 21:45:00",711,12.22,"2025-11-11 21:41:00",5.036,6.996,297.5,453.4,-1.589,11.17,1.179,44.87
"2025-11-11 22:00:00",712,12.22,"2025-11-11 21:46:30",5.186,6.99,297.5,453.5,-1.598,11.16,1.179,44.86
"2025-11-11 22:15:00",713,12.21,"2025-11-11 22:02:20",5.316,6.985,297.6,453.7,-1.608,11.2,1.177,44.86
"2025-11-11 22:30:00",714,12.21,"2025-11-11 22:17:00",5.47,6.982,297.6,453.8,-1.613,11.18,1.177,44.85
"2025-11-11 22:45:00",715,12.21,"2025-11-11 22:39:00",5.585,6.977,297.7,454,-1.605,11.15,1.177,44.84
"2025-11-11 23:00:00",716,12.21,"2025-11-11 22:52:50",5.633,6.973,297.7,454.1,-1.593,11.17,1.176,44.83
"2025-11-11 23:15:00",717,12.2,"2025-11-11 23:09:00",5.591,6.972,297.8,454.3,-1.601,11.18,1.175,44.83
"2025-11-11 23:30:00",718,12.2,"2025-11-11 23:16:40",5.541,6.969,297.9,454.4,-1.561,11.16,1.174,44.83
"2025-11-11 23:45:00",719,12.2,"2025-11-11 23:33:00",5.508,6.963,297.9,454.5,-1.603,11.14,1.174,44.82
"2025-11-12 00:00:00",720,12.2,"2025-11-11 23:46:50",5.438,6.96,298,454.6,-1.617,11.16,1.172,44.81
"2025-11-12 00:15:00",721,12.19,"2025-11-12 00:02:20",5.401,6.953,298,454.7,-1.619,11.17,1.171,44.8
"2025-11-12 00:30:00",722,12.19,"2025-11-12 00:27:00",5.299,6.952,298.1,455,-1.589,11.15,1.171,44.8
"2025-11-12 00:45:00",723,12.19,"2025-11-12 00:30:50",5.162,6.949,298.1,455,-1.592,11.13,1.17,44.79
"2025-11-12 01:00:00",724,12.18,"2025-11-12 00:49:00",4.965,6.947,298.2,455.2,-1.577,11.15,1.169,44.79
"2025-11-12 01:15:00",725,12.18,"2025-11-12 01:08:40",4.687,6.945,298.3,455.4,-1.587,11.15,1.168,44.78
"2025-11-12 01:30:00",726,12.17,"2025-11-12 01:24:40",4.336,6.94,298.4,455.5,-1.579,11.13,1.167,44.77
"2025-11-12 01:45:00",727,12.17,"2025-11-12 01:31:00",4.01,6.936,298.4,455.6,-1.577,11.11,1.167,44.77
"2025-11-12 02:00:00",728,12.17,"2025-11-12 01:56:50",3.713,6.932,298.5,455.8,-1.591,11.13,1.166,44.76
"2025-11-12 02:15:00",729,12.16,"2025-11-12 02:13:00",3.378,6.925,298.5,455.9,-1.619,11.13,1.165,44.75
"2025-11-12 02:30:00",730,12.15,"2025-11-12 02:29:00",3.123,6.919,298.6,456.1,-1.608,11.1,1.165,44.73
"2025-11-12 02:45:00",731,12.15,"2025-11-12 02:43:00",2.867,6.91,298.6,456.2,-1.624,11.09,1.166,44.72
"2025-11-12 03:00:00",732,12.15,"2025-11-12 02:47:00",2.621,6.902,298.6,456.4,-1.631,11.11,1.166,44.7
"2025-11-12 03:15:00",733,12.14,"2025-11-12 03:03:00",2.439,6.894,298.6,456.5,-1.643,11.11,1.164,44.69
"2025-11-12 03:30:00",734,12.14,"2025-11-12 03:20:50",2.29,6.885,298.6,456.6,-1.627,11.09,1.163,44.68
"2025-11-12 03:45:00",735,12.13,"2025-11-12 03:38:50",2.141,6.878,298.7,456.8,-1.641,11.07,1.162,44.66
"2025-11-12 04:00:00",736,12.13,"2025-11-12 03:59:00",1.995,"NAN","NAN","NAN","NAN","NAN",1.162,44.64
"2025-11-12 04:15:00",737,12.12,"2025-11-12 04:15:00",1.903,6.858,298.7,457.1,-1.657,11.08,1.163,44.63
"2025-11-12 04:30:00",738,12.12,"2025-11-12 04:23:00",1.839,6.85,298.7,457.1,-1.642,11.06,1.162,44.61
"2025-11-12 04:45:00",739,12.12,"2025-11-12 04:37:00",1.754,6.842,298.7,457.3,-1.64,11.05,1.161,44.6
"2025-11-12 05:00:00",740,12.11,"2025-11-12 04:55:00",1.664,6.834,298.7,457.4,-1.631,11.07,1.161,44.58
"2025-11-12 05:15:00",741,12.1,"2025-11-12 05:11:00",1.541,6.826,298.7,457.6,-1.649,11.07,1.16,44.57
"2025-11-12 05:30:00",742,12.1,"2025-11-12 05:16:50",1.427,6.818,298.7,457.6,-1.652,11.05,1.161,44.56
"2025-11-12 05:45:00",743,12.1,"2025-11-12 05:35:00",1.319,6.808,298.7,457.8,-1.619,11.03,1.159,44.54
"2025-11-12 06:00:00",744,12.09,"2025-11-12 05:47:00",1.212,6.798,298.7,457.9,-1.633,11.05,1.159,44.52
"2025-11-12 06:15:00",745,12.09,"2025-11-12 06:09:00",1.107,6.786,298.7,458,-1.572,11.05,1.158,44.5
"2025-11-12 06:30:00",746,12.08,"2025-11-12 06:27:00",1.016,6.772,298.6,458.1,-1.6,11.03,1.158,44.47
"2025-11-12 06:45:00",747,12.08,"2025-11-12 06:30:50",0.93,6.759,298.6,458.2,-1.585,11.01,1.158,44.45
"2025-11-12 07:00:00",748,12.08,"2025-11-12 06:55:00",0.862,6.746,298.5,458.3,-1.479,11.03,1.158,44.42
"2025-11-12 07:15:00",749,12.07,"2025-11-12 07:09:00",0.806,6.733,298.5,458.5,-1.428,11.03,1.157,44.41
"2025-11-12 07:30:00",750,12.07,"2025-11-12 07:17:00",0.751,6.722,298.5,458.6,-1.644,11.01,1.157,44.39
"2025-11-12 07:45:00",751,12.07,"2025-11-12 07:30:50",0.744,6.713,298.5,458.8,-1.709,11,1.155,44.37
"2025-11-12 08:00:00",752,12.07,"2025-11-12 07:46:50",0.764,6.703,298.5,458.9,-1.751,11.03,1.155,44.35
"2025-11-12 08:15:00",753,12.08,"2025-11-12 08:01:00",0.846,6.693,298.5,458.9,-1.746,11.05,1.155,44.33
"2025-11-12 08:30:00",754,12.1,"2025-11-12 08:16:40",1.04,6.687,298.4,459,-1.769,11.04,1.155,44.32
"2025-11-12 08:45:00",755,12.11,"2025-11-12 08:31:00",1.368,6.683,298.5,459.1,-1.787,11.05,1.154,44.32
"2025-11-12 09:00:00",756,12.14,"2025-11-12 08:46:40",1.932,6.687,298.5,459,-1.772,11.1,1.154,44.33
"2025-11-12 09:15:00",757,12.2,"2025-11-12 09:01:00",2.917,6.7,298.6,459.1,-1.789,11.23,1.154,44.35
"2025-11-12 09:30:00",758,12.36,"2025-11-12 09:15:10",4.532,"NAN","NAN","NAN","NAN","NAN",1.154,44.39
"2025-11-12 09:45:00",759,13.06,"2025-11-12 09:30:50",6.904,"NAN","NAN","NAN","NAN","NAN",1.152,44.47
"2025-11-12 10:00:00",760,12.84,"2025-11-12 09:52:20",9.17,6.811,299.4,458.8,-1.809,12.4,1.153,44.56
"2025-11-12 10:15:00",761,13.04,"2025-11-12 10:13:00",10.83,6.875,299.8,458.6,-1.818,12.91,1.153,44.65
"2025-11-12 10:30:00",762,12.75,"2025-11-12 10:22:50",12.12,6.939,300.4,458.6,-1.798,11.95,1.152,44.75
"2025-11-12 10:45:00",763,12.75,"2025-11-12 10:30:20",13.01,7,300.9,458.5,-1.799,12.75,1.153,44.86
"2025-11-12 11:00:00",764,13,"2025-11-12 10:50:20",13.89,7.049,301.3,458.5,-1.823,12.44,1.152,44.95
"2025-11-12 11:15:00",765,12.94,"2025-11-12 11:06:50",14.95,7.113,301.8,458.4,-1.831,12.49,1.151,45.06
"2025-11-12 11:30:00",766,13.14,"2025-11-12 11:18:30",15.97,7.163,302.2,458.4,-1.845,12.34,1.15,45.18
"2025-11-12 11:45:00",767,14.2,"2025-11-12 11:34:30",16.88,7.252,303,458.3,-1.84,13.28,1.151,45.33
"2025-11-12 12:00:00",768,14.17,"2025-11-12 11:56:30",17.69,7.316,303.4,458.1,-1.851,13.27,1.151,45.46
"2025-11-12 12:15:00",769,13,"2025-11-12 12:08:40",18.31,7.396,304,458,-1.856,12.8,1.151,45.6
"2025-11-12 12:30:00",770,13.09,"2025-11-12 12:17:00",19.01,7.473,304.7,458,-1.848,12.87,1.151,45.75
"2025-11-12 12:45:00",771,12.96,"2025-11-12 12:44:40",19.59,7.545,305.3,458,-1.858,13.05,1.15,45.89
"2025-11-12 13:00:00",772,12.78,"2025-11-12 12:58:40",19.38,7.62,305.9,457.9,-1.867,11.91,1.15,46
"2025-11-12 13:15:00",773,12.75,"2025-11-12 13:13:00",18.92,7.677,306.3,457.8,-1.873,11.79,1.149,46.1
"2025-11-12 13:30:00",774,12.72,"2025-11-12 13:29:00",18.47,7.735,306.7,457.6,-1.881,11.75,1.149,46.21
"2025-11-12 13:45:00",775,12.71,"2025-11-12 13:45:00",18.36,7.785,307.1,457.5,-1.86,11.71,1.147,46.3
"2025-11-12 14:00:00",776,12.69,"2025-11-12 13:58:40",18.58,7.837,307.5,457.4,-1.875,11.72,1.148,46.39
"2025-11-12 14:15:00",777,12.68,"2025-11-12 14:12:30",18.49,7.882,307.8,457.4,-1.861,11.71,1.147,46.47
"2025-11-12 14:30:00",778,12.7,"2025-11-12 14:27:00",18.24,7.924,308.1,457.3,-1.757,11.73,1.148,46.55
"2025-11-12 14:45:00",779,12.68,"2025-11-12 14:41:00",18.12,7.965,308.4,457.2,-1.687,11.71,1.147,46.62
"2025-11-12 15:00:00",780,12.64,"2025-11-12 14:57:00",18.05,8,308.7,457.1,-1.703,11.68,1.147,46.68
"2025-11-12 15:15:00",781,12.65,"2025-11-12 15:00:10",18.12,8.03,309,457.1,-1.716,11.83,1.147,46.74
"2025-11-12 15:30:00",782,12.79,"2025-11-12 15:30:00",18.77,8.06,309.1,457,-1.699,12.03,1.147,46.78
"2025-11-12 15:45:00",783,12.65,"2025-11-12 15:44:50",18.92,8.07,309.2,457,-1.72,11.71,1.146,46.8
"2025-11-12 16:00:00",784,12.61,"2025-11-12 15:58:20",18.75,8.08,309.3,457,-1.728,11.66,1.146,46.82
"2025-11-12 16:15:00",785,12.59,"2025-11-12 16:11:00",18.06,8.1,309.5,457,-1.713,11.62,1.146,46.86
"2025-11-12 16:30:00",786,12.57,"2025-11-12 16:28:50",17.28,8.12,309.6,457,-1.733,11.57,1.146,46.9
"2025-11-12 16:45:00",787,12.55,"2025-11-12 16:44:40",16.53,8.15,310,457,-1.703,11.54,1.146,46.95
"2025-11-12 17:00:00",788,12.54,"2025-11-12 16:55:00",15.79,8.17,310.1,457,-1.693,11.55,1.145,46.99
"2025-11-12 17:15:00",789,12.52,"2025-11-12 17:14:50",15.05,8.19,310.3,457.1,-1.709,11.54,1.145,47.01
"2025-11-12 17:30:00",790,12.51,"2025-11-12 17:29:00",14.26,8.2,310.4,457.2,-1.728,11.5,1.144,47.03
"2025-11-12 17:45:00",791,12.5,"2025-11-12 17:43:00",13.37,8.19,310.5,457.2,-1.711,11.48,1.144,47.02
"2025-11-12 18:00:00",792,12.49,"2025-11-12 17:56:30",12.46,8.18,310.4,457.4,-1.724,11.49,1.144,46.99
"2025-11-12 18:15:00",793,12.49,"2025-11-12 18:02:20",11.61,"NAN","NAN","NAN","NAN","NAN",1.144,46.95
"2025-11-12 18:30:00",794,12.48,"2025-11-12 18:27:00",10.78,8.13,310.2,457.7,-1.828,11.47,1.143,46.9
"2025-11-12 18:45:00",795,12.48,"2025-11-12 18:32:50",10.01,8.1,310.1,457.9,-1.853,11.44,1.143,46.84
"2025-11-12 19:00:00",796,12.47,"2025-11-12 18:53:00",9.29,8.07,309.9,458.1,-1.831,11.44,1.142,46.79
"2025-11-12 19:15:00",797,12.46,"2025-11-12 19:15:00",8.64,8.04,309.8,458.3,-1.837,11.45,1.142,46.73
"2025-11-12 19:30:00",798,12.45,"2025-11-12 19:29:00",8.05,8,309.6,458.4,-1.825,11.43,1.141,46.67
"2025-11-12 19:45:00",799,12.45,"2025-11-12 19:45:00",7.493,7.97,309.4,458.6,-1.851,11.4,1.14,46.61
"2025-11-12 20:00:00",800,12.45,"2025-11-12 19:47:00",6.996,7.935,309.2,458.8,-1.828,11.41,1.14,46.55
"2025-11-12 20:15:00",801,12.44,"2025-11-12 20:13:00",6.518,7.901,309,458.9,-1.829,11.42,1.139,46.49
"2025-11-12 20:30:00",802,12.43,"2025-11-12 20:28:50",6.088,7.873,308.9,459.1,-1.82,11.4,1.138,46.44
"2025-11-12 20:45:00",803,12.42,"2025-11-12 20:45:00",5.687,7.847,308.7,459.2,-1.835,11.38,1.138,46.39
"2025-11-12 21:00:00",804,12.42,"2025-11-12 20:47:00",5.294,7.823,308.7,459.4,-1.851,11.38,1.137,46.35
"2025-11-12 21:15:00",805,12.41,"2025-11-12 21:02:30",4.931,7.803,308.5,459.4,-1.845,11.39,1.137,46.32
"2025-11-12 21:30:00",806,12.41,"2025-11-12 21:17:00",4.591,7.788,308.5,459.5,-1.862,11.38,1.136,46.29
"2025-11-12 21:45:00",807,12.41,"2025-11-12 21:35:00",4.265,7.774,308.5,459.7,-1.845,11.35,1.135,46.27
"2025-11-12 22:00:00",808,12.4,"2025-11-12 21:59:00",3.929,7.763,308.4,459.8,-1.844,11.36,1.134,46.25
"2025-11-12 22:15:00",809,12.4,"2025-11-12 22:03:00",3.643,7.753,308.4,459.8,-1.858,11.37,1.133,46.23
"2025-11-12 22:30:00",810,12.39,"2025-11-12 22:19:00",3.361,7.743,308.4,460,-1.847,11.36,1.133,46.21
"2025-11-12 22:45:00",811,12.39,"2025-11-12 22:30:40",3.1,7.736,308.4,460.1,-1.856,11.33,1.132,46.2
"2025-11-12 23:00:00",812,12.38,"2025-11-12 22:53:00",2.82,7.725,308.4,460.2,-1.844,11.33,1.132,46.18
"2025-11-12 23:15:00",813,12.38,"2025-11-12 23:10:40",2.574,7.717,308.4,460.4,-1.851,11.35,1.131,46.17
"2025-11-12 23:30:00",814,12.38,"2025-11-12 23:22:50",2.34,7.707,308.4,460.5,-1.84,11.34,1.131,46.15
"2025-11-12 23:45:00",815,12.37,"2025-11-12 23:38:50",2.118,7.697,308.4,460.6,-1.839,11.3,1.13,46.13
"2025-11-13 00:00:00",816,12.37,"2025-11-12 23:46:50",1.903,7.684,308.4,460.7,-1.841,11.32,1.128,46.11
"2025-11-13 00:15:00",817,12.36,"2025-11-13 00:02:20",1.695,7.672,308.3,460.8,-1.814,11.33,1.129,46.08
"2025-11-13 00:30:00",818,12.36,"2025-11-13 00:27:00",1.479,7.657,308.3,461,-1.811,11.32,1.128,46.06
"2025-11-13 00:45:00",819,12.36,"2025-11-13 00:30:50",1.29,7.643,308.3,461.2,-1.836,11.29,1.128,46.03
"2025-11-13 01:00:00",820,12.35,"2025-11-13 00:52:40",1.099,7.625,308.3,461.4,-1.851,11.3,1.127,46
"2025-11-13 01:15:00",821,12.35,"2025-11-13 01:09:00",0.924,7.606,308.2,461.5,-1.852,11.32,1.125,45.97
"2025-11-13 01:30:00",822,12.34,"2025-11-13 01:28:40",0.758,7.587,308.2,461.7,-1.852,11.3,1.126,45.93
"2025-11-13 01:45:00",823,12.34,"2025-11-13 01:42:40",0.604,7.563,308.1,461.9,-1.877,11.27,1.125,45.89
"2025-11-13 02:00:00",824,12.34,"2025-11-13 01:55:00",0.44,7.539,308,462.2,-1.879,11.27,1.124,45.84
"2025-11-13 02:15:00",825,12.34,"2025-11-13 02:06:40",0.293,7.51,307.9,462.3,-1.879,11.29,1.123,45.79
"2025-11-13 02:30:00",826,12.33,"2025-11-13 02:18:40",0.142,7.479,307.8,462.5,-1.862,11.29,1.123,45.74
"2025-11-13 02:45:00",827,12.33,"2025-11-13 02:37:00",-0.014,7.449,307.6,462.8,-1.887,11.27,1.122,45.68
"2025-11-13 03:00:00",828,12.32,"2025-11-13 02:57:00",-0.149,7.415,307.5,463,-1.884,11.25,1.121,45.62
"2025-11-13 03:15:00",829,12.32,"2025-11-13 03:08:50",-0.27,7.38,307.3,463.2,-1.902,11.28,1.121,45.56
"2025-11-13 03:30:00",830,12.32,"2025-11-13 03:20:50",-0.386,7.347,307.1,463.4,-1.898,11.26,1.12,45.5
"2025-11-13 03:45:00",831,12.32,"2025-11-13 03:37:00",-0.483,7.314,306.9,463.5,-1.905,11.26,1.119,45.44
"2025-11-13 04:00:00",832,12.31,"2025-11-13 03:54:40",-0.573,7.279,306.8,463.7,-1.902,11.24,1.119,45.38
"2025-11-13 04:15:00",833,12.31,"2025-11-13 04:07:00",-0.684,7.242,306.6,463.9,-1.869,11.26,1.118,45.31
"2025-11-13 04:30:00",834,12.3,"2025-11-13 04:23:00",-0.798,7.207,306.4,464.1,-1.899,11.24,1.118,45.24
"2025-11-13 04:45:00",835,12.31,"2025-11-13 04:34:40",-0.874,7.168,306.1,464.2,-1.879,11.26,1.117,45.18
"2025-11-13 05:00:00",836,12.3,"2025-11-13 04:50:40",-0.94,7.136,305.9,464.3,-1.885,11.23,1.116,45.12
"2025-11-13 05:15:00",837,12.29,"2025-11-13 05:02:20",-1.015,7.102,305.7,464.5,-1.899,11.25,1.116,45.06
"2025-11-13 05:30:00",838,12.29,"2025-11-13 05:29:00",-1.053,7.071,305.5,464.6,-1.841,11.23,1.116,45.01
"2025-11-13 05:45:00",839,12.29,"2025-11-13 05:42:50",-1.085,7.039,305.3,464.7,-1.829,11.25,1.116,44.95
"2025-11-13 06:00:00",840,12.29,"2025-11-13 05:59:00",-1.051,7.014,305.2,464.8,-1.859,11.22,1.116,44.9
"2025-11-13 06:15:00",841,12.29,"2025-11-13 06:02:20",-1.046,6.983,304.9,464.9,-1.861,11.24,1.114,44.85
"2025-11-13 06:30:00",842,12.28,"2025-11-13 06:29:00",-1.144,6.954,304.7,465,-1.857,11.21,1.114,44.8
"2025-11-13 06:45:00",843,12.28,"2025-11-13 06:33:00",-1.237,6.928,304.6,465.1,-1.773,11.24,1.112,44.74
"2025-11-13 07:00:00",844,12.28,"2025-11-13 06:54:40",-1.302,6.897,304.3,465.1,-1.75,11.21,1.112,44.69
"2025-11-13 07:15:00",845,12.27,"2025-11-13 07:02:30",-1.404,6.868,304.1,465.2,-1.739,11.23,1.113,44.64
"2025-11-13 07:30:00",846,12.28,"2025-11-13 07:17:00",-1.522,6.839,303.9,465.3,-1.669,11.21,1.111,44.59
"2025-11-13 07:45:00",847,12.28,"2025-11-13 07:30:30",-1.525,6.814,303.7,465.3,-1.71,11.23,1.111,44.54
"2025-11-13 08:00:00",848,12.31,"2025-11-13 07:46:40",-1.498,6.789,303.5,465.4,-1.715,11.23,1.111,44.5
"2025-11-13 08:15:00",849,12.34,"2025-11-13 08:00:30",-1.345,6.767,303.3,465.3,-1.726,11.31,1.11,44.46
"2025-11-13 08:30:00",850,12.41,"2025-11-13 08:16:30",-1.024,6.754,303.1,465.2,-1.721,11.36,1.109,44.44
"2025-11-13 08:45:00",851,12.5,"2025-11-13 08:30:40",-0.542,6.748,303,465.1,-1.729,11.5,1.108,44.43
"2025-11-13 09:00:00",852,12.62,"2025-11-13 08:51:00",0.05,6.752,303,465,-1.736,11.56,1.108,44.43
"2025-11-13 09:15:00",853,12.67,"2025-11-13 09:00:40",0.655,6.756,302.9,464.9,-1.744,11.67,1.107,44.44
"2025-11-13 09:30:00",854,12.81,"2025-11-13 09:16:30",1.418,6.767,302.9,464.7,-1.744,11.83,1.108,44.46
"2025-11-13 09:45:00",855,13.27,"2025-11-13 09:30:30",2.622,6.786,302.9,464.5,-1.719,13.05,1.107,44.51
"2025-11-13 10:00:00",856,13.46,"2025-11-13 09:51:00",4.179,6.818,303,464.2,-1.721,13.41,1.106,44.56
"2025-11-13 10:15:00",857,14.53,"2025-11-13 10:14:30",5.902,6.871,303.2,463.7,-1.716,13.61,1.107,44.63
"2025-11-13 10:30:00",858,13.99,"2025-11-13 10:25:00",7.872,6.923,303.5,463.6,-1.764,13.49,1.106,44.73
"2025-11-13 10:45:00",859,14.43,"2025-11-13 10:44:40",9.85,6.983,303.9,463.3,-1.917,13.51,1.105,44.86
"2025-11-13 11:00:00",860,14.37,"2025-11-13 10:56:40",11.96,7.047,304.3,463.1,-1.937,13.44,1.105,44.97
"2025-11-13 11:15:00",861,14.3,"2025-11-13 11:14:20",13.74,7.107,304.6,462.8,-1.896,13.41,1.105,45.09
"2025-11-13 11:30:00",862,14.28,"2025-11-13 11:24:10",15.04,"NAN","NAN","NAN","NAN","NAN",1.105,45.18
"2025-11-13 11:45:00",863,14.25,"2025-11-13 11:44:30",15.79,7.209,305.2,462.3,-1.926,13.32,1.104,45.27
"2025-11-13 12:00:00",864,14.24,"2025-11-13 11:58:40",16.43,7.271,305.6,462.1,-1.953,13.29,1.104,45.37
"2025-11-13 12:15:00",865,14.21,"2025-11-13 12:12:50",17.1,7.337,306,461.8,-1.956,13.27,1.104,45.48
"2025-11-13 12:30:00",866,13.8,"2025-11-13 12:24:30",17.64,7.383,306.2,461.5,-1.943,13.2,1.103,45.6
"2025-11-13 12:45:00",867,13.61,"2025-11-13 12:45:00",18.34,7.479,306.9,461.2,-1.964,12.84,1.104,45.76
"2025-11-13 13:00:00",868,13.32,"2025-11-13 12:59:00",19.06,7.554,307.3,460.9,-1.964,12.77,1.103,45.88
"2025-11-13 13:15:00",869,12.99,"2025-11-13 13:11:00",19.2,7.624,307.8,460.6,-1.957,12.18,1.103,46.01
"2025-11-13 13:30:00",870,13.07,"2025-11-13 13:21:00",18.95,7.699,308.2,460.4,-1.945,12.12,1.103,46.15
"2025-11-13 13:45:00",871,13.04,"2025-11-13 13:44:40",19.11,7.778,308.7,460,-1.94,12.15,1.102,46.29
"2025-11-13 14:00:00",872,12.98,"2025-11-13 13:56:50",19.42,7.844,309.1,459.8,-1.941,12.08,1.101,46.41
"2025-11-13 14:15:00",873,13,"2025-11-13 14:00:50",19.51,7.91,309.4,459.4,-1.961,12.09,1.101,46.53
"2025-11-13 14:30:00",874,12.99,"2025-11-13 14:26:50",19.77,7.974,309.8,459.1,-1.96,12.11,1.1,46.65
"2025-11-13 14:45:00",875,12.84,"2025-11-13 14:44:50",19.87,8.02,310.1,458.9,-1.975,11.97,1.101,46.72
"2025-11-13 15:00:00",876,12.81,"2025-11-13 14:58:40",19.65,8.05,310.2,458.7,-1.944,11.84,1.101,46.76
"2025-11-13 15:15:00",877,12.8,"2025-11-13 15:00:40",19.46,8.05,310.1,458.4,-1.955,11.99,1.1,46.76
"2025-11-13 15:30:00",878,12.93,"2025-11-13 15:28:50",19.91,8.04,309.9,458.3,-1.954,12.18,1.099,46.74
"2025-11-13 15:45:00",879,12.78,"2025-11-13 15:44:50",19.91,8.02,309.6,458.2,-1.973,11.87,1.099,46.72
"2025-11-13 16:00:00",880,12.73,"2025-11-13 15:58:50",19.69,8.02,309.6,458.2,-1.944,11.75,1.098,46.71
"2025-11-13 16:15:00",881,12.7,"2025-11-13 16:12:40",18.87,8.02,309.6,458.1,-1.953,11.72,1.098,46.72
"2025-11-13 16:30:00",882,12.68,"2025-11-13 16:29:00",17.87,8.03,309.5,458,-1.949,11.68,1.098,46.73
"2025-11-13 16:45:00",883,12.67,"2025-11-13 16:42:40",16.83,"NAN","NAN","NAN","NAN","NAN",1.098,46.75
"2025-11-13 17:00:00",884,12.65,"2025-11-13 16:51:00",15.72,8.05,309.6,457.9,-1.913,11.65,1.098,46.76
"2025-11-13 17:15:00",885,12.63,"2025-11-13 17:11:00",14.61,8.05,309.6,457.9,-1.92,11.64,1.098,46.76
"2025-11-13 17:30:00",886,12.62,"2025-11-13 17:27:00",13.57,8.05,309.6,457.8,-1.927,11.61,1.097,46.76
"2025-11-13 17:45:00",887,12.61,"2025-11-13 17:42:40",12.61,8.04,309.5,457.7,-1.915,11.59,1.097,46.75
"2025-11-13 18:00:00",888,12.6,"2025-11-13 17:59:00",11.71,8.03,309.4,457.8,-1.925,11.58,1.097,46.72
"2025-11-13 18:15:00",889,12.59,"2025-11-13 18:13:00",10.84,8.01,309.3,457.9,-1.918,11.57,1.096,46.68
"2025-11-13 18:30:00",890,12.59,"2025-11-13 18:27:00",10.06,7.978,309.1,457.9,-1.893,11.56,1.096,46.63
"2025-11-13 18:45:00",891,12.58,"2025-11-13 18:44:30",9.33,7.951,308.9,458,-1.895,11.55,1.094,46.58
"2025-11-13 19:00:00",892,12.57,"2025-11-13 18:59:00",8.67,7.922,308.7,458.1,-1.884,11.54,1.094,46.53
"2025-11-13 19:15:00",893,12.57,"2025-11-13 19:02:20",8.07,7.891,308.4,458.1,-1.893,11.54,1.094,46.47
"2025-11-13 19:30:00",894,12.56,"2025-11-13 19:22:30",7.539,7.861,308.3,458.3,-1.895,11.51,1.092,46.42
"2025-11-13 19:45:00",895,12.56,"2025-11-13 19:31:00",7.056,7.826,308,458.3,-1.895,11.53,1.091,46.35
"2025-11-13 20:00:00",896,12.55,"2025-11-13 19:55:00",6.601,7.791,307.7,458.4,-1.899,11.51,1.091,46.29
"2025-11-13 20:15:00",897,12.55,"2025-11-13 20:02:40",6.189,7.754,307.5,458.5,-1.885,11.5,1.09,46.23
"2025-11-13 20:30:00",898,12.54,"2025-11-13 20:27:00",5.807,7.722,307.3,458.6,-1.905,11.51,1.09,46.17
"2025-11-13 20:45:00",899,12.53,"2025-11-13 20:37:00",5.443,7.688,307,458.6,-1.903,11.5,1.088,46.11
"2025-11-13 21:00:00",900,12.52,"2025-11-13 20:58:50",5.096,7.663,306.8,458.8,-1.899,11.49,1.087,46.07
"2025-11-13 21:15:00",901,12.52,"2025-11-13 21:00:50",4.776,7.637,306.6,458.8,-1.908,11.46,1.086,46.02
"2025-11-13 21:30:00",902,12.51,"2025-11-13 21:25:00",4.481,7.615,306.5,458.8,-1.907,11.48,1.085,45.98
"2025-11-13 21:45:00",903,12.51,"2025-11-13 21:31:00",4.194,7.598,306.4,458.9,-1.91,11.48,1.085,45.95
"2025-11-13 22:00:00",904,12.5,"2025-11-13 21:59:00",3.915,7.582,306.3,459,-1.91,11.47,1.083,45.93
"2025-11-13 22:15:00",905,12.5,"2025-11-13 22:02:40",3.653,7.569,306.2,459,-1.899,11.44,1.083,45.9
"2025-11-13 22:30:00",906,12.5,"2025-11-13 22:21:00",3.398,7.558,306.1,459,-1.895,11.44,1.081,45.88
"2025-11-13 22:45:00",907,12.49,"2025-11-13 22:33:00",3.148,7.549,306.1,459.1,-1.902,11.45,1.081,45.87
"2025-11-13 23:00:00",908,12.49,"2025-11-13 22:55:00",2.912,7.539,306,459.1,-1.921,11.45,1.079,45.85
"2025-11-13 23:15:00",909,12.48,"2025-11-13 23:11:00",2.68,7.531,306,459.2,-1.923,11.43,1.079,45.83
"2025-11-13 23:30:00",910,12.48,"2025-11-13 23:16:50",2.468,7.522,305.9,459.2,-1.921,11.41,1.077,45.82
"2025-11-13 23:45:00",911,12.47,"2025-11-13 23:39:00",2.265,7.511,305.9,459.3,-1.918,11.42,1.076,45.8
"2025-11-14 00:00:00",912,12.47,"2025-11-13 23:55:00",2.068,7.501,305.9,459.4,-1.917,11.43,1.075,45.78
"2025-11-14 00:15:00",913,12.46,"2025-11-14 00:10:30",1.879,7.491,305.8,459.5,-1.941,11.42,1.074,45.76
"2025-11-14 00:30:00",914,12.46,"2025-11-14 00:17:00",1.703,7.481,305.8,459.5,-1.931,11.39,1.073,45.74
"2025-11-14 00:45:00",915,12.46,"2025-11-14 00:31:00",1.53,7.471,305.8,459.7,-1.923,11.39,1.073,45.73
"2025-11-14 01:00:00",916,12.45,"2025-11-14 00:59:00",1.37,7.46,305.7,459.8,-1.921,11.41,1.071,45.71
"2025-11-14 01:15:00",917,12.45,"2025-11-14 01:14:40",1.202,7.448,305.7,459.9,-1.937,11.4,1.071,45.69
"2025-11-14 01:30:00",918,12.45,"2025-11-14 01:19:00",1.067,7.435,305.7,460.1,-1.943,11.38,1.07,45.66
"2025-11-14 01:45:00",919,12.44,"2025-11-14 01:37:00",0.946,7.423,305.7,460.2,-1.943,11.37,1.069,45.64
"2025-11-14 02:00:00",920,12.44,"2025-11-14 01:59:00",0.837,7.408,305.7,460.3,-1.921,11.39,1.068,45.61
"2025-11-14 02:15:00",921,12.44,"2025-11-14 02:01:00",0.721,7.393,305.7,460.5,-1.935,11.39,1.067,45.58
"2025-11-14 02:30:00",922,12.44,"2025-11-14 02:16:50",0.63,7.374,305.6,460.7,-1.929,11.38,1.067,45.55
"2025-11-14 02:45:00",923,12.42,"2025-11-14 02:43:00",0.539,7.355,305.6,460.9,-1.928,11.37,1.066,45.52
"2025-11-14 03:00:00",924,12.43,"2025-11-14 02:58:50",0.437,7.335,305.5,461.1,-1.936,11.35,1.066,45.48
"2025-11-14 03:15:00",925,12.38,"2025-11-14 03:02:20",0.325,7.313,305.4,461.2,-1.925,11.37,1.065,45.44
"2025-11-14 03:30:00",926,12.42,"2025-11-14 03:28:50",0.209,7.293,305.3,461.4,-1.935,11.37,1.065,45.4
"2025-11-14 03:45:00",927,12.41,"2025-11-14 03:39:00",0.119,7.269,305.3,461.6,-1.914,11.37,1.064,45.36
"2025-11-14 04:00:00",928,12.41,"2025-11-14 03:54:50",0.037,7.243,305.2,461.8,-1.915,11.34,1.065,45.31
"2025-11-14 04:15:00",929,12.41,"2025-11-14 04:03:00",-0.055,7.216,305,462,-1.915,11.35,1.063,45.27
"2025-11-14 04:30:00",930,12.4,"2025-11-14 04:28:50",-0.136,7.189,304.9,462.1,-1.925,11.36,1.063,45.22
"2025-11-14 04:45:00",931,12.4,"2025-11-14 04:39:00",-0.208,7.161,304.8,462.4,-1.925,11.35,1.064,45.17
"2025-11-14 05:00:00",932,12.4,"2025-11-14 04:51:00",-0.288,7.134,304.7,462.5,-1.911,11.33,1.063,45.12
"2025-11-14 05:15:00",933,12.4,"2025-11-14 05:09:00",-0.368,7.109,304.6,462.7,-1.861,11.32,1.063,45.07
"2025-11-14 05:30:00",934,12.39,"2025-11-14 05:25:00",-0.435,7.08,304.4,462.8,-1.898,11.34,1.063,45.02
"2025-11-14 05:45:00",935,12.39,"2025-11-14 05:40:50",-0.497,7.052,304.3,463,-1.903,11.34,1.063,44.97
"2025-11-14 06:00:00",936,12.39,"2025-11-14 05:48:30",-0.564,7.025,304.2,463.2,-1.931,11.34,1.063,44.92
"2025-11-14 06:15:00",937,12.39,"2025-11-14 06:11:00",-0.635,6.996,304,463.4,-1.937,11.31,1.063,44.87
"2025-11-14 06:30:00",938,12.38,"2025-11-14 06:24:40",-0.698,6.969,303.9,463.5,-1.943,11.32,1.064,44.83
"2025-11-14 06:45:00",939,12.38,"2025-11-14 06:37:00",-0.749,6.943,303.7,463.7,-1.927,11.32,1.062,44.78
"2025-11-14 07:00:00",940,12.38,"2025-11-14 06:56:40",-0.79,6.917,303.6,463.8,-1.915,11.33,1.063,44.73
"2025-11-14 07:15:00",941,12.38,"2025-11-14 07:03:00",-0.838,6.891,303.5,463.9,-1.869,11.32,1.062,44.68
"2025-11-14 07:30:00",942,12.38,"2025-11-14 07:17:00",-0.88,6.868,303.4,464.1,-1.902,11.3,1.063,44.64
"2025-11-14 07:45:00",943,12.38,"2025-11-14 07:33:00",-0.882,6.846,303.2,464.2,-1.933,11.3,1.063,44.6
"2025-11-14 08:00:00",944,12.39,"2025-11-14 07:51:00",-0.815,6.826,303.1,464.3,-1.935,11.33,1.063,44.57
"2025-11-14 08:15:00",945,12.41,"2025-11-14 08:02:20",-0.623,6.812,303,464.3,-1.939,11.35,1.063,44.54
"2025-11-14 08:30:00",946,12.43,"2025-11-14 08:17:00",-0.325,6.799,302.9,464.3,-1.938,11.38,1.062,44.52
"2025-11-14 08:45:00",947,12.45,"2025-11-14 08:30:50",0.123,6.793,302.9,464.4,-1.948,11.41,1.063,44.51
"2025-11-14 09:00:00",948,12.51,"2025-11-14 08:47:00",0.737,6.793,302.9,464.4,-1.951,11.47,1.062,44.51
"2025-11-14 09:15:00",949,12.63,"2025-11-14 09:00:50",1.586,6.801,303,464.4,-1.953,11.63,1.062,44.53
"2025-11-14 09:30:00",950,12.78,"2025-11-14 09:16:30",2.702,6.818,303,464.3,-1.96,11.9,1.063,44.57
"2025-11-14 09:45:00",951,13.39,"2025-11-14 09:30:10",4.562,6.854,303.3,464.1,-1.957,13.25,1.062,44.64
"2025-11-14 10:00:00",952,13.09,"2025-11-14 09:59:00",7.292,6.918,303.7,463.9,-1.963,13.06,1.063,44.76
"2025-11-14 10:15:00",953,13.04,"2025-11-14 10:00:50",9.28,6.992,304.1,463.6,-1.961,12.92,1.062,44.87
"2025-11-14 10:30:00",954,13.17,"2025-11-14 10:24:30",10.95,7.075,304.7,463.3,-1.963,12.79,1.063,45
"2025-11-14 10:45:00",955,13.25,"2025-11-14 10:30:10",13.09,7.136,305.1,463,-1.977,13.01,1.062,45.11
"2025-11-14 11:00:00",956,14.12,"2025-11-14 10:47:00",15.84,"NAN","NAN","NAN","NAN","NAN",1.063,45.23
"2025-11-14 11:15:00",957,13.4,"2025-11-14 11:05:00",18.16,7.267,306.1,462.9,-1.982,13.08,1.063,45.35
"2025-11-14 11:30:00",958,13.36,"2025-11-14 11:16:10",19.77,7.339,306.6,462.7,-1.975,13.08,1.063,45.51
"2025-11-14 11:45:00",959,14.08,"2025-11-14 11:44:40",21.08,7.463,307.5,462.3,-1.991,13.16,1.062,45.72
"2025-11-14 12:00:00",960,13.23,"2025-11-14 11:55:00",22.57,7.563,308.2,462.2,-1.995,12.91,1.065,45.88
"2025-11-14 12:15:00",961,12.97,"2025-11-14 12:08:50",23.46,7.594,308.4,462,-1.996,12.26,1.064,45.96
"2025-11-14 12:30:00",962,13.09,"2025-11-14 12:16:50",23.19,7.657,308.8,461.8,-1.995,12.65,1.063,46.07
"2025-11-14 12:45:00",963,13.07,"2025-11-14 12:41:00",23.71,7.746,309.5,461.6,-2.001,12.94,1.064,46.23
"2025-11-14 13:00:00",964,13.14,"2025-11-14 12:54:50",24.21,7.8,309.8,461.3,-1.996,12.42,1.064,46.33
"2025-11-14 13:15:00",965,13.13,"2025-11-14 13:12:10",24.69,7.878,310.3,461.1,-1.925,12.26,1.065,46.47
"2025-11-14 13:30:00",966,12.99,"2025-11-14 13:28:40",24.82,"NAN","NAN","NAN","NAN","NAN",1.064,46.62
"2025-11-14 13:45:00",967,13,"2025-11-14 13:42:50",24.66,"NAN","NAN","NAN","NAN","NAN",1.065,46.76
"2025-11-14 14:00:00",968,12.94,"2025-11-14 13:56:10",24.58,8.13,312,460.3,-1.719,12.03,1.065,46.93
"2025-11-14 14:15:00",969,12.92,"2025-11-14 14:01:00",24.35,8.2,312.5,460.1,-2.009,11.98,1.065,47.04
"2025-11-14 14:30:00",970,12.94,"2025-11-14 14:27:00",24.19,8.28,313.1,459.9,-2.011,12.07,1.065,47.2
"2025-11-14 14:45:00",971,12.91,"2025-11-14 14:45:00",24.18,8.37,313.6,459.6,-1.995,12.01,1.065,47.35
"2025-11-14 15:00:00",972,12.89,"2025-11-14 14:59:00",24.27,8.45,314.1,459.4,-1.977,11.94,1.066,47.49
"2025-11-14 15:15:00",973,12.88,"2025-11-14 15:02:20",24.34,8.5,314.4,459.1,-1.981,12.03,1.065,47.57
"2025-11-14 15:30:00",974,12.99,"2025-11-14 15:30:00",24.66,8.52,314.5,459,-2.017,12.18,1.065,47.61
"2025-11-14 15:45:00",975,12.85,"2025-11-14 15:44:40",24.78,8.54,314.6,458.9,-2.007,11.97,1.064,47.64
"2025-11-14 16:00:00",976,12.81,"2025-11-14 15:57:00",24.65,8.56,314.6,458.7,-1.968,11.84,1.065,47.67
"2025-11-14 16:15:00",977,12.79,"2025-11-14 16:13:00",24.15,8.56,314.5,458.5,-1.973,11.84,1.066,47.68
"2025-11-14 16:30:00",978,12.77,"2025-11-14 16:24:50",23.54,8.57,314.6,458.5,-1.979,11.78,1.066,47.7
"2025-11-14 16:45:00",979,12.74,"2025-11-14 16:40:50",22.88,8.61,314.8,458.3,-1.982,11.77,1.065,47.77
"2025-11-14 17:00:00",980,12.72,"2025-11-14 16:58:40",22.17,8.63,314.9,458.2,-1.993,11.72,1.065,47.8
"2025-11-14 17:15:00",981,12.7,"2025-11-14 17:13:00",21.38,8.65,315,458,-1.958,11.71,1.066,47.84
"2025-11-14 17:30:00",982,12.69,"2025-11-14 17:29:00",20.58,8.66,315.1,458,-1.974,11.68,1.065,47.86
"2025-11-14 17:45:00",983,12.68,"2025-11-14 17:33:00",19.68,8.66,315,457.9,-1.956,11.67,1.066,47.86
"2025-11-14 18:00:00",984,12.67,"2025-11-14 17:54:20",18.79,8.67,315.2,458.1,-1.952,11.67,1.065,47.86
"2025-11-14 18:15:00",985,12.67,"2025-11-14 18:09:00",17.97,8.66,315.2,458.1,-1.953,11.65,1.065,47.85
"2025-11-14 18:30:00",986,12.65,"2025-11-14 18:26:20",17.21,8.65,315.1,458.2,-1.924,11.65,1.066,47.84
"2025-11-14 18:45:00",987,12.6,"2025-11-14 18:42:10",16.52,8.64,315,458.2,-1.92,11.63,1.065,47.81
"2025-11-14 19:00:00",988,12.64,"2025-11-14 18:54:40",15.89,8.62,314.9,458.3,-1.943,11.64,1.066,47.78
"2025-11-14 19:15:00",989,12.64,"2025-11-14 19:12:50",15.3,8.61,314.8,458.3,-1.921,11.61,1.066,47.75
"2025-11-14 19:30:00",990,12.63,"2025-11-14 19:19:00",14.75,8.59,314.6,458.3,-1.914,11.61,1.066,47.72
"2025-11-14 19:45:00",991,12.63,"2025-11-14 19:30:20",14.22,8.57,314.5,458.4,-1.919,11.6,1.065,47.68
"2025-11-14 20:00:00",992,12.62,"2025-11-14 19:49:00",13.73,8.55,314.4,458.4,-1.901,11.6,1.066,47.65
"2025-11-14 20:15:00",993,12.61,"2025-11-14 20:13:00",13.31,8.53,314.3,458.5,-1.925,11.58,1.065,47.62
"2025-11-14 20:30:00",994,12.61,"2025-11-14 20:28:30",12.91,8.52,314.2,458.5,-1.922,11.58,1.065,47.59
"2025-11-14 20:45:00",995,12.6,"2025-11-14 20:44:50",12.53,8.5,314.1,458.6,-1.884,11.58,1.065,47.57
"2025-11-14 21:00:00",996,12.58,"2025-11-14 20:57:10",12.22,8.49,314,458.6,-1.892,11.57,1.065,47.56
"2025-11-14 21:15:00",997,12.59,"2025-11-14 21:05:00",11.93,8.48,313.9,458.6,-1.901,11.57,1.065,47.54
"2025-11-14 21:30:00",998,12.57,"2025-11-14 21:29:40",11.62,8.48,314,458.7,-1.922,11.55,1.065,47.53
"2025-11-14 21:45:00",999,12.59,"2025-11-14 21:32:40",11.31,8.48,314,458.7,-1.896,11.56,1.065,47.53
"2025-11-14 22:00:00",1000,12.58,"2025-11-14 21:56:40",11.01,8.48,313.9,458.5,-1.911,11.54,1.064,47.54
"2025-11-14 22:15:00",1001,12.57,"2025-11-14 22:15:00",10.79,8.49,314,458.6,-1.907,11.55,1.064,47.56
"2025-11-14 22:30:00",1002,12.57,"2025-11-14 22:22:20",10.52,8.5,314,458.5,-1.907,11.53,1.063,47.58
"2025-11-14 22:45:00",1003,12.57,"2025-11-14 22:38:50",10.28,8.52,314.2,458.5,-1.895,11.54,1.064,47.6
"2025-11-14 23:00:00",1004,12.57,"2025-11-14 22:51:00",10.04,8.53,314.2,458.5,-1.905,11.53,1.063,47.62
"2025-11-14 23:15:00",1005,12.56,"2025-11-14 23:15:00",9.83,8.54,314.4,458.6,-1.907,11.52,1.063,47.65
"2025-11-14 23:30:00",1006,12.56,"2025-11-14 23:26:40",9.65,8.56,314.5,458.4,-1.913,11.52,1.062,47.67
"2025-11-14 23:45:00",1007,12.56,"2025-11-14 23:32:40",9.46,8.57,314.7,458.5,-1.911,11.51,1.062,47.7
"2025-11-15 00:00:00",1008,12.55,"2025-11-14 23:56:40",9.29,8.59,314.9,458.6,-1.907,11.52,1.061,47.73
"2025-11-15 00:15:00",1009,12.55,"2025-11-15 00:00:50",9.16,8.61,315,458.6,-1.89,11.5,1.062,47.76
"2025-11-15 00:30:00",1010,12.54,"2025-11-15 00:29:00",9.25,8.63,315.2,458.6,-1.897,11.51,1.061,47.81
"2025-11-15 00:45:00",1011,12.54,"2025-11-15 00:43:00",9.38,8.66,315.5,458.7,-1.907,11.5,1.06,47.85
"2025-11-15 01:00:00",1012,12.53,"2025-11-15 00:57:00",9.37,8.68,315.8,458.8,-1.902,11.49,1.06,47.89
"2025-11-15 01:15:00",1013,12.53,"2025-11-15 01:02:10",9.32,8.7,316,458.9,-1.916,11.5,1.06,47.92
"2025-11-15 01:30:00",1014,12.53,"2025-11-15 01:27:00",9.27,8.71,316.2,459,-1.908,11.49,1.059,47.96
"2025-11-15 01:45:00",1015,12.52,"2025-11-15 01:39:00",9.22,8.73,316.4,459.1,-1.902,11.48,1.059,47.98
"2025-11-15 02:00:00",1016,12.52,"2025-11-15 01:58:50",9.29,8.75,316.7,459.3,-1.91,11.48,1.059,48.02
"2025-11-15 02:15:00",1017,12.52,"2025-11-15 02:14:40",9.55,8.78,317.1,459.4,-1.904,11.48,1.058,48.07
"2025-11-15 02:30:00",1018,12.52,"2025-11-15 02:29:00",9.8,8.8,317.4,459.6,-1.921,11.48,1.057,48.11
"2025-11-15 02:45:00",1019,12.52,"2025-11-15 02:41:00",9.97,8.82,317.7,459.8,-1.923,11.47,1.057,48.14
"2025-11-15 03:00:00",1020,12.52,"2025-11-15 02:51:00",10.23,8.84,318,460,-1.911,11.48,1.057,48.18
"2025-11-15 03:15:00",1021,12.51,"2025-11-15 03:13:00",10.51,8.85,318.3,460.2,-1.898,11.48,1.056,48.2
"2025-11-15 03:30:00",1022,12.51,"2025-11-15 03:28:50",10.65,8.87,318.5,460.4,-1.882,11.48,1.057,48.23
"2025-11-15 03:45:00",1023,12.51,"2025-11-15 03:39:00",10.87,8.88,318.9,460.6,-1.852,11.47,1.055,48.26
"2025-11-15 04:00:00",1024,12.51,"2025-11-15 03:58:40",11.11,8.9,319.1,460.9,-1.729,11.46,1.055,48.28
"2025-11-15 04:15:00",1025,12.51,"2025-11-15 04:09:00",11.33,8.91,319.4,461.1,-1.838,11.47,1.054,48.31
"2025-11-15 04:30:00",1026,12.51,"2025-11-15 04:17:00",11.56,8.93,319.7,461.4,-1.874,11.47,1.054,48.33
"2025-11-15 04:45:00",1027,12.5,"2025-11-15 04:36:50",11.79,8.94,320,461.6,-1.893,11.46,1.054,48.35
"2025-11-15 05:00:00",1028,12.5,"2025-11-15 04:52:50",12.13,8.95,320.2,461.8,-1.901,11.46,1.053,48.38
"2025-11-15 05:15:00",1029,12.49,"2025-11-15 05:02:10",12.56,8.97,320.5,462,-1.897,11.47,1.053,48.4
"2025-11-15 05:30:00",1030,12.5,"2025-11-15 05:16:30",12.92,8.98,320.8,462.3,-1.91,11.47,1.053,48.42
"2025-11-15 05:45:00",1031,12.49,"2025-11-15 05:31:00",13.26,8.99,321,462.4,-1.886,11.46,1.053,48.45
"2025-11-15 06:00:00",1032,12.5,"2025-11-15 05:46:30",13.64,"NAN","NAN","NAN","NAN","NAN",1.055,48.47
"2025-11-15 06:15:00",1033,12.49,"2025-11-15 06:09:00",13.98,9.02,321.5,462.8,-1.865,11.47,1.057,48.49
"2025-11-15 06:30:00",1034,12.5,"2025-11-15 06:16:30",14.32,9.03,321.8,463,-1.848,11.48,1.057,48.52
"2025-11-15 06:45:00",1035,12.49,"2025-11-15 06:44:50",14.66,9.05,322.1,463.2,-1.863,11.46,1.056,48.55
"2025-11-15 07:00:00",1036,12.49,"2025-11-15 06:46:50",14.86,9.06,322.3,463.4,-1.852,11.46,1.056,48.57
"2025-11-15 07:15:00",1037,12.49,"2025-11-15 07:02:10",14.89,9.07,322.6,463.6,-1.857,11.47,1.055,48.6
"2025-11-15 07:30:00",1038,12.49,"2025-11-15 07:17:00",14.88,9.09,322.8,463.8,-1.879,11.47,1.055,48.61
"2025-11-15 07:45:00",1039,12.49,"2025-11-15 07:32:20",14.85,9.1,323.1,464,-1.863,11.46,1.055,48.64
"2025-11-15 08:00:00",1040,12.5,"2025-11-15 07:46:50",14.87,9.11,323.3,464.2,-1.877,11.47,1.054,48.66
"2025-11-15 08:15:00",1041,12.51,"2025-11-15 08:01:00",14.93,9.13,323.5,464.3,-1.848,11.49,1.053,48.69
"2025-11-15 08:30:00",1042,12.53,"2025-11-15 08:16:40",15.01,9.14,323.7,464.3,-1.841,11.52,1.054,48.71
"2025-11-15 08:45:00",1043,12.6,"2025-11-15 08:30:30",15.34,9.17,324,464.4,-1.854,11.6,1.053,48.76
"2025-11-15 09:00:00",1044,12.61,"2025-11-15 08:54:40",16,9.2,324.2,464.4,-1.887,11.6,1.053,48.82
"2025-11-15 09:15:00",1045,12.64,"2025-11-15 09:08:40",16.52,"NAN","NAN","NAN","NAN","NAN",1.053,48.9
"2025-11-15 09:30:00",1046,12.7,"2025-11-15 09:15:10",17.03,9.28,324.9,464.2,-1.941,11.69,1.053,48.97
"2025-11-15 09:45:00",1047,12.78,"2025-11-15 09:43:00",17.71,9.33,325.3,464.2,-1.955,11.79,1.052,49.06
"2025-11-15 10:00:00",1048,12.78,"2025-11-15 09:46:10",18.41,9.37,325.5,464,-1.95,11.82,1.053,49.14
"2025-11-15 10:15:00",1049,12.92,"2025-11-15 10:10:50",19.39,9.44,326,463.9,-1.979,12.09,1.053,49.26
"2025-11-15 10:30:00",1050,12.89,"2025-11-15 10:21:00",20.08,9.51,326.5,463.8,-1.973,11.94,1.054,49.37
"2025-11-15 10:45:00",1051,13.05,"2025-11-15 10:34:40",20.51,9.58,326.9,463.5,-1.985,12.2,1.053,49.49
"2025-11-15 11:00:00",1052,13.05,"2025-11-15 10:59:00",21.54,9.66,327.5,463.2,-2.008,12.24,1.052,49.64
"2025-11-15 11:15:00",1053,13.03,"2025-11-15 11:04:50",22.14,9.72,328,463.1,-2.019,12.16,1.051,49.76
"2025-11-15 11:30:00",1054,13.3,"2025-11-15 11:26:20",22.47,9.82,328.6,462.8,-2.014,12.73,1.051,49.93
"2025-11-15 11:45:00",1055,13.12,"2025-11-15 11:45:00",23.72,9.93,329.4,462.5,-2.015,13.03,1.053,50.13
"2025-11-15 12:00:00",1056,13.14,"2025-11-15 11:45:10",24.53,10.01,329.9,462.3,-2.029,12.55,1.052,50.26
"2025-11-15 12:15:00",1057,13.17,"2025-11-15 12:10:40",24.5,10.08,330.3,461.9,-2.012,12.53,1.053,50.4
"2025-11-15 12:30:00",1058,13.17,"2025-11-15 12:29:00",24.46,10.15,330.8,461.7,-2.019,12.7,1.052,50.55
"2025-11-15 12:45:00",1059,13.17,"2025-11-15 12:41:00",24.78,10.25,331.5,461.5,-2.027,12.42,1.052,50.7
"2025-11-15 13:00:00",1060,13.15,"2025-11-15 12:54:40",25.07,10.31,331.7,461.1,-2.022,12.28,1.052,50.81
"2025-11-15 13:15:00",1061,13.06,"2025-11-15 13:15:00",25.34,10.37,332.1,460.9,-2.015,12.19,1.053,50.91
"2025-11-15 13:30:00",1062,13.08,"2025-11-15 13:16:10",25.16,10.41,332.3,460.7,-2.025,12.15,1.053,50.99
"2025-11-15 13:45:00",1063,13.07,"2025-11-15 13:34:30",24.8,10.47,332.5,460.3,-2.011,12.15,1.054,51.1
"2025-11-15 14:00:00",1064,13.03,"2025-11-15 13:54:40",24.74,10.53,333,460.1,-2.015,12.14,1.052,51.21
"2025-11-15 14:15:00",1065,13.01,"2025-11-15 14:01:00",24.87,10.61,333.4,459.8,-2.021,12.13,1.053,51.36
"2025-11-15 14:30:00",1066,13,"2025-11-15 14:18:30",24.97,"NAN","NAN","NAN","NAN","NAN",1.053,51.49
"2025-11-15 14:45:00",1067,13.03,"2025-11-15 14:39:00",25.29,10.75,334.3,459.3,-2.001,12.14,1.053,51.61
"2025-11-15 15:00:00",1068,12.98,"2025-11-15 14:59:00",25.48,10.79,334.3,458.9,-1.987,12.09,1.054,51.66
"2025-11-15 15:15:00",1069,12.96,"2025-11-15 15:00:50",25.59,10.83,334.6,458.8,-2.012,12.13,1.053,51.75
"2025-11-15 15:30:00",1070,13.08,"2025-11-15 15:17:00",25.93,10.88,334.8,458.5,-1.992,12.29,1.053,51.83
"2025-11-15 15:45:00",1071,12.91,"2025-11-15 15:45:00",26.06,10.9,334.9,458.3,-1.997,12.04,1.053,51.86
"2025-11-15 16:00:00",1072,12.86,"2025-11-15 15:59:00",25.93,10.91,335,458.3,-2.007,11.91,1.054,51.88
"2025-11-15 16:15:00",1073,12.82,"2025-11-15 16:14:50",25.49,10.93,335.2,458.3,-2.002,11.86,1.055,51.92
"2025-11-15 16:30:00",1074,12.8,"2025-11-15 16:29:00",24.91,10.94,335.2,458.2,-1.99,11.82,1.055,51.94
"2025-11-15 16:45:00",1075,12.78,"2025-11-15 16:42:30",24.38,10.95,335.2,458.1,-2.007,11.8,1.054,51.95
"2025-11-15 17:00:00",1076,12.76,"2025-11-15 16:55:00",23.88,10.97,335.3,458,-1.981,11.78,1.055,52
"2025-11-15 17:15:00",1077,12.75,"2025-11-15 17:09:00",23.33,10.99,335.4,457.9,-1.985,11.76,1.055,52.03
"2025-11-15 17:30:00",1078,12.73,"2025-11-15 17:28:50",22.83,11,335.3,457.7,-2.009,11.74,1.055,52.05
"2025-11-15 17:45:00",1079,12.73,"2025-11-15 17:34:50",22.36,11.01,335.4,457.8,-1.983,11.73,1.055,52.06
"2025-11-15 18:00:00",1080,12.72,"2025-11-15 17:48:40",21.98,11.01,335.5,457.8,-1.973,11.71,1.055,52.07
"2025-11-15 18:15:00",1081,12.72,"2025-11-15 18:02:10",21.81,11.02,335.5,457.8,-1.949,11.71,1.055,52.07
"2025-11-15 18:30:00",1082,12.7,"2025-11-15 18:29:00",21.66,11.03,335.6,457.8,-1.917,11.71,1.055,52.09
"2025-11-15 18:45:00",1083,12.7,"2025-11-15 18:44:40",21.56,11.03,335.8,458,-1.933,11.7,1.054,52.09
"2025-11-15 19:00:00",1084,12.7,"2025-11-15 18:47:00",21.55,11.04,335.9,458,-1.938,11.69,1.055,52.11
"2025-11-15 19:15:00",1085,12.69,"2025-11-15 19:13:00",21.47,11.05,336,458,-1.921,11.69,1.054,52.13
"2025-11-15 19:30:00",1086,12.69,"2025-11-15 19:24:50",21.36,11.06,336.1,458,-1.941,11.69,1.055,52.15
"2025-11-15 19:45:00",1087,12.69,"2025-11-15 19:30:20",21.28,11.07,336.2,458,-1.917,11.67,1.055,52.18
"2025-11-15 20:00:00",1088,12.68,"2025-11-15 19:48:50",21.15,11.09,336.3,458,-1.88,11.67,1.055,52.2
"2025-11-15 20:15:00",1089,12.68,"2025-11-15 20:02:10",20.88,11.09,336.4,458.1,-1.89,11.67,1.054,52.21
"2025-11-15 20:30:00",1090,12.67,"2025-11-15 20:23:00",20.57,11.11,336.5,458.1,-1.903,11.67,1.055,52.24
"2025-11-15 20:45:00",1091,12.67,"2025-11-15 20:31:00",20.25,11.12,336.6,458.1,-1.883,11.65,1.054,52.25
"2025-11-15 21:00:00",1092,12.66,"2025-11-15 20:59:00",20.11,11.13,336.7,458,-1.815,11.66,1.055,52.27
"2025-11-15 21:15:00",1093,12.65,"2025-11-15 21:15:00",19.81,11.12,336.5,458,-1.747,11.65,1.054,52.25
"2025-11-15 21:30:00",1094,12.65,"2025-11-15 21:23:00",19.53,11.12,336.6,458,-1.815,11.64,1.055,52.25
"2025-11-15 21:45:00",1095,12.65,"2025-11-15 21:31:00",19.47,11.13,336.7,458,-1.875,11.65,1.054,52.28
"2025-11-15 22:00:00",1096,12.65,"2025-11-15 21:47:00",19.44,11.15,336.8,457.9,-1.87,11.63,1.054,52.31
"2025-11-15 22:15:00",1097,12.65,"2025-11-15 22:02:10",19.34,11.17,336.9,457.9,-1.883,11.63,1.054,52.34
"2025-11-15 22:30:00",1098,12.64,"2025-11-15 22:27:00",19.11,11.18,337,457.9,-1.872,11.63,1.054,52.36
"2025-11-15 22:45:00",1099,12.64,"2025-11-15 22:31:00",18.71,11.18,337,457.8,-1.859,11.62,1.053,52.36
"2025-11-15 23:00:00",1100,12.64,"2025-11-15 22:59:00",18.27,11.17,336.9,457.7,-1.851,11.62,1.053,52.35
"2025-11-15 23:15:00",1101,12.63,"2025-11-15 23:14:30",17.89,11.17,336.8,457.7,-1.857,11.61,1.053,52.35
"2025-11-15 23:30:00",1102,12.63,"2025-11-15 23:17:00",17.66,11.18,336.9,457.8,-1.838,11.6,1.053,52.37
"2025-11-15 23:45:00",1103,12.63,"2025-11-15 23:30:10",17.43,11.19,336.9,457.6,-1.827,11.6,1.053,52.39
"2025-11-16 00:00:00",1104,12.63,"2025-11-15 23:49:00",17.11,11.21,337,457.6,-1.833,11.6,1.052,52.41
"2025-11-16 00:15:00",1105,12.62,"2025-11-16 00:03:00",16.77,11.22,337.1,457.6,-1.841,11.59,1.053,52.43
"2025-11-16 00:30:00",1106,12.62,"2025-11-16 00:17:00",16.36,11.22,337.1,457.6,-1.873,11.58,1.052,52.43
"2025-11-16 00:45:00",1107,12.62,"2025-11-16 00:31:00",15.89,11.22,337.2,457.6,-1.858,11.58,1.051,52.43
"2025-11-16 01:00:00",1108,12.62,"2025-11-16 00:46:40",15.43,11.22,337.1,457.6,-1.862,11.58,1.052,52.43
"2025-11-16 01:15:00",1109,12.61,"2025-11-16 01:01:00",15.09,11.22,337.2,457.7,-1.809,11.57,1.051,52.44
"2025-11-16 01:30:00",1110,12.61,"2025-11-16 01:16:30",14.89,11.22,337.3,457.8,-1.849,11.57,1.05,52.44
"2025-11-16 01:45:00",1111,12.6,"2025-11-16 01:43:00",14.61,"NAN","NAN","NAN","NAN","NAN",1.05,52.44
"2025-11-16 02:00:00",1112,12.59,"2025-11-16 01:52:30",14.42,11.22,337.4,457.9,-1.81,11.56,1.049,52.43
"2025-11-16 02:15:00",1113,12.59,"2025-11-16 02:14:50",14.27,11.21,337.4,458.1,-1.843,11.55,1.048,52.43
"2025-11-16 02:30:00",1114,12.59,"2025-11-16 02:21:00",13.97,11.21,337.5,458.2,-1.817,11.56,1.048,52.41
"2025-11-16 02:45:00",1115,12.59,"2025-11-16 02:36:40",13.58,11.2,337.5,458.3,-1.857,11.54,1.048,52.4
"2025-11-16 03:00:00",1116,12.59,"2025-11-16 02:46:50",13.13,11.19,337.5,458.5,-1.847,11.55,1.047,52.38
"2025-11-16 03:15:00",1117,12.58,"2025-11-16 03:01:00",12.72,11.18,337.6,458.7,-1.855,11.53,1.047,52.35
"2025-11-16 03:30:00",1118,12.58,"2025-11-16 03:17:00",12.32,11.16,337.6,458.9,-1.835,11.54,1.047,52.33
"2025-11-16 03:45:00",1119,12.57,"2025-11-16 03:45:00",11.85,11.15,337.6,459.1,-1.845,11.53,1.047,52.3
"2025-11-16 04:00:00",1120,12.57,"2025-11-16 03:50:30",11.34,11.13,337.6,459.3,-1.817,11.53,1.047,52.27
"2025-11-16 04:15:00",1121,12.57,"2025-11-16 04:14:50",10.81,11.11,337.6,459.5,-1.83,11.51,1.047,52.23
"2025-11-16 04:30:00",1122,12.56,"2025-11-16 04:29:00",10.33,11.08,337.6,459.8,-1.803,11.52,1.046,52.19
"2025-11-16 04:45:00",1123,12.56,"2025-11-16 04:45:00",9.87,11.06,337.5,460,-1.843,11.5,1.046,52.14
"2025-11-16 05:00:00",1124,12.56,"2025-11-16 04:59:00",9.43,11.03,337.4,460.2,-1.759,11.51,1.045,52.09
"2025-11-16 05:15:00",1125,12.55,"2025-11-16 05:11:00",9.03,11,337.3,460.5,-1.838,11.49,1.046,52.04
"2025-11-16 05:30:00",1126,12.55,"2025-11-16 05:25:00",8.66,10.97,337.3,460.7,-1.823,11.49,1.045,51.98
"2025-11-16 05:45:00",1127,12.55,"2025-11-16 05:30:40",8.32,10.94,337.2,461,-1.801,11.48,1.045,51.92
"2025-11-16 06:00:00",1128,12.54,"2025-11-16 05:53:00",7.981,10.91,337,461.2,-1.82,11.49,1.045,51.87
"2025-11-16 06:15:00",1129,12.54,"2025-11-16 06:06:50",7.687,10.87,336.9,461.4,-1.805,11.47,1.044,51.81
"2025-11-16 06:30:00",1130,12.53,"2025-11-16 06:27:00",7.4,10.84,336.8,461.7,-1.839,11.47,1.045,51.75
"2025-11-16 06:45:00",1131,12.52,"2025-11-16 06:39:00",7.117,10.81,336.7,461.9,-1.89,11.46,1.045,51.69
"2025-11-16 07:00:00",1132,12.52,"2025-11-16 06:47:00",6.847,10.77,336.5,462.1,-1.842,11.47,1.044,51.63
"2025-11-16 07:15:00",1133,12.52,"2025-11-16 07:00:40",6.581,10.74,336.4,462.4,-1.868,11.45,1.044,51.56
"2025-11-16 07:30:00",1134,12.52,"2025-11-16 07:17:00",6.349,10.7,336.3,462.6,-1.816,11.45,1.043,51.5
"2025-11-16 07:45:00",1135,12.52,"2025-11-16 07:31:00",6.128,10.67,336.1,462.8,-1.734,11.45,1.043,51.44
"2025-11-16 08:00:00",1136,12.52,"2025-11-16 07:46:30",5.956,10.64,336,463,-1.802,11.46,1.043,51.38
"2025-11-16 08:15:00",1137,12.53,"2025-11-16 08:00:40",5.841,10.61,335.9,463.2,-1.822,11.46,1.042,51.33
"2025-11-16 08:30:00",1138,12.54,"2025-11-16 08:16:50",5.847,10.58,335.7,463.4,-1.733,11.48,1.041,51.28
"2025-11-16 08:45:00",1139,12.55,"2025-11-16 08:30:50",6.007,10.55,335.6,463.5,-1.755,11.49,1.041,51.24
"2025-11-16 09:00:00",1140,12.57,"2025-11-16 08:46:20",6.388,10.54,335.4,463.5,-1.772,11.52,1.04,51.21
"2025-11-16 09:15:00",1141,12.62,"2025-11-16 09:00:40",7.165,10.53,335.4,463.6,-1.757,11.67,1.04,51.2
"2025-11-16 09:30:00",1142,12.86,"2025-11-16 09:15:10",8.29,10.52,335.4,463.6,-1.811,12,1.039,51.19
"2025-11-16 09:45:00",1143,13.29,"2025-11-16 09:31:00",9.78,10.53,335.4,463.5,-1.849,12.96,1.039,51.22
"2025-11-16 10:00:00",1144,13.34,"2025-11-16 09:48:40",11.4,10.57,335.6,463.3,-1.786,13.02,1.038,51.26
"2025-11-16 10:15:00",1145,14.13,"2025-11-16 10:15:00",12.73,10.6,335.7,463.1,-1.866,13.36,1.038,51.31
"2025-11-16 10:30:00",1146,13.15,"2025-11-16 10:26:30",13.84,10.63,335.8,462.8,-1.851,12.71,1.038,51.36
"2025-11-16 10:45:00",1147,13.16,"2025-11-16 10:30:40",14.81,10.68,336.1,462.7,-1.775,12.84,1.039,51.43
"2025-11-16 11:00:00",1148,14.22,"2025-11-16 10:50:40",16.12,10.7,336.2,462.5,-1.818,13.26,1.039,51.49
"2025-11-16 11:15:00",1149,14.18,"2025-11-16 11:12:10",17.13,10.73,336.5,462.5,-1.878,13.22,1.038,51.54
"2025-11-16 11:30:00",1150,14.16,"2025-11-16 11:26:40",17.86,10.75,336.6,462.5,-1.873,13.21,1.038,51.6
"2025-11-16 11:45:00",1151,14.16,"2025-11-16 11:30:30",18.36,10.81,337,462.3,-1.899,13.18,1.038,51.68
"2025-11-16 12:00:00",1152,14.12,"2025-11-16 11:51:00",19.04,10.83,337.1,462.2,-1.885,13.18,1.038,51.73
"2025-11-16 12:15:00",1153,13.27,"2025-11-16 12:14:40",19.76,10.86,337.3,462.1,-1.944,12.99,1.038,51.8
"2025-11-16 12:30:00",1154,13.26,"2025-11-16 12:17:00",20.12,10.92,337.6,461.8,-1.997,12.66,1.039,51.89
"2025-11-16 12:45:00",1155,13.7,"2025-11-16 12:45:00",20.17,10.96,337.9,461.7,-2.014,13.12,1.039,51.97
"2025-11-16 13:00:00",1156,13.07,"2025-11-16 12:59:00",19.94,10.98,337.9,461.5,-2.013,12.34,1.039,52.01
"2025-11-16 13:15:00",1157,13.05,"2025-11-16 13:15:00",19.31,11.01,337.9,461.2,-2.039,12.12,1.038,52.06
"2025-11-16 13:30:00",1158,13.03,"2025-11-16 13:28:50",18.59,11.04,338,460.9,-2.025,12.11,1.038,52.11
"2025-11-16 13:45:00",1159,13.03,"2025-11-16 13:30:30",18.02,11.06,338.1,460.8,-2.023,12.1,1.038,52.15
"2025-11-16 14:00:00",1160,13.02,"2025-11-16 13:57:00",17.84,11.07,338,460.5,-2.016,12.09,1.038,52.18
"2025-11-16 14:15:00",1161,13.01,"2025-11-16 14:12:50",17.71,11.08,337.9,460.3,-1.987,12.05,1.038,52.19
"2025-11-16 14:30:00",1162,13.01,"2025-11-16 14:16:30",17.34,11.08,337.8,460,-1.876,12.12,1.037,52.19
"2025-11-16 14:45:00",1163,13.05,"2025-11-16 14:45:00",17.05,11.07,337.5,459.8,-1.981,12.26,1.038,52.17
"2025-11-16 15:00:00",1164,13,"2025-11-16 14:59:00",16.86,11.05,337.2,459.6,-1.983,12.11,1.04,52.13
"2025-11-16 15:15:00",1165,13.01,"2025-11-16 15:00:50",16.69,11.03,336.9,459.5,-1.999,12.22,1.039,52.09
"2025-11-16 15:30:00",1166,13.23,"2025-11-16 15:29:00",16.92,10.99,336.4,459.3,-1.987,12.75,1.039,52.02
"2025-11-16 15:45:00",1167,13.01,"2025-11-16 15:45:00",16.96,10.94,336,459.4,-1.983,12.16,1.039,51.93
"2025-11-16 16:00:00",1168,12.92,"2025-11-16 15:58:50",16.73,10.91,335.6,459.2,-1.971,11.99,1.039,51.87
"2025-11-16 16:15:00",1169,12.88,"2025-11-16 16:15:00",16.08,10.88,335.3,459.1,-1.983,11.88,1.037,51.83
"2025-11-16 16:30:00",1170,12.85,"2025-11-16 16:26:50",15.27,10.86,335.1,459,-1.97,11.84,1.038,51.79
"2025-11-16 16:45:00",1171,12.83,"2025-11-16 16:42:50",14.47,10.84,334.8,458.9,-1.963,11.81,1.037,51.76
"2025-11-16 17:00:00",1172,12.81,"2025-11-16 16:55:00",13.71,10.83,334.6,458.7,-1.968,11.79,1.037,51.75
"2025-11-16 17:15:00",1173,12.79,"2025-11-16 17:13:00",12.98,10.83,334.4,458.6,-1.982,11.76,1.037,51.74
"2025-11-16 17:30:00",1174,12.77,"2025-11-16 17:29:00",12.3,10.82,334.3,458.5,-1.958,11.75,1.037,51.72
"2025-11-16 17:45:00",1175,12.74,"2025-11-16 17:45:00",11.65,10.81,334.1,458.3,-1.929,11.72,1.038,51.69
"2025-11-16 18:00:00",1176,12.74,"2025-11-16 17:55:00",11.01,10.77,333.9,458.4,-1.928,11.71,1.038,51.63
"2025-11-16 18:15:00",1177,12.74,"2025-11-16 18:02:20",10.35,10.74,333.5,458.4,-1.921,11.7,1.038,51.57
"2025-11-16 18:30:00",1178,12.74,"2025-11-16 18:28:40",9.65,10.69,333.2,458.5,-1.904,11.7,1.038,51.48
"2025-11-16 18:45:00",1179,12.73,"2025-11-16 18:30:20",8.96,10.64,332.8,458.5,-1.899,11.68,1.037,51.39
"2025-11-16 19:00:00",1180,12.72,"2025-11-16 18:54:50",8.3,10.58,332.4,458.7,-1.853,11.68,1.036,51.29
"2025-11-16 19:15:00",1181,12.72,"2025-11-16 19:03:00",7.662,10.52,331.9,458.7,-1.835,11.66,1.036,51.18
"2025-11-16 19:30:00",1182,12.71,"2025-11-16 19:28:50",7.08,10.46,331.4,458.8,-1.838,11.66,1.036,51.06
"2025-11-16 19:45:00",1183,12.7,"2025-11-16 19:44:50",6.511,10.4,330.9,458.9,-1.345,11.65,1.036,50.95
"2025-11-16 20:00:00",1184,12.7,"2025-11-16 19:59:00",6.002,10.33,330.4,458.9,-1.789,11.64,1.036,50.84
"2025-11-16 20:15:00",1185,12.68,"2025-11-16 20:12:40",5.508,10.27,329.8,458.9,-1.812,11.63,1.036,50.72
"2025-11-16 20:30:00",1186,12.68,"2025-11-16 20:19:00",5.054,10.2,329.2,458.9,-1.844,11.63,1.036,50.6
"2025-11-16 20:45:00",1187,12.68,"2025-11-16 20:33:00",4.647,10.14,328.7,458.9,-1.843,11.61,1.036,50.49
"2025-11-16 21:00:00",1188,12.66,"2025-11-16 20:57:00",4.254,10.08,328.2,459,-1.854,11.61,1.035,50.38
"2025-11-16 21:15:00",1189,12.66,"2025-11-16 21:02:10",3.867,10.02,327.7,459,-1.857,11.6,1.035,50.28
"2025-11-16 21:30:00",1190,12.66,"2025-11-16 21:28:50",3.504,9.97,327.1,458.8,-1.828,11.6,1.034,50.19
"2025-11-16 21:45:00",1191,12.65,"2025-11-16 21:37:00",3.154,9.92,326.6,458.8,-1.869,11.58,1.034,50.1
"2025-11-16 22:00:00",1192,12.65,"2025-11-16 21:53:00",2.805,9.88,326.2,458.7,-1.871,11.58,1.033,50.02
"2025-11-16 22:15:00",1193,12.64,"2025-11-16 22:13:00",2.477,9.83,325.8,458.7,-1.817,11.57,1.033,49.95
"2025-11-16 22:30:00",1194,12.63,"2025-11-16 22:25:00",2.163,"NAN","NAN","NAN","NAN","NAN",1.032,49.87
"2025-11-16 22:45:00",1195,12.63,"2025-11-16 22:43:00",1.879,9.75,324.9,458.4,-1.817,11.56,1.032,49.8
"2025-11-16 23:00:00",1196,12.61,"2025-11-16 22:58:30",1.598,9.71,324.5,458.3,-1.881,11.56,1.03,49.74
"2025-11-16 23:15:00",1197,12.62,"2025-11-16 23:15:00",1.325,9.68,324.1,458.1,-1.883,11.55,1.031,49.68
"2025-11-16 23:30:00",1198,12.61,"2025-11-16 23:29:00",1.085,9.65,323.7,458,-1.868,11.55,1.03,49.61
"2025-11-16 23:45:00",1199,12.6,"2025-11-16 23:45:00",0.838,9.61,323.4,458,-1.891,11.53,1.029,49.54
"2025-11-17 00:00:00",1200,12.6,"2025-11-16 23:52:40",0.597,9.57,323,458,-1.867,11.53,1.029,49.48
"2025-11-17 00:15:00",1201,12.6,"2025-11-17 00:03:00",0.367,9.54,322.6,457.9,-1.887,11.52,1.028,49.42
"2025-11-17 00:30:00",1202,12.59,"2025-11-17 00:28:50",0.144,9.5,322.3,457.8,-1.869,11.52,1.027,49.36
"2025-11-17 00:45:00",1203,12.59,"2025-11-17 00:30:50",-0.087,9.47,322,457.8,-1.889,11.51,1.027,49.3
"2025-11-17 01:00:00",1204,12.59,"2025-11-17 00:55:00",-0.284,9.44,321.7,457.8,-1.883,11.51,1.027,49.24
"2025-11-17 01:15:00",1205,12.58,"2025-11-17 01:03:00",-0.462,9.4,321.4,457.8,-1.877,11.5,1.026,49.18
"2025-11-17 01:30:00",1206,12.58,"2025-11-17 01:27:00",-0.638,9.37,321.1,457.8,-1.885,11.5,1.025,49.12
"2025-11-17 01:45:00",1207,12.57,"2025-11-17 01:41:00",-0.798,9.34,320.8,457.8,-1.865,11.49,1.025,49.06
"2025-11-17 02:00:00",1208,12.57,"2025-11-17 01:46:50",-0.942,9.3,320.6,457.9,-1.88,11.49,1.025,48.99
"2025-11-17 02:15:00",1209,12.56,"2025-11-17 02:15:00",-1.08,9.26,320.3,458,-1.871,11.48,1.024,48.93
"2025-11-17 02:30:00",1210,12.56,"2025-11-17 02:17:00",-1.207,9.23,320.1,458.1,-1.868,11.48,1.022,48.86
"2025-11-17 02:45:00",1211,12.55,"2025-11-17 02:31:00",-1.342,9.19,319.9,458.3,-1.863,11.47,1.023,48.8
"2025-11-17 03:00:00",1212,12.55,"2025-11-17 02:59:00",-1.471,9.15,319.7,458.4,-1.866,11.47,1.022,48.73
"2025-11-17 03:15:00",1213,12.55,"2025-11-17 03:02:20",-1.58,9.11,319.4,458.6,-1.851,11.46,1.022,48.66
"2025-11-17 03:30:00",1214,12.54,"2025-11-17 03:29:00",-1.693,9.07,319.2,458.9,-1.865,11.46,1.021,48.58
"2025-11-17 03:45:00",1215,12.54,"2025-11-17 03:35:00",-1.8,9.03,319,459,-1.86,11.45,1.021,48.51
"2025-11-17 04:00:00",1216,12.53,"2025-11-17 03:55:00",-1.9,8.98,318.8,459.3,-1.851,11.45,1.02,48.43
"2025-11-17 04:15:00",1217,12.53,"2025-11-17 04:07:00",-1.981,"NAN","NAN","NAN","NAN","NAN",1.02,48.34
"2025-11-17 04:30:00",1218,12.5,"2025-11-17 04:29:40",-2.077,8.89,318.3,459.7,-1.871,11.44,1.019,48.26
"2025-11-17 04:45:00",1219,12.52,"2025-11-17 04:45:00",-2.19,8.85,318.1,460,-1.882,11.43,1.019,48.18
"2025-11-17 05:00:00",1220,12.52,"2025-11-17 04:51:00",-2.247,8.8,317.8,460.3,-1.889,11.43,1.019,48.09
"2025-11-17 05:15:00",1221,12.51,"2025-11-17 05:03:00",-2.317,8.75,317.6,460.5,-1.891,11.42,1.018,48
"2025-11-17 05:30:00",1222,12.49,"2025-11-17 05:22:50",-2.403,8.7,317.4,460.9,-1.892,11.42,1.018,47.92
"2025-11-17 05:45:00",1223,12.49,"2025-11-17 05:37:00",-2.479,8.65,317.1,461.2,-1.898,11.41,1.017,47.83
"2025-11-17 06:00:00",1224,12.49,"2025-11-17 05:55:00",-2.532,8.6,316.9,461.4,-1.906,11.41,1.017,47.74
"2025-11-17 06:15:00",1225,12.49,"2025-11-17 06:10:50",-2.592,8.55,316.7,461.7,-1.91,11.4,1.016,47.65
"2025-11-17 06:30:00",1226,12.48,"2025-11-17 06:23:00",-2.644,8.5,316.4,462,-1.898,11.4,1.016,47.57
"2025-11-17 06:45:00",1227,12.48,"2025-11-17 06:31:00",-2.714,8.46,316.2,462.2,-1.881,11.39,1.015,47.48
"2025-11-17 07:00:00",1228,12.47,"2025-11-17 06:59:00",-2.779,8.41,315.9,462.5,-1.833,11.39,1.014,47.4
"2025-11-17 07:15:00",1229,12.46,"2025-11-17 07:12:50",-2.828,8.36,315.7,462.7,-1.907,11.38,1.014,47.31
"2025-11-17 07:30:00",1230,12.47,"2025-11-17 07:24:30",-2.884,8.31,315.5,463,-1.918,11.38,1.013,47.23
"2025-11-17 07:45:00",1231,12.47,"2025-11-17 07:33:00",-2.919,8.27,315.2,463.3,-1.926,11.38,1.012,47.15
"2025-11-17 08:00:00",1232,12.47,"2025-11-17 07:47:00",-2.943,8.23,315,463.4,-1.902,11.39,1.012,47.08
"2025-11-17 08:15:00",1233,12.48,"2025-11-17 08:02:50",-2.868,8.19,314.8,463.7,-1.887,11.39,1.013,47.01
"2025-11-17 08:30:00",1234,12.5,"2025-11-17 08:16:40",-2.706,8.16,314.6,463.8,-1.909,11.42,1.012,46.95
"2025-11-17 08:45:00",1235,12.51,"2025-11-17 08:31:00",-2.425,8.13,314.5,464,-1.902,11.43,1.012,46.9
"2025-11-17 09:00:00",1236,12.54,"2025-11-17 08:46:50",-2.022,8.1,314.3,464,-1.905,11.48,1.012,46.86
"2025-11-17 09:15:00",1237,12.6,"2025-11-17 09:01:00",-1.488,8.09,314.2,464.1,-1.868,11.68,1.011,46.83
"2025-11-17 09:30:00",1238,12.99,"2025-11-17 09:15:10",-0.663,8.08,314.2,464.2,-1.923,12.21,1.01,46.83
"2025-11-17 09:45:00",1239,13.58,"2025-11-17 09:30:10",0.62,8.09,314.3,464.1,-1.918,13.35,1.01,46.86
"2025-11-17 10:00:00",1240,13.55,"2025-11-17 09:48:10",2.542,8.14,314.5,463.8,-1.93,13.28,1.009,46.92
"2025-11-17 10:15:00",1241,14.56,"2025-11-17 10:10:10",4.697,8.19,314.7,463.5,-1.922,13.6,1.009,47
"2025-11-17 10:30:00",1242,13.41,"2025-11-17 10:24:50",6.596,8.24,315.1,463.4,-1.929,12.97,1.01,47.08
"2025-11-17 10:45:00",1243,13.41,"2025-11-17 10:30:40",8.27,8.32,315.5,463.1,-1.931,13.07,1.009,47.2
"2025-11-17 11:00:00",1244,14.37,"2025-11-17 10:59:00",10.44,8.37,315.9,462.9,-1.949,13.45,1.009,47.3
"2025-11-17 11:15:00",1245,14.34,"2025-11-17 11:06:50",12.32,8.41,316.4,463.1,-1.957,13.37,1.009,47.37
"2025-11-17 11:30:00",1246,14.31,"2025-11-17 11:25:00",13.62,8.44,316.5,463,-1.952,13.34,1.009,47.46
"2025-11-17 11:45:00",1247,14.28,"2025-11-17 11:40:20",14.46,8.52,317.2,462.8,-1.945,13.31,1.008,47.58
"2025-11-17 12:00:00",1248,14.22,"2025-11-17 11:58:20",15.51,8.59,317.7,462.8,-1.952,13.28,1.009,47.71
"2025-11-17 12:15:00",1249,13.42,"2025-11-17 12:11:00",16.67,8.63,318,462.6,-1.96,13.16,1.01,47.81
"2025-11-17 12:30:00",1250,13.42,"2025-11-17 12:17:00",17.25,8.69,318.3,462.3,-1.968,12.93,1.009,47.92
"2025-11-17 12:45:00",1251,13.79,"2025-11-17 12:39:00",17.6,8.76,318.8,462.1,-1.984,12.93,1.009,48.04
"2025-11-17 13:00:00",1252,13.17,"2025-11-17 12:59:00",17.53,8.81,319.1,462,-1.981,12.48,1.009,48.13
"2025-11-17 13:15:00",1253,13.14,"2025-11-17 13:11:00",16.91,8.85,319.3,461.7,-1.982,12.15,1.008,48.2
"2025-11-17 13:30:00",1254,13.11,"2025-11-17 13:29:00",16.15,8.89,319.6,461.5,-1.973,12.13,1.008,48.28
"2025-11-17 13:45:00",1255,13.11,"2025-11-17 13:37:00",15.66,8.93,319.7,461.3,-1.956,12.13,1.008,48.35
"2025-11-17 14:00:00",1256,13.11,"2025-11-17 13:46:40",15.58,8.97,319.9,461.1,-1.983,12.23,1.008,48.41
"2025-11-17 14:15:00",1257,13.86,"2025-11-17 14:11:00",15.88,8.99,319.9,460.8,-2.001,12.89,1.007,48.44
"2025-11-17 14:30:00",1258,13.18,"2025-11-17 14:26:30",16.27,8.98,319.7,460.7,-1.983,12.59,1.006,48.43
"2025-11-17 14:45:00",1259,13.13,"2025-11-17 14:45:00",16.07,9,319.7,460.4,-2.001,12.44,1.006,48.48
"2025-11-17 15:00:00",1260,13.08,"2025-11-17 14:58:50",15.87,9.03,319.9,460.3,-1.987,12.14,1.006,48.52
"2025-11-17 15:15:00",1261,13.07,"2025-11-17 15:02:50",15.77,9.05,319.8,460,-1.974,12.3,1.005,48.56
"2025-11-17 15:30:00",1262,13.29,"2025-11-17 15:28:50",16.44,9.06,319.9,459.9,-1.986,12.83,1.005,48.58
"2025-11-17 15:45:00",1263,13.1,"2025-11-17 15:45:00",16.75,9.05,319.7,459.7,-1.974,12.24,1.005,48.56
"2025-11-17 16:00:00",1264,12.99,"2025-11-17 15:59:00",16.69,9.04,319.6,459.7,-1.981,12.09,1.004,48.53
"2025-11-17 16:15:00",1265,12.94,"2025-11-17 16:14:40",16.18,9.03,319.4,459.6,-1.977,11.97,1.004,48.51
"2025-11-17 16:30:00",1266,12.9,"2025-11-17 16:29:00",15.3,9.02,319.3,459.5,-1.98,11.9,1.004,48.5
"2025-11-17 16:45:00",1267,12.88,"2025-11-17 16:45:00",14.32,9.02,319.3,459.5,-1.981,11.86,1.003,48.5
"2025-11-17 17:00:00",1268,12.85,"2025-11-17 16:59:00",13.38,9.03,319.2,459.4,-1.969,11.84,1.004,48.52
"2025-11-17 17:15:00",1269,12.84,"2025-11-17 17:14:40",12.49,9.04,319.3,459.3,-1.967,11.81,1.003,48.55
"2025-11-17 17:30:00",1270,12.81,"2025-11-17 17:29:00",11.73,9.06,319.3,459.1,-1.97,11.78,1.004,48.57
"2025-11-17 17:45:00",1271,12.8,"2025-11-17 17:44:50",10.99,9.06,319.3,459,-1.963,11.76,1.004,48.57
"2025-11-17 18:00:00",1272,12.8,"2025-11-17 17:55:00",10.33,9.06,319.3,459.1,-1.973,11.76,1.003,48.57
"2025-11-17 18:15:00",1273,12.79,"2025-11-17 18:14:40",9.7,9.04,319.3,459.2,-1.881,11.74,1.003,48.54
"2025-11-17 18:30:00",1274,12.78,"2025-11-17 18:29:00",9.13,9.02,319.1,459.3,-1.768,11.73,1.004,48.5
"2025-11-17 18:45:00",1275,12.77,"2025-11-17 18:42:50",8.61,8.99,318.9,459.4,-1.951,11.72,1.003,48.44
"2025-11-17 19:00:00",1276,12.77,"2025-11-17 18:52:50",8.1,8.96,318.7,459.5,-1.84,11.71,1.003,48.38
"2025-11-17 19:15:00",1277,12.76,"2025-11-17 19:02:20",7.657,8.92,318.5,459.6,-1.894,11.7,1.003,48.32
"2025-11-17 19:30:00",1278,12.74,"2025-11-17 19:28:50",7.273,8.89,318.2,459.6,-1.939,11.69,1.003,48.25
"2025-11-17 19:45:00",1279,12.74,"2025-11-17 19:44:50",6.901,"NAN","NAN","NAN","NAN","NAN",1.002,48.18
"2025-11-17 20:00:00",1280,12.74,"2025-11-17 19:52:50",6.639,8.81,317.7,459.9,-1.918,11.68,1.001,48.12
"2025-11-17 20:15:00",1281,12.73,"2025-11-17 20:00:50",6.442,8.78,317.3,459.8,-1.934,11.67,1.001,48.06
"2025-11-17 20:30:00",1282,12.73,"2025-11-17 20:23:00",6.225,8.74,317,459.8,-1.925,11.66,1.001,47.98
"2025-11-17 20:45:00",1283,12.72,"2025-11-17 20:35:00",5.91,8.7,316.6,459.8,-1.915,11.65,1.001,47.92
"2025-11-17 21:00:00",1284,12.72,"2025-11-17 20:53:00",5.607,8.67,316.4,459.8,-1.921,11.65,1.001,47.86
"2025-11-17 21:15:00",1285,12.71,"2025-11-17 21:02:10",5.284,8.63,316,459.8,-1.937,11.64,1.001,47.79
"2025-11-17 21:30:00",1286,12.7,"2025-11-17 21:28:50",4.975,8.59,315.6,459.7,-1.927,11.63,1,47.73
"2025-11-17 21:45:00",1287,12.7,"2025-11-17 21:31:00",4.657,8.56,315.3,459.7,-1.919,11.63,1,47.68
"2025-11-17 22:00:00",1288,12.7,"2025-11-17 21:53:00",4.355,8.54,315.1,459.6,-1.915,11.62,0.999,47.63
"2025-11-17 22:15:00",1289,12.68,"2025-11-17 22:02:10",4.113,8.52,314.8,459.5,-1.907,11.62,1,47.6
"2025-11-17 22:30:00",1290,12.68,"2025-11-17 22:29:00",3.955,8.5,314.6,459.3,-1.893,11.62,0.999,47.56
"2025-11-17 22:45:00",1291,12.68,"2025-11-17 22:31:00",3.783,8.48,314.2,459.1,-1.903,11.61,0.998,47.54
"2025-11-17 23:00:00",1292,12.67,"2025-11-17 22:55:00",3.59,8.47,314,458.9,-1.891,11.6,0.999,47.51
"2025-11-17 23:15:00",1293,12.67,"2025-11-17 23:11:00",3.446,"NAN","NAN","NAN","NAN","NAN",0.999,47.49
"2025-11-17 23:30:00",1294,12.66,"2025-11-17 23:23:00",3.424,"NAN","NAN","NAN","NAN","NAN",0.998,47.48
"2025-11-17 23:45:00",1295,12.66,"2025-11-17 23:43:00",3.578,8.46,313.5,458.4,-1.905,11.59,0.999,47.49
"2025-11-18 00:00:00",1296,12.66,"2025-11-17 23:47:00",3.856,8.47,313.5,458.1,-1.894,11.58,0.998,47.51
"2025-11-18 00:15:00",1297,12.65,"2025-11-18 00:09:00",4.169,8.48,313.5,458,-1.914,11.58,0.998,47.53
"2025-11-18 00:30:00",1298,12.65,"2025-11-18 00:29:00",4.352,8.49,313.4,457.8,-1.885,11.57,0.998,47.55
"2025-11-18 00:45:00",1299,12.65,"2025-11-18 00:31:00",4.328,8.5,313.1,457.3,-1.877,11.57,0.999,47.56
"2025-11-18 01:00:00",1300,12.65,"2025-11-18 00:46:50",4.271,8.5,313,457,-1.887,11.57,1,47.58
"2025-11-18 01:15:00",1301,12.63,"2025-11-18 01:02:20",4.258,8.51,312.9,456.7,-1.911,11.56,0.999,47.59
"2025-11-18 01:30:00",1302,12.63,"2025-11-18 01:16:50",4.268,8.52,312.8,456.5,-1.899,11.56,1,47.61
"2025-11-18 01:45:00",1303,12.63,"2025-11-18 01:43:00",4.298,8.54,313,456.5,-1.917,11.55,1,47.64
"2025-11-18 02:00:00",1304,12.63,"2025-11-18 01:47:00",4.358,8.55,312.9,456.3,-1.905,11.55,1.001,47.66
"2025-11-18 02:15:00",1305,12.62,"2025-11-18 02:15:00",4.407,8.56,312.9,456.2,-1.897,11.55,1.001,47.68
"2025-11-18 02:30:00",1306,12.62,"2025-11-18 02:23:00",4.497,8.57,312.9,456.1,-1.891,11.55,1.002,47.7
"2025-11-18 02:45:00",1307,12.61,"2025-11-18 02:39:00",4.635,8.58,312.9,455.9,-1.871,11.54,1.002,47.72
"2025-11-18 03:00:00",1308,12.61,"2025-11-18 02:47:00",4.734,8.59,312.9,455.7,-1.876,11.54,1.003,47.73
"2025-11-18 03:15:00",1309,12.61,"2025-11-18 03:03:00",4.768,8.6,313,455.7,-1.873,11.53,1.003,47.75
"2025-11-18 03:30:00",1310,12.6,"2025-11-18 03:23:00",4.853,8.61,313,455.7,-1.875,11.53,1.003,47.76
"2025-11-18 03:45:00",1311,12.6,"2025-11-18 03:31:00",4.979,8.61,313.1,455.7,-1.888,11.53,1.003,47.77
"2025-11-18 04:00:00",1312,12.6,"2025-11-18 03:55:00",5.078,8.62,313.1,455.7,-1.864,11.52,1.004,47.78
"2025-11-18 04:15:00",1313,12.59,"2025-11-18 04:01:00",5.185,8.62,313.4,456,-1.889,11.52,1.004,47.79
"2025-11-18 04:30:00",1314,12.58,"2025-11-18 04:29:00",5.285,8.63,313.5,456.1,-1.875,11.51,1.004,47.8
"2025-11-18 04:45:00",1315,12.58,"2025-11-18 04:30:50",5.363,8.63,313.6,456.2,-1.882,11.51,1.005,47.81
"2025-11-18 05:00:00",1316,12.57,"2025-11-18 04:59:00",5.455,8.63,313.7,456.4,-1.859,11.51,1.004,47.81
"2025-11-18 05:15:00",1317,12.57,"2025-11-18 05:02:50",5.546,8.64,313.8,456.5,-1.868,11.5,1.003,47.81
"2025-11-18 05:30:00",1318,12.57,"2025-11-18 05:21:00",5.591,8.63,313.8,456.5,-1.864,11.5,1.005,47.8
"2025-11-18 05:45:00",1319,12.57,"2025-11-18 05:30:40",5.592,8.63,313.9,456.7,-1.867,11.49,1.005,47.79
"2025-11-18 06:00:00",1320,12.56,"2025-11-18 05:53:00",5.607,8.62,313.8,456.7,-1.862,11.49,1.006,47.78
"2025-11-18 06:15:00",1321,12.56,"2025-11-18 06:01:00",5.663,8.62,313.8,456.7,-1.876,11.48,1.008,47.78
"2025-11-18 06:30:00",1322,12.55,"2025-11-18 06:21:00",5.68,8.61,313.8,456.8,-1.856,11.48,1.008,47.76
"2025-11-18 06:45:00",1323,12.55,"2025-11-18 06:33:00",5.679,8.6,313.3,456.2,-1.819,11.48,1.013,47.74
"2025-11-18 07:00:00",1324,12.54,"2025-11-18 06:58:50",5.674,8.59,312.9,455.7,-1.767,11.47,1.015,47.73
"2025-11-18 07:15:00",1325,12.54,"2025-11-18 07:02:20",5.736,8.59,313,455.9,-1.818,11.46,1.016,47.73
"2025-11-18 07:30:00",1326,12.54,"2025-11-18 07:21:00",5.807,8.59,313.2,456.1,-1.795,11.46,1.017,47.73
"2025-11-18 07:45:00",1327,12.53,"2025-11-18 07:39:00",5.866,8.59,313.4,456.5,-1.813,11.46,1.017,47.74
"2025-11-18 08:00:00",1328,12.54,"2025-11-18 07:47:00",5.929,8.6,313.9,457,-1.82,11.46,1.017,47.75
"2025-11-18 08:15:00",1329,12.54,"2025-11-18 08:00:50",6.004,8.6,314.1,457.3,-1.848,11.47,1.016,47.75
"2025-11-18 08:30:00",1330,12.55,"2025-11-18 08:16:40",6.178,8.61,314.4,457.6,-1.871,11.47,1.017,47.77
"2025-11-18 08:45:00",1331,12.57,"2025-11-18 08:30:20",6.47,8.62,314.4,457.6,-1.849,11.52,1.015,47.79
"2025-11-18 09:00:00",1332,12.62,"2025-11-18 08:46:50",6.864,8.63,314.6,457.7,-1.87,11.55,1.015,47.81
"2025-11-18 09:15:00",1333,12.56,"2025-11-18 09:15:00",7.308,"NAN","NAN","NAN","NAN","NAN",1.014,47.84
"2025-11-18 09:30:00",1334,12.54,"2025-11-18 09:29:00",7.665,8.67,315,457.8,-1.887,11.49,1.014,47.87
"2025-11-18 09:45:00",1335,12.54,"2025-11-18 09:31:00",7.892,8.68,315.2,458,-1.873,11.47,1.013,47.9
"2025-11-18 10:00:00",1336,12.53,"2025-11-18 09:50:50",8.03,8.7,315.4,458,-1.887,11.47,1.015,47.92
"2025-11-18 10:15:00",1337,12.52,"2025-11-18 10:00:40",7.904,8.7,315,457.4,-1.854,11.46,1.018,47.93
"2025-11-18 10:30:00",1338,12.54,"2025-11-18 10:28:50",7.76,8.71,315.1,457.4,-1.883,11.49,1.018,47.95
"2025-11-18 10:45:00",1339,12.51,"2025-11-18 10:43:00",7.716,8.72,315.2,457.4,-1.89,11.46,1.019,47.97
"2025-11-18 11:00:00",1340,12.52,"2025-11-18 10:56:40",7.634,8.73,315.1,457.2,-1.865,11.45,1.02,47.98
"2025-11-18 11:15:00",1341,12.52,"2025-11-18 11:02:10",7.549,8.74,315,457,-1.87,11.46,1.025,47.99
"2025-11-18 11:30:00",1342,12.53,"2025-11-18 11:16:50",7.534,8.75,314.7,456.3,-1.805,11.5,1.028,48.01
"2025-11-18 11:45:00",1343,12.6,"2025-11-18 11:30:50",7.738,8.76,314.7,456.2,-1.855,11.58,1.029,48.05
"2025-11-18 12:00:00",1344,12.9,"2025-11-18 11:45:10",8.2,8.81,314.9,455.9,-1.875,11.91,1.029,48.12
"2025-11-18 12:15:00",1345,13.08,"2025-11-18 12:00:50",8.76,8.86,315.3,455.8,-1.871,12.17,1.028,48.22
"2025-11-18 12:30:00",1346,13.14,"2025-11-18 12:25:00",9.65,8.94,315.9,455.8,-1.855,12.48,1.029,48.37
"2025-11-18 12:45:00",1347,13.07,"2025-11-18 12:44:50",10.83,9.02,316.6,455.7,-1.849,12.76,1.029,48.51
"2025-11-18 13:00:00",1348,12.93,"2025-11-18 12:59:00",11.47,9.06,316.8,455.5,-1.829,11.99,1.028,48.57
"2025-11-18 13:15:00",1349,12.86,"2025-11-18 13:10:40",11.29,9.08,317,455.5,-1.843,11.85,1.028,48.61
"2025-11-18 13:30:00",1350,12.88,"2025-11-18 13:19:00",11.03,9.09,317.2,455.6,-1.896,11.83,1.028,48.63
"2025-11-18 13:45:00",1351,12.81,"2025-11-18 13:43:00",10.95,9.1,317.3,455.7,-1.887,11.79,1.029,48.64
"2025-11-18 14:00:00",1352,12.8,"2025-11-18 13:51:00",10.66,9.1,317.6,456,-1.879,11.75,1.029,48.65
"2025-11-18 14:15:00",1353,12.83,"2025-11-18 14:10:40",10.53,"NAN","NAN","NAN","NAN","NAN",1.029,48.69
"2025-11-18 14:30:00",1354,12.79,"2025-11-18 14:26:50",10.56,9.15,317.9,456,-1.869,11.78,1.029,48.74
"2025-11-18 14:45:00",1355,12.78,"2025-11-18 14:33:00",10.49,9.17,318.1,456.1,-1.906,11.74,1.029,48.76
"2025-11-18 15:00:00",1356,12.81,"2025-11-18 14:58:50",10.57,9.18,318.1,455.9,-1.887,11.81,1.03,48.79
"2025-11-18 15:15:00",1357,12.81,"2025-11-18 15:12:50",10.67,9.2,318.3,456,-1.904,11.77,1.029,48.81
"2025-11-18 15:30:00",1358,12.8,"2025-11-18 15:28:40",10.76,9.21,318.5,456,-1.883,11.77,1.03,48.84
"2025-11-18 15:45:00",1359,12.75,"2025-11-18 15:40:40",10.87,9.23,318.6,456,-1.878,11.72,1.03,48.87
"2025-11-18 16:00:00",1360,12.75,"2025-11-18 15:47:00",10.88,9.24,318.9,456.1,-1.871,11.72,1.029,48.9
"2025-11-18 16:15:00",1361,12.72,"2025-11-18 16:15:00",10.92,9.26,319,456.2,-1.884,11.69,1.03,48.92
"2025-11-18 16:30:00",1362,12.7,"2025-11-18 16:28:50",10.88,9.27,319.2,456.4,-1.909,11.66,1.03,48.94
"2025-11-18 16:45:00",1363,12.68,"2025-11-18 16:45:00",10.81,9.27,319.3,456.4,-1.887,11.64,1.03,48.95
"2025-11-18 17:00:00",1364,12.67,"2025-11-18 16:57:00",10.76,9.28,319.3,456.4,-1.882,11.63,1.031,48.96
"2025-11-18 17:15:00",1365,12.64,"2025-11-18 17:13:00",10.73,9.28,319.5,456.6,-1.901,11.61,1.032,48.97
"2025-11-18 17:30:00",1366,12.62,"2025-11-18 17:28:50",10.71,9.28,319.6,456.6,-1.875,11.58,1.033,48.97
"2025-11-18 17:45:00",1367,12.61,"2025-11-18 17:39:00",10.7,"NAN","NAN","NAN","NAN","NAN",1.034,48.98
"2025-11-18 18:00:00",1368,12.59,"2025-11-18 17:57:00",10.7,"NAN","NAN","NAN","NAN","NAN",1.033,49
"2025-11-18 18:15:00",1369,12.58,"2025-11-18 18:15:00",10.7,9.31,319.9,456.9,-1.849,11.53,1.034,49.01
"2025-11-18 18:30:00",1370,12.57,"2025-11-18 18:29:00",10.7,9.31,319.9,456.8,-1.851,11.51,1.036,49.02
"2025-11-18 18:45:00",1371,12.56,"2025-11-18 18:43:00",10.71,9.32,319.2,455.7,-1.799,11.5,1.043,49.04
"2025-11-18 19:00:00",1372,12.56,"2025-11-18 18:57:00",10.77,9.33,319.1,455.4,-1.801,11.5,1.045,49.06
"2025-11-18 19:15:00",1373,12.55,"2025-11-18 19:12:40",10.8,9.34,319.1,455.3,-1.803,11.49,1.047,49.08
"2025-11-18 19:30:00",1374,12.54,"2025-11-18 19:18:50",10.83,9.35,319.1,455.1,-1.792,11.49,1.05,49.09
"2025-11-18 19:45:00",1375,12.54,"2025-11-18 19:30:40",10.84,9.36,319.2,455.3,-1.791,11.49,1.052,49.1
"2025-11-18 20:00:00",1376,12.54,"2025-11-18 19:57:20",10.83,9.36,319.4,455.5,-1.785,11.48,1.054,49.11
"2025-11-18 20:15:00",1377,12.54,"2025-11-18 20:00:30",10.71,9.36,319.4,455.4,-1.771,11.48,1.055,49.11
"2025-11-18 20:30:00",1378,12.54,"2025-11-18 20:25:00",10.44,9.36,319.2,455.3,-1.767,11.48,1.058,49.1
"2025-11-18 20:45:00",1379,12.54,"2025-11-18 20:30:50",10.15,9.35,319,455,-1.774,11.48,1.06,49.09
"2025-11-18 21:00:00",1380,12.53,"2025-11-18 20:53:00",9.86,9.35,319,455.1,-1.778,11.47,1.062,49.08
"2025-11-18 21:15:00",1381,12.53,"2025-11-18 21:15:00",9.63,9.34,319,455.1,-1.767,11.47,1.064,49.08
"2025-11-18 21:30:00",1382,12.53,"2025-11-18 21:18:50",9.51,"NAN","NAN","NAN","NAN","NAN",1.068,49.08
"2025-11-18 21:45:00",1383,12.53,"2025-11-18 21:31:00",9.4,9.35,318.8,454.7,-1.775,11.46,1.071,49.09
"2025-11-18 22:00:00",1384,12.53,"2025-11-18 21:53:00",9.29,9.36,318.7,454.5,-1.75,11.46,1.074,49.1
"2025-11-18 22:15:00",1385,12.53,"2025-11-18 22:14:50",9.2,9.36,318.5,454.1,-1.752,11.46,1.076,49.11
"2025-11-18 22:30:00",1386,12.52,"2025-11-18 22:19:00",9.11,9.36,318.4,454,-1.715,11.46,1.08,49.11
"2025-11-18 22:45:00",1387,12.52,"2025-11-18 22:38:50",9.07,9.37,318.4,453.8,-1.638,11.46,1.083,49.13
"2025-11-18 23:00:00",1388,12.52,"2025-11-18 22:59:00",9.06,9.38,318.3,453.7,-1.687,11.46,1.086,49.15
"2025-11-18 23:15:00",1389,12.52,"2025-11-18 23:12:40",9.11,9.4,318.5,453.7,-1.669,11.46,1.09,49.17
"2025-11-18 23:30:00",1390,12.52,"2025-11-18 23:16:40",9.24,9.41,318.5,453.5,-1.547,11.46,1.093,49.2
"2025-11-18 23:45:00",1391,12.52,"2025-11-18 23:34:40",9.33,9.43,318.6,453.4,-1.667,11.46,1.097,49.23
"2025-11-19 00:00:00",1392,12.52,"2025-11-18 23:52:20",9.4,9.45,318.6,453.2,-1.679,11.45,1.099,49.26
"2025-11-19 00:15:00",1393,12.52,"2025-11-19 00:05:00",9.47,9.46,318.7,453.2,-1.711,11.45,1.103,49.29
"2025-11-19 00:30:00",1394,12.52,"2025-11-19 00:17:00",9.51,9.48,318.7,453,-1.698,11.45,1.106,49.32
"2025-11-19 00:45:00",1395,12.52,"2025-11-19 00:30:40",9.53,9.49,318.7,452.8,-1.707,11.45,1.109,49.35
"2025-11-19 01:00:00",1396,12.51,"2025-11-19 00:53:00",9.55,9.51,318.8,452.7,-1.686,11.45,1.112,49.38
"2025-11-19 01:15:00",1397,12.51,"2025-11-19 01:09:00",9.55,9.53,318.8,452.6,-1.693,11.45,1.116,49.41
"2025-11-19 01:30:00",1398,12.51,"2025-11-19 01:16:50",9.53,9.54,318.9,452.5,-1.699,11.45,1.12,49.43
"2025-11-19 01:45:00",1399,12.51,"2025-11-19 01:30:50",9.5,9.56,319,452.4,-1.611,11.44,1.123,49.46
"2025-11-19 02:00:00",1400,12.51,"2025-11-19 01:46:50",9.47,9.57,319.1,452.4,-1.477,11.44,1.127,49.49
"2025-11-19 02:15:00",1401,12.51,"2025-11-19 02:04:50",9.44,9.59,319.2,452.4,-1.578,11.44,1.13,49.52
"2025-11-19 02:30:00",1402,12.51,"2025-11-19 02:17:00",9.41,9.6,319.3,452.4,-1.623,11.44,1.134,49.55
"2025-11-19 02:45:00",1403,12.51,"2025-11-19 02:35:00",9.38,9.62,319.6,452.5,-1.617,11.44,1.136,49.58
"2025-11-19 03:00:00",1404,12.51,"2025-11-19 02:51:00",9.37,9.64,319.7,452.5,-1.638,11.44,1.141,49.6
"2025-11-19 03:15:00",1405,12.5,"2025-11-19 03:07:00",9.37,9.65,319.8,452.5,-1.609,11.44,1.144,49.63
"2025-11-19 03:30:00",1406,12.5,"2025-11-19 03:26:40",9.36,9.66,320,452.5,-1.589,11.44,1.149,49.65
"2025-11-19 03:45:00",1407,12.5,"2025-11-19 03:40:50",9.36,9.67,320.1,452.5,-1.524,11.44,1.152,49.67
"2025-11-19 04:00:00",1408,12.49,"2025-11-19 03:57:00",9.35,9.69,320.2,452.6,-1.363,11.44,1.155,49.69
"2025-11-19 04:15:00",1409,12.5,"2025-11-19 04:00:40",9.35,9.7,320.3,452.6,-1.666,11.43,1.16,49.71
"2025-11-19 04:30:00",1410,12.49,"2025-11-19 04:29:00",9.32,9.71,320.5,452.8,-1.45,11.44,1.163,49.72
"2025-11-19 04:45:00",1411,12.49,"2025-11-19 04:45:00",9.27,9.71,320.7,453,-1.687,11.44,1.167,49.74
"2025-11-19 05:00:00",1412,12.49,"2025-11-19 04:55:00",9.22,9.72,320.7,452.9,-1.671,11.43,1.171,49.75
"2025-11-19 05:15:00",1413,12.49,"2025-11-19 05:09:00",9.16,9.73,320.9,453.2,-1.182,11.43,1.175,49.76
"2025-11-19 05:30:00",1414,12.49,"2025-11-19 05:29:00",9.1,9.73,321,453.2,-1.649,11.43,1.178,49.77
"2025-11-19 05:45:00",1415,12.49,"2025-11-19 05:33:00",9.03,9.74,321.2,453.4,-1.658,11.43,1.182,49.78
"2025-11-19 06:00:00",1416,12.49,"2025-11-19 05:59:00",8.94,9.74,321.3,453.5,-1.619,11.43,1.187,49.78
"2025-11-19 06:15:00",1417,12.49,"2025-11-19 06:05:00",8.82,9.74,321.5,453.7,-1.645,11.42,1.191,49.78
"2025-11-19 06:30:00",1418,12.48,"2025-11-19 06:21:00",8.7,9.74,321.5,453.8,-1.644,11.42,1.193,49.79
"2025-11-19 06:45:00",1419,12.48,"2025-11-19 06:37:00",8.62,9.74,321.7,454,-1.589,11.42,1.198,49.79
"2025-11-19 07:00:00",1420,12.48,"2025-11-19 06:46:50",8.52,9.74,321.8,454.2,-1.639,11.42,1.202,49.79
"2025-11-19 07:15:00",1421,12.48,"2025-11-19 07:13:00",8.46,9.74,321.9,454.3,-1.659,11.42,1.206,49.79
"2025-11-19 07:30:00",1422,12.48,"2025-11-19 07:23:00",8.42,9.74,322.1,454.5,-1.375,11.41,1.211,49.79
"2025-11-19 07:45:00",1423,12.48,"2025-11-19 07:30:50",8.41,9.74,322.2,454.7,-1.417,11.41,1.216,49.79
"2025-11-19 08:00:00",1424,12.48,"2025-11-19 07:50:50",8.39,9.74,322.3,454.9,-1.527,11.41,1.221,49.79
"2025-11-19 08:15:00",1425,12.48,"2025-11-19 08:09:00",8.41,9.74,322.5,455,-1.625,11.42,1.224,49.79
"2025-11-19 08:30:00",1426,12.48,"2025-11-19 08:20:40",8.49,9.75,322.6,455.2,-1.659,11.42,1.229,49.8
"2025-11-19 08:45:00",1427,12.49,"2025-11-19 08:31:00",8.57,9.75,322.8,455.5,-1.673,11.43,1.233,49.81
"2025-11-19 09:00:00",1428,12.51,"2025-11-19 08:59:00",8.72,9.76,323,455.6,-1.699,11.45,1.238,49.81
"2025-11-19 09:15:00",1429,12.51,"2025-11-19 09:02:10",8.84,9.76,323.2,455.8,-1.609,11.45,1.242,49.83
"2025-11-19 09:30:00",1430,12.52,"2025-11-19 09:18:50",8.97,9.77,323.3,455.9,8.68,11.46,1.247,49.84
"2025-11-19 09:45:00",1431,12.54,"2025-11-19 09:31:00",9.08,9.78,323.5,456.2,-0.329,11.48,1.252,49.85
"2025-11-19 10:00:00",1432,12.55,"2025-11-19 09:53:00",9.2,9.79,323.7,456.3,-1.701,11.5,1.257,49.87
"2025-11-19 10:15:00",1433,12.56,"2025-11-19 10:01:00",9.34,9.8,323.9,456.4,-1.662,11.51,1.261,49.89
"2025-11-19 10:30:00",1434,12.58,"2025-11-19 10:17:00",9.51,9.81,324,456.5,-1.678,11.53,1.267,49.91
"2025-11-19 10:45:00",1435,12.61,"2025-11-19 10:31:00",9.65,9.82,324.2,456.6,-1.689,11.56,1.273,49.93
"2025-11-19 11:00:00",1436,12.64,"2025-11-19 10:46:40",9.81,9.84,324.4,456.7,-1.679,11.6,1.277,49.96
"2025-11-19 11:15:00",1437,12.7,"2025-11-19 11:00:30",10.05,9.85,324.6,456.8,-1.694,11.64,1.283,49.99
"2025-11-19 11:30:00",1438,12.72,"2025-11-19 11:16:40",10.34,9.87,324.9,456.9,-1.687,11.69,1.289,50.03
"2025-11-19 11:45:00",1439,12.74,"2025-11-19 11:43:00",10.7,9.89,325.1,456.9,-1.691,11.7,1.295,50.06
"2025-11-19 12:00:00",1440,12.73,"2025-11-19 11:47:00",10.92,9.91,325.3,457.1,-1.673,11.68,1.302,50.09
"2025-11-19 12:15:00",1441,12.76,"2025-11-19 12:00:30",11.01,9.93,325.5,457.1,-1.693,11.72,1.308,50.12
"2025-11-19 12:30:00",1442,12.8,"2025-11-19 12:27:00",11.21,9.95,325.8,457.3,-1.598,11.76,1.314,50.16
"2025-11-19 12:45:00",1443,12.78,"2025-11-19 12:44:40",11.42,9.97,326,457.3,-1.699,11.75,1.321,50.2
"2025-11-19 13:00:00",1444,12.75,"2025-11-19 12:59:00",11.43,9.98,326.3,457.5,-1.673,11.72,1.328,50.22
"2025-11-19 13:15:00",1445,12.7,"2025-11-19 13:02:10",11.41,10,326.5,457.7,-1.678,11.69,1.335,50.25
"2025-11-19 13:30:00",1446,12.7,"2025-11-19 13:28:50",11.28,10.01,326.8,457.9,-1.662,11.67,1.341,50.28
"2025-11-19 13:45:00",1447,12.68,"2025-11-19 13:35:00",11.2,10.02,327,458,-1.677,11.65,1.346,50.29
"2025-11-19 14:00:00",1448,12.72,"2025-11-19 13:54:50",11.26,10.04,327.3,458.3,-1.598,11.68,1.352,50.32
"2025-11-19 14:15:00",1449,12.72,"2025-11-19 14:15:00",11.42,10.05,327.6,458.5,-1.531,11.68,1.358,50.35
"2025-11-19 14:30:00",1450,12.7,"2025-11-19 14:25:00",11.42,10.06,327.9,458.7,-1.481,11.66,1.364,50.37
"2025-11-19 14:45:00",1451,12.67,"2025-11-19 14:43:00",11.35,"NAN","NAN","NAN","NAN","NAN",1.37,50.39
"2025-11-19 15:00:00",1452,12.66,"2025-11-19 14:57:00",11.19,"NAN","NAN","NAN","NAN","NAN",1.374,50.41
"2025-11-19 15:15:00",1453,12.63,"2025-11-19 15:14:50",11.1,10.1,328.7,459.5,-1.522,11.6,1.379,50.43
"2025-11-19 15:30:00",1454,12.61,"2025-11-19 15:23:00",11.01,10.11,329,459.7,-1.561,11.56,1.381,50.45
"2025-11-19 15:45:00",1455,12.58,"2025-11-19 15:42:50",10.95,10.12,329.3,460,-1.161,11.54,1.385,50.47
"2025-11-19 16:00:00",1456,12.57,"2025-11-19 15:51:00",10.81,10.13,329.6,460.4,-1.256,11.51,1.387,50.48
"2025-11-19 16:15:00",1457,12.56,"2025-11-19 16:11:00",10.64,10.14,329.9,460.7,-1.338,11.5,1.391,50.49
"2025-11-19 16:30:00",1458,12.54,"2025-11-19 16:28:50",10.55,10.14,330.2,461,-1.589,11.49,1.393,50.51
"2025-11-19 16:45:00",1459,12.53,"2025-11-19 16:39:00",10.48,10.15,330.5,461.4,-1.513,11.47,1.395,50.52
"2025-11-19 17:00:00",1460,12.51,"2025-11-19 16:58:40",10.41,10.16,330.8,461.7,-1.558,11.46,1.396,50.53
"2025-11-19 17:15:00",1461,12.48,"2025-11-19 17:02:10",10.33,10.16,331.1,462.1,-1.565,11.44,1.397,50.54
"2025-11-19 17:30:00",1462,12.49,"2025-11-19 17:29:00",10.23,10.17,331.4,462.5,-0.779,11.44,1.399,50.55
"2025-11-19 17:45:00",1463,12.49,"2025-11-19 17:40:40",10.1,10.17,331.8,462.9,-1.533,11.43,1.4,50.55
"2025-11-19 18:00:00",1464,12.49,"2025-11-19 17:47:00",9.99,10.18,332.1,463.3,-1.532,11.43,1.401,50.56
"2025-11-19 18:15:00",1465,12.48,"2025-11-19 18:01:00",9.85,10.18,332.4,463.6,-1.532,11.42,1.403,50.58
"2025-11-19 18:30:00",1466,12.48,"2025-11-19 18:20:50",9.75,10.19,332.7,464,-1.587,11.42,1.403,50.59
"2025-11-19 18:45:00",1467,12.48,"2025-11-19 18:35:00",9.66,10.19,333.1,464.4,-1.569,11.42,1.403,50.6
"2025-11-19 19:00:00",1468,12.48,"2025-11-19 18:46:50",9.57,10.2,333.4,464.8,-1.6,11.42,1.402,50.61
"2025-11-19 19:15:00",1469,12.47,"2025-11-19 19:02:10",9.5,10.21,333.8,465.2,-1.589,11.41,1.403,50.62
"2025-11-19 19:30:00",1470,12.47,"2025-11-19 19:23:00",9.43,10.21,334.1,465.6,-1.593,11.41,1.402,50.63
"2025-11-19 19:45:00",1471,12.47,"2025-11-19 19:31:00",9.35,10.22,334.5,466,-1.596,11.4,1.402,50.64
"2025-11-19 20:00:00",1472,12.44,"2025-11-19 19:57:20",9.29,10.22,334.8,466.4,-1.616,11.4,1.403,50.65
"2025-11-19 20:15:00",1473,12.47,"2025-11-19 20:00:50",9.25,10.23,335.1,466.8,-1.611,11.4,1.403,50.66
"2025-11-19 20:30:00",1474,12.47,"2025-11-19 20:16:50",9.23,10.23,335.4,467.2,-1.596,11.4,1.404,50.67
"2025-11-19 20:45:00",1475,12.47,"2025-11-19 20:30:40",9.2,10.24,335.8,467.7,-1.624,11.4,1.405,50.68
"2025-11-19 21:00:00",1476,12.47,"2025-11-19 20:46:40",9.17,10.25,336.1,468.1,-1.64,11.4,1.405,50.69
"2025-11-19 21:15:00",1477,12.46,"2025-11-19 21:00:50",9.14,10.25,336.5,468.5,-1.627,11.4,1.406,50.7
"2025-11-19 21:30:00",1478,12.46,"2025-11-19 21:18:50",9.12,10.25,336.8,468.9,-1.597,11.39,1.406,50.71
"2025-11-19 21:45:00",1479,12.46,"2025-11-19 21:37:00",9.1,10.26,337.2,469.3,-1.65,11.39,1.407,50.71
"2025-11-19 22:00:00",1480,12.46,"2025-11-19 21:57:00",9.1,10.26,337.5,469.8,-1.673,11.39,1.408,50.72
"2025-11-19 22:15:00",1481,12.46,"2025-11-19 22:01:00",9.1,10.27,337.9,470.2,-1.639,11.39,1.409,50.73
"2025-11-19 22:30:00",1482,12.46,"2025-11-19 22:16:50",9.09,10.27,338.3,470.7,-1.641,11.39,1.41,50.74
"2025-11-19 22:45:00",1483,12.46,"2025-11-19 22:30:30",9.08,10.27,338.6,471.1,-1.621,11.38,1.412,50.74
"2025-11-19 23:00:00",1484,12.45,"2025-11-19 22:59:00",9.08,10.28,338.9,471.5,-1.614,11.38,1.415,50.75
"2025-11-19 23:15:00",1485,12.45,"2025-11-19 23:02:10",9.08,10.28,339.3,471.9,-1.581,11.38,1.417,50.75
"2025-11-19 23:30:00",1486,12.44,"2025-11-19 23:23:00",9.07,10.28,339.6,472.4,-1.597,11.38,1.419,50.76
"2025-11-19 23:45:00",1487,12.44,"2025-11-19 23:43:00",9.06,10.29,340,472.8,-1.629,11.38,1.421,50.76
"2025-11-20 00:00:00",1488,12.44,"2025-11-19 23:51:00",9.06,10.29,340.3,473.2,-1.605,11.38,1.424,50.77
"2025-11-20 00:15:00",1489,12.44,"2025-11-20 00:07:00",9.06,10.29,340.6,473.7,-1.557,11.38,1.426,50.77
"2025-11-20 00:30:00",1490,12.44,"2025-11-20 00:23:00",9.06,10.29,340.9,474,-1.585,11.38,1.43,50.77
"2025-11-20 00:45:00",1491,12.44,"2025-11-20 00:30:50",9.06,10.29,341.2,474.4,-1.513,11.37,1.433,50.78
"2025-11-20 01:00:00",1492,12.44,"2025-11-20 00:51:00",9.03,10.29,341.4,474.8,-1.391,11.38,1.437,50.78
"2025-11-20 01:15:00",1493,12.44,"2025-11-20 01:00:50",9.02,10.29,341.7,475.2,-1.525,11.37,1.441,50.78
"2025-11-20 01:30:00",1494,12.44,"2025-11-20 01:16:50",9.01,10.29,341.9,475.5,-1.512,11.37,1.444,50.78
"2025-11-20 01:45:00",1495,12.43,"2025-11-20 01:33:00",9.01,10.29,342.1,475.8,-1.262,11.37,1.449,50.77
"2025-11-20 02:00:00",1496,12.43,"2025-11-20 01:49:00",8.99,10.29,342.3,476,-1.486,11.37,1.453,50.77
"2025-11-20 02:15:00",1497,12.43,"2025-11-20 02:07:00",8.99,10.29,342.5,476.3,-1.555,11.37,1.456,50.77
"2025-11-20 02:30:00",1498,12.43,"2025-11-20 02:16:50",8.99,10.29,342.6,476.5,-1.515,11.37,1.461,50.76
"2025-11-20 02:45:00",1499,12.43,"2025-11-20 02:30:30",8.99,10.29,342.7,476.7,-1.567,11.36,1.464,50.76
"2025-11-20 03:00:00",1500,12.43,"2025-11-20 02:46:30",8.99,10.28,342.8,476.8,-1.532,11.36,1.469,50.76
"2025-11-20 03:15:00",1501,12.42,"2025-11-20 03:02:10",8.99,10.28,342.9,477,-1.563,11.36,1.473,50.75
"2025-11-20 03:30:00",1502,12.43,"2025-11-20 03:17:00",9.01,10.28,342.9,477.1,-1.485,11.36,1.476,50.74
"2025-11-20 03:45:00",1503,12.42,"2025-11-20 03:45:00",9.01,10.27,342.9,477.1,-1.497,11.36,1.481,50.73
"2025-11-20 04:00:00",1504,12.42,"2025-11-20 03:55:00",9.01,10.27,342.9,477.2,-1.532,11.36,1.485,50.73
"2025-11-20 04:15:00",1505,12.42,"2025-11-20 04:03:00",9.01,10.26,342.9,477.3,-1.553,11.36,1.488,50.72
"2025-11-20 04:30:00",1506,12.42,"2025-11-20 04:16:50",9.01,10.26,342.9,477.3,-1.6,11.36,1.493,50.71
"2025-11-20 04:45:00",1507,12.42,"2025-11-20 04:30:40",9.01,10.25,342.9,477.3,-1.583,11.35,1.497,50.7
"2025-11-20 05:00:00",1508,12.39,"2025-11-20 04:57:10",9.01,10.25,342.8,477.3,-1.525,11.35,1.501,50.69
"2025-11-20 05:15:00",1509,12.42,"2025-11-20 05:11:00",9.01,10.24,342.7,477.3,-1.539,11.35,1.505,50.68
"2025-11-20 05:30:00",1510,12.42,"2025-11-20 05:28:50",8.99,10.24,342.6,477.2,-1.511,11.36,1.511,50.67
"2025-11-20 05:45:00",1511,12.42,"2025-11-20 05:38:40",9,10.23,342.5,477.2,-1.502,11.35,1.516,50.66
"2025-11-20 06:00:00",1512,12.41,"2025-11-20 05:51:00",9.01,10.22,342.4,477,-1.477,11.35,1.521,50.65
"2025-11-20 06:15:00",1513,12.41,"2025-11-20 06:11:00",9.01,10.22,342.2,476.9,-1.497,11.35,1.526,50.63
"2025-11-20 06:30:00",1514,12.41,"2025-11-20 06:17:00",9.01,10.21,342.1,476.8,-1.435,11.35,1.531,50.62
"2025-11-20 06:45:00",1515,12.39,"2025-11-20 06:43:20",9.01,10.2,341.8,476.5,-1.349,11.35,1.538,50.61
"2025-11-20 07:00:00",1516,12.37,"2025-11-20 06:54:30",9.01,10.19,341.6,476.3,-1.455,11.35,1.544,50.6
"2025-11-20 07:15:00",1517,12.4,"2025-11-20 07:15:00",9.01,10.19,341.4,476.1,-1.423,11.34,1.551,50.58
"2025-11-20 07:30:00",1518,12.4,"2025-11-20 07:23:00",9.01,10.18,341.1,475.8,-1.408,11.34,1.558,50.57
"2025-11-20 07:45:00",1519,12.41,"2025-11-20 07:31:00",9.01,10.17,340.9,475.5,-1.429,11.34,1.566,50.56
"2025-11-20 08:00:00",1520,12.41,"2025-11-20 07:55:00",9.01,10.17,340.5,475.2,-1.345,11.34,1.575,50.54
"2025-11-20 08:15:00",1521,12.41,"2025-11-20 08:03:00",9.04,10.16,340.3,474.9,-1.367,11.35,1.584,50.54
"2025-11-20 08:30:00",1522,12.41,"2025-11-20 08:17:00",9.1,10.16,340,474.6,-1.421,11.35,1.593,50.53
"2025-11-20 08:45:00",1523,12.41,"2025-11-20 08:31:00",9.17,10.15,339.7,474.1,-1.329,11.35,1.603,50.52
"2025-11-20 09:00:00",1524,12.42,"2025-11-20 08:46:40",9.24,10.15,339.4,473.8,-1.233,11.36,1.615,50.51
"2025-11-20 09:15:00",1525,12.42,"2025-11-20 09:00:40",9.31,10.15,339,473.3,-1.263,11.36,1.626,50.51
"2025-11-20 09:30:00",1526,12.43,"2025-11-20 09:16:40",9.41,10.14,338.8,473,-1.333,11.37,1.638,50.51
"2025-11-20 09:45:00",1527,12.45,"2025-11-20 09:36:50",9.54,10.14,338.5,472.5,-1.339,11.38,1.651,50.51
"2025-11-20 10:00:00",1528,12.46,"2025-11-20 09:55:00",9.7,10.15,338.2,472.1,-1.21,11.4,1.667,50.51
"2025-11-20 10:15:00",1529,12.46,"2025-11-20 10:10:50",9.87,10.15,337.8,471.7,-1.321,11.4,1.685,50.51
"2025-11-20 10:30:00",1530,12.46,"2025-11-20 10:16:40",10.03,10.15,337.6,471.2,-1.317,11.4,1.702,50.52
"2025-11-20 10:45:00",1531,12.46,"2025-11-20 10:35:00",10.2,10.15,337.3,470.9,-1.298,11.41,1.721,50.52
"2025-11-20 11:00:00",1532,12.48,"2025-11-20 10:46:50",10.37,10.15,337,470.4,-1.354,11.43,1.741,50.53
"2025-11-20 11:15:00",1533,12.51,"2025-11-20 11:02:20",10.52,10.16,336.8,470.1,-1.325,11.45,1.764,50.54
"2025-11-20 11:30:00",1534,12.52,"2025-11-20 11:17:00",10.62,10.17,336.6,469.6,-1.276,11.46,1.79,50.56
"2025-11-20 11:45:00",1535,12.53,"2025-11-20 11:39:00",10.7,10.18,336.3,469.2,-1.249,11.47,1.818,50.57
"2025-11-20 12:00:00",1536,12.53,"2025-11-20 11:59:00",10.75,10.18,336.1,468.8,-1.191,11.48,1.848,50.58
"2025-11-20 12:15:00",1537,12.52,"2025-11-20 12:02:10",10.81,10.19,335.9,468.4,-1.137,11.47,1.88,50.59
"2025-11-20 12:30:00",1538,12.53,"2025-11-20 12:20:50",10.82,10.2,335.8,468.1,-1.061,11.47,1.911,50.61
"2025-11-20 12:45:00",1539,12.53,"2025-11-20 12:30:40",10.83,10.2,335.6,467.8,-1.015,11.48,1.943,50.62
"2025-11-20 13:00:00",1540,12.57,"2025-11-20 12:46:50",10.94,10.22,335.5,467.5,-1.017,11.52,1.976,50.64
"2025-11-20 13:15:00",1541,12.55,"2025-11-20 13:14:50",10.99,10.22,335.3,467.2,-0.824,11.51,2.008,50.65
"2025-11-20 13:30:00",1542,12.54,"2025-11-20 13:16:40",10.98,10.23,335.2,466.9,-0.023,11.49,2.036,50.66
"2025-11-20 13:45:00",1543,12.52,"2025-11-20 13:42:30",10.95,10.23,335.1,466.7,-0.784,11.48,2.064,50.67
"2025-11-20 14:00:00",1544,12.53,"2025-11-20 13:46:40",10.87,10.24,335,466.5,-0.768,11.48,2.089,50.68
"2025-11-20 14:15:00",1545,12.49,"2025-11-20 14:13:00",10.87,10.25,334.9,466.4,-0.725,11.47,2.11,50.69
"2025-11-20 14:30:00",1546,12.49,"2025-11-20 14:16:40",10.82,10.25,334.9,466.2,-0.771,11.48,2.131,50.71
"2025-11-20 14:45:00",1547,12.59,"2025-11-20 14:44:40",10.99,10.26,334.9,466.1,-0.544,11.59,2.152,50.73
"2025-11-20 15:00:00",1548,12.55,"2025-11-20 14:59:00",11.06,10.27,334.9,466,-0.58,11.52,2.168,50.75
"2025-11-20 15:15:00",1549,12.5,"2025-11-20 15:14:50",11.02,10.28,334.9,465.8,-0.588,11.47,2.184,50.76
"2025-11-20 15:30:00",1550,12.5,"2025-11-20 15:16:50",10.95,10.29,334.9,465.8,-0.569,11.45,2.199,50.76
"2025-11-20 15:45:00",1551,12.47,"2025-11-20 15:45:00",10.98,10.29,334.9,465.7,-0.378,11.43,2.21,50.77
"2025-11-20 16:00:00",1552,12.47,"2025-11-20 15:56:50",11,10.3,334.8,465.5,-0.393,11.41,2.221,50.78
"2025-11-20 16:15:00",1553,12.45,"2025-11-20 16:12:50",10.99,10.3,334.7,465.3,-0.309,11.4,2.233,50.79
"2025-11-20 16:30:00",1554,12.44,"2025-11-20 16:29:00",10.97,10.3,334.5,465,-0.47,11.39,2.242,50.79
"2025-11-20 16:45:00",1555,12.42,"2025-11-20 16:44:50",10.93,10.3,334.2,464.7,-0.171,11.37,2.25,50.79
"2025-11-20 17:00:00",1556,12.41,"2025-11-20 16:57:00",10.86,10.3,333.9,464.2,-0.161,11.36,2.258,50.79
"2025-11-20 17:15:00",1557,12.41,"2025-11-20 17:15:00",10.77,10.3,333.5,463.7,-0.337,11.35,2.266,50.78
"2025-11-20 17:30:00",1558,12.41,"2025-11-20 17:24:50",10.67,10.29,333,463.1,-0.381,11.35,2.27,50.78
"2025-11-20 17:45:00",1559,12.41,"2025-11-20 17:30:40",10.59,10.29,332.5,462.4,-0.251,11.34,2.277,50.77
"2025-11-20 18:00:00",1560,12.4,"2025-11-20 17:52:50",10.49,10.28,331.9,461.7,-0.177,11.34,2.283,50.76
"2025-11-20 18:15:00",1561,12.4,"2025-11-20 18:02:10",10.41,10.28,331.2,460.8,-0.157,11.34,2.287,50.75
"2025-11-20 18:30:00",1562,12.4,"2025-11-20 18:25:00",10.37,10.27,330.6,460,-0.259,11.33,2.293,50.74
"2025-11-20 18:45:00",1563,12.4,"2025-11-20 18:30:50",10.34,10.27,329.9,459,-0.122,11.33,2.299,50.73
"2025-11-20 19:00:00",1564,12.39,"2025-11-20 18:48:50",10.33,10.26,329.3,458.3,-0.321,11.33,2.303,50.72
"2025-11-20 19:15:00",1565,12.39,"2025-11-20 19:03:00",10.33,10.26,328.5,457.3,0.013,11.33,2.308,50.71
"2025-11-20 19:30:00",1566,12.39,"2025-11-20 19:19:00",10.35,10.25,328,456.6,-0.186,11.33,2.311,50.7
"2025-11-20 19:45:00",1567,12.39,"2025-11-20 19:42:40",10.38,10.25,327.3,455.7,-0.164,11.33,2.316,50.7
"2025-11-20 20:00:00",1568,12.39,"2025-11-20 19:46:50",10.41,10.24,326.8,455.1,-0.275,11.33,2.32,50.69
"2025-11-20 20:15:00",1569,12.39,"2025-11-20 20:00:40",10.43,10.24,326.3,454.4,-0.152,11.33,2.323,50.68
"2025-11-20 20:30:00",1570,12.38,"2025-11-20 20:28:40",10.43,"NAN","NAN","NAN","NAN","NAN",2.327,50.67
"2025-11-20 20:45:00",1571,12.38,"2025-11-20 20:35:00",10.41,10.23,325.5,453.3,-0.201,11.32,2.329,50.67
"2025-11-20 21:00:00",1572,12.38,"2025-11-20 20:55:00",10.38,10.23,325.1,452.9,-0.239,11.32,2.331,50.66
"2025-11-20 21:15:00",1573,12.38,"2025-11-20 21:02:20",10.28,10.22,324.8,452.5,-0.172,11.32,2.333,50.65
"2025-11-20 21:30:00",1574,12.38,"2025-11-20 21:29:00",10.09,10.21,324.5,452.2,-0.145,11.32,2.335,50.64
"2025-11-20 21:45:00",1575,12.38,"2025-11-20 21:30:40",10.02,10.21,324.3,451.9,-0.117,11.31,2.336,50.63
"2025-11-20 22:00:00",1576,12.38,"2025-11-20 21:46:50",9.96,10.21,324.1,451.7,-0.215,11.31,2.338,50.62
"2025-11-20 22:15:00",1577,12.37,"2025-11-20 22:02:10",9.96,10.2,323.9,451.5,-0.147,11.31,2.337,50.62
"2025-11-20 22:30:00",1578,12.37,"2025-11-20 22:29:00",9.98,10.2,323.9,451.5,-0.116,11.31,2.338,50.62
"2025-11-20 22:45:00",1579,12.37,"2025-11-20 22:35:00",10.03,10.2,323.8,451.4,-0.143,11.31,2.338,50.61
"2025-11-20 23:00:00",1580,12.37,"2025-11-20 22:59:00",10.07,10.2,323.9,451.5,-0.122,11.31,2.337,50.61
"2025-11-20 23:15:00",1581,12.37,"2025-11-20 23:01:00",10.12,10.2,323.9,451.6,-0.117,11.3,2.338,50.61
"2025-11-20 23:30:00",1582,12.37,"2025-11-20 23:21:00",10.16,10.2,324,451.7,-0.101,11.3,2.336,50.61
"2025-11-20 23:45:00",1583,12.37,"2025-11-20 23:30:50",10.21,10.2,324.2,451.9,-0.061,11.3,2.335,50.61
"2025-11-21 00:00:00",1584,12.37,"2025-11-20 23:46:40",10.25,10.2,324.3,452.2,-0.093,11.3,2.333,50.61
"2025-11-21 00:15:00",1585,12.37,"2025-11-21 00:11:00",10.27,10.2,324.6,452.4,-0.065,11.3,2.332,50.61
"2025-11-21 00:30:00",1586,12.37,"2025-11-21 00:16:40",10.27,10.2,324.7,452.7,-0.078,11.3,2.331,50.62
"2025-11-21 00:45:00",1587,12.37,"2025-11-21 00:43:00",10.25,10.2,325,453.1,-0.091,11.3,2.328,50.61
"2025-11-21 01:00:00",1588,12.36,"2025-11-21 00:51:00",10.26,10.2,325.3,453.4,-0.096,11.3,2.325,50.61
"2025-11-21 01:15:00",1589,12.36,"2025-11-21 01:08:40",10.28,10.2,325.5,453.8,-0.089,11.3,2.324,50.62
"2025-11-21 01:30:00",1590,12.36,"2025-11-21 01:17:00",10.28,10.2,325.8,454.1,-0.082,11.29,2.322,50.62
"2025-11-21 01:45:00",1591,12.36,"2025-11-21 01:31:00",10.22,10.2,326,454.5,-0.018,11.29,2.318,50.61
"2025-11-21 02:00:00",1592,12.36,"2025-11-21 01:49:00",10.14,10.2,326.3,455,0.011,11.29,2.315,50.61
"2025-11-21 02:15:00",1593,12.36,"2025-11-21 02:01:00",9.96,10.19,326.6,455.3,0.068,11.29,2.313,50.6
"2025-11-21 02:30:00",1594,12.35,"2025-11-21 02:26:50",9.72,10.19,326.8,455.7,-0.193,11.29,2.31,50.59
"2025-11-21 02:45:00",1595,12.35,"2025-11-21 02:30:50",9.52,10.18,327,456,-0.096,11.29,2.306,50.58
"2025-11-21 03:00:00",1596,12.35,"2025-11-21 02:50:50",9.42,10.18,327.2,456.4,0.055,11.28,2.304,50.57
"2025-11-21 03:15:00",1597,12.35,"2025-11-21 03:14:50",9.41,10.18,327.4,456.7,-0.085,11.28,2.3,50.57
"2025-11-21 03:30:00",1598,12.35,"2025-11-21 03:29:00",9.45,10.18,327.7,457.1,0.036,11.28,2.296,50.57
"2025-11-21 03:45:00",1599,12.35,"2025-11-21 03:30:40",9.52,10.17,327.9,457.4,-0.062,11.28,2.293,50.57
"2025-11-21 04:00:00",1600,12.35,"2025-11-21 03:46:50",9.59,10.18,328.1,457.7,-0.07,11.28,2.291,50.57
"2025-11-21 04:15:00",1601,12.35,"2025-11-21 04:00:40",9.66,10.18,328.4,458,-0.059,11.28,2.286,50.57
"2025-11-21 04:30:00",1602,12.33,"2025-11-21 04:29:40",9.74,10.18,328.6,458.3,-0.142,11.27,2.283,50.57
"2025-11-21 04:45:00",1603,12.34,"2025-11-21 04:39:00",9.82,10.18,328.8,458.6,-0.031,11.27,2.281,50.57
"2025-11-21 05:00:00",1604,12.34,"2025-11-21 04:59:00",9.87,10.18,329,458.9,-0.207,11.27,2.278,50.57
"2025-11-21 05:15:00",1605,12.34,"2025-11-21 05:05:00",9.92,10.18,329.1,459.1,-0.196,11.27,2.275,50.58
"2025-11-21 05:30:00",1606,12.34,"2025-11-21 05:23:00",9.97,10.18,329.3,459.3,-0.112,11.27,2.272,50.58
"2025-11-21 05:45:00",1607,12.33,"2025-11-21 05:39:00",9.98,10.18,329.4,459.5,-0.06,11.27,2.269,50.57
"2025-11-21 06:00:00",1608,12.33,"2025-11-21 05:46:50",10.02,10.18,329.6,459.7,-0.124,11.27,2.265,50.57
"2025-11-21 06:15:00",1609,12.33,"2025-11-21 06:01:00",10.06,10.18,329.7,459.9,-0.096,11.27,2.261,50.57
"2025-11-21 06:30:00",1610,12.33,"2025-11-21 06:16:40",10.11,10.18,329.8,460,-0.089,11.27,2.258,50.57
"2025-11-21 06:45:00",1611,12.33,"2025-11-21 06:30:40",10.15,10.18,329.8,460.1,-0.167,11.27,2.257,50.57
"2025-11-21 07:00:00",1612,12.33,"2025-11-21 06:53:00",10.17,10.18,329.9,460.1,-0.226,11.27,2.254,50.57
"2025-11-21 07:15:00",1613,12.32,"2025-11-21 07:13:00",10.18,10.17,329.9,460.2,-0.188,11.26,2.25,50.57
"2025-11-21 07:30:00",1614,12.33,"2025-11-21 07:28:30",10.2,10.17,330,460.3,-0.148,11.26,2.246,50.56
"2025-11-21 07:45:00",1615,12.33,"2025-11-21 07:30:50",10.24,10.17,330,460.4,-0.123,11.26,2.243,50.56
"2025-11-21 08:00:00",1616,12.32,"2025-11-21 07:46:40",10.31,10.17,330.1,460.5,-0.212,11.26,2.24,50.56
"2025-11-21 08:15:00",1617,12.32,"2025-11-21 08:01:00",10.38,10.17,330.1,460.6,-0.239,11.26,2.237,50.56
"2025-11-21 08:30:00",1618,12.33,"2025-11-21 08:16:40",10.45,10.17,330.1,460.6,-0.235,11.26,2.234,50.56
"2025-11-21 08:45:00",1619,12.33,"2025-11-21 08:38:50",10.55,10.17,330.1,460.6,-0.281,11.26,2.231,50.56
"2025-11-21 09:00:00",1620,12.33,"2025-11-21 08:46:40",10.67,10.17,330,460.4,-0.231,11.28,2.228,50.56
"2025-11-21 09:15:00",1621,12.36,"2025-11-21 09:13:00",10.93,10.18,330.2,460.5,-0.214,11.31,2.223,50.57
"2025-11-21 09:30:00",1622,12.35,"2025-11-21 09:29:00",11.17,10.18,330.3,460.6,-0.223,11.3,2.22,50.58
"2025-11-21 09:45:00",1623,12.36,"2025-11-21 09:30:50",11.38,10.19,330.4,460.7,-0.213,11.3,2.217,50.6
"2025-11-21 10:00:00",1624,12.36,"2025-11-21 09:53:00",11.6,10.2,330.5,460.8,-0.369,11.3,2.213,50.61
"2025-11-21 10:15:00",1625,12.36,"2025-11-21 10:01:00",11.75,10.21,330.5,460.7,-0.387,11.31,2.209,50.62
"2025-11-21 10:30:00",1626,12.38,"2025-11-21 10:17:00",11.92,10.22,330.7,460.8,-0.393,11.32,2.206,50.64
"2025-11-21 10:45:00",1627,12.39,"2025-11-21 10:30:50",12.13,10.23,330.9,460.9,-0.399,11.34,2.203,50.66
"2025-11-21 11:00:00",1628,12.39,"2025-11-21 10:56:50",12.38,10.24,331,460.9,-0.399,11.34,2.2,50.69
"2025-11-21 11:15:00",1629,12.4,"2025-11-21 11:01:00",12.57,10.25,331.2,461,-0.517,11.34,2.196,50.71
"2025-11-21 11:30:00",1630,12.41,"2025-11-21 11:24:50",12.73,10.27,331.3,461.1,-0.513,11.36,2.193,50.73
"2025-11-21 11:45:00",1631,12.41,"2025-11-21 11:30:30",12.9,"NAN","NAN","NAN","NAN","NAN",2.19,50.76
"2025-11-21 12:00:00",1632,12.43,"2025-11-21 11:46:40",13.16,10.3,331.7,461.2,-0.43,11.38,2.187,50.78
"2025-11-21 12:15:00",1633,12.44,"2025-11-21 12:15:00",13.37,10.31,331.9,461.3,-0.537,11.4,2.182,50.82
"2025-11-21 12:30:00",1634,12.43,"2025-11-21 12:16:40",13.45,10.33,332.1,461.4,-0.499,11.38,2.179,50.85
"2025-11-21 12:45:00",1635,12.43,"2025-11-21 12:30:50",13.58,10.35,332.3,461.5,-0.55,11.38,2.177,50.87
"2025-11-21 13:00:00",1636,12.42,"2025-11-21 12:59:00",13.72,10.36,332.5,461.6,-0.546,11.37,2.173,50.9
"2025-11-21 13:15:00",1637,12.41,"2025-11-21 13:09:00",13.75,10.37,332.7,461.7,-0.478,11.36,2.17,50.92
"2025-11-21 13:30:00",1638,12.42,"2025-11-21 13:29:00",13.83,10.39,333,461.9,-0.481,11.38,2.167,50.95
"2025-11-21 13:45:00",1639,12.41,"2025-11-21 13:30:40",13.94,10.4,333.2,462,-0.543,11.37,2.165,50.98
"2025-11-21 14:00:00",1640,12.39,"2025-11-21 13:54:50",14.08,10.42,333.3,462,-0.458,11.35,2.163,51.01
"2025-11-21 14:15:00",1641,12.39,"2025-11-21 14:00:50",14.14,10.43,333.5,462,-0.601,11.35,2.161,51.03
"2025-11-21 14:30:00",1642,12.38,"2025-11-21 14:20:30",14.24,10.45,333.5,461.9,-0.591,11.34,2.16,51.05
"2025-11-21 14:45:00",1643,12.39,"2025-11-21 14:41:00",14.35,10.46,333.6,461.8,-0.523,11.35,2.159,51.08
"2025-11-21 15:00:00",1644,12.37,"2025-11-21 14:59:00",14.41,10.47,333.7,461.8,-0.519,11.33,2.158,51.1
"2025-11-21 15:15:00",1645,12.37,"2025-11-21 15:00:40",14.45,10.49,333.7,461.7,-0.565,11.35,2.157,51.13
"2025-11-21 15:30:00",1646,12.43,"2025-11-21 15:20:30",14.74,10.51,333.9,461.7,-0.526,11.4,2.154,51.17
"2025-11-21 15:45:00",1647,12.43,"2025-11-21 15:30:50",14.92,10.53,334.2,461.8,-0.645,11.39,2.152,51.2
"2025-11-21 16:00:00",1648,12.42,"2025-11-21 15:52:50",15.06,10.54,334.5,462,-0.603,11.37,2.148,51.23
"2025-11-21 16:15:00",1649,12.38,"2025-11-21 16:15:00",15.12,10.56,334.7,462.2,-0.585,11.36,2.145,51.26
"2025-11-21 16:30:00",1650,12.36,"2025-11-21 16:26:50",15.05,10.57,334.9,462.3,-0.601,11.32,2.142,51.28
"2025-11-21 16:45:00",1651,12.35,"2025-11-21 16:40:40",14.95,10.59,335.2,462.5,-0.565,11.3,2.139,51.3
"2025-11-21 17:00:00",1652,12.34,"2025-11-21 16:52:40",14.85,10.6,335.4,462.7,-0.601,11.29,2.135,51.32
"2025-11-21 17:15:00",1653,12.33,"2025-11-21 17:02:20",14.74,10.61,335.6,462.9,-0.569,11.28,2.133,51.34
"2025-11-21 17:30:00",1654,12.33,"2025-11-21 17:19:00",14.65,10.62,335.9,463.1,-0.619,11.28,2.129,51.36
"2025-11-21 17:45:00",1655,12.33,"2025-11-21 17:45:00",14.54,10.63,336.1,463.2,-0.579,11.28,2.127,51.38
"2025-11-21 18:00:00",1656,12.33,"2025-11-21 17:48:30",14.45,10.64,336.3,463.4,-0.535,11.28,2.124,51.39
"2025-11-21 18:15:00",1657,12.33,"2025-11-21 18:07:00",14.38,10.65,336.5,463.7,-0.443,11.27,2.121,51.41
"2025-11-21 18:30:00",1658,12.33,"2025-11-21 18:28:40",14.32,10.65,336.8,463.9,-0.098,11.27,2.119,51.42
"2025-11-21 18:45:00",1659,12.33,"2025-11-21 18:40:50",14.29,10.66,336.9,464,-0.492,11.27,2.116,51.44
"2025-11-21 19:00:00",1660,12.33,"2025-11-21 18:51:00",14.25,10.67,337.2,464.2,-0.377,11.27,2.113,51.46
"2025-11-21 19:15:00",1661,12.32,"2025-11-21 19:02:20",14.19,10.68,337.4,464.4,-0.479,11.27,2.111,51.48
"2025-11-21 19:30:00",1662,12.32,"2025-11-21 19:16:30",14.14,10.69,337.6,464.5,-0.225,11.27,2.108,51.49
"2025-11-21 19:45:00",1663,12.32,"2025-11-21 19:30:40",14.09,10.7,337.6,464.5,-0.523,11.26,2.108,51.51
"2025-11-21 20:00:00",1664,12.32,"2025-11-21 19:59:00",14.03,10.71,337.7,464.5,-0.517,11.27,2.106,51.53
"2025-11-21 20:15:00",1665,12.32,"2025-11-21 20:02:20",13.98,10.72,337.9,464.6,-0.536,11.26,2.103,51.55
"2025-11-21 20:30:00",1666,12.31,"2025-11-21 20:26:40",13.94,10.73,338.1,464.8,-0.615,11.26,2.1,51.56
"2025-11-21 20:45:00",1667,12.31,"2025-11-21 20:43:00",13.94,10.74,338.3,465,-0.6,11.26,2.098,51.58
"2025-11-21 21:00:00",1668,12.32,"2025-11-21 20:56:30",13.91,"NAN","NAN","NAN","NAN","NAN",2.096,51.59
"2025-11-21 21:15:00",1669,12.31,"2025-11-21 21:02:30",13.89,10.75,338.7,465.3,-0.621,11.25,2.093,51.61
"2025-11-21 21:30:00",1670,12.31,"2025-11-21 21:18:50",13.86,10.76,338.9,465.5,-0.541,11.25,2.09,51.62
"2025-11-21 21:45:00",1671,12.31,"2025-11-21 21:30:40",13.83,10.77,339,465.6,-0.554,11.25,2.087,51.63
"2025-11-21 22:00:00",1672,12.31,"2025-11-21 21:51:00",13.81,10.78,339.2,465.7,-0.63,11.25,2.085,51.65
"2025-11-21 22:15:00",1673,12.31,"2025-11-21 22:12:40",13.8,10.78,339.3,465.8,-0.657,11.25,2.083,51.66
"2025-11-21 22:30:00",1674,12.3,"2025-11-21 22:18:40",13.8,10.79,339.5,465.9,-0.423,11.25,2.081,51.67
"2025-11-21 22:45:00",1675,12.3,"2025-11-21 22:34:40",13.8,10.8,339.6,465.9,-0.561,11.25,2.08,51.69
"2025-11-21 23:00:00",1676,12.3,"2025-11-21 22:57:00",13.81,10.81,338.9,464.8,-0.573,11.25,2.092,51.72
"2025-11-21 23:15:00",1677,12.3,"2025-11-21 23:05:00",13.88,10.83,338.4,464,-0.542,11.25,2.096,51.74
"2025-11-21 23:30:00",1678,12.3,"2025-11-21 23:16:50",13.92,10.84,338.4,463.8,-0.57,11.24,2.096,51.75
"2025-11-21 23:45:00",1679,12.3,"2025-11-21 23:44:30",13.88,10.84,338.6,464.1,-0.443,11.24,2.094,51.76
"2025-11-22 00:00:00",1680,12.3,"2025-11-21 23:50:30",13.87,10.85,338.6,464.1,-0.49,11.24,2.09,51.77
"2025-11-22 00:15:00",1681,12.3,"2025-11-22 00:00:30",13.88,10.85,338.6,464,-0.594,11.24,2.088,51.78
"2025-11-22 00:30:00",1682,12.3,"2025-11-22 00:22:30",13.89,10.86,338.8,464.1,-0.603,11.24,2.085,51.79
"2025-11-22 00:45:00",1683,12.3,"2025-11-22 00:31:00",13.86,10.86,338.9,464.3,-0.607,11.24,2.084,51.8
"2025-11-22 01:00:00",1684,12.3,"2025-11-22 00:49:00",13.85,10.87,339,464.3,-0.519,11.24,2.083,51.81
"2025-11-22 01:15:00",1685,12.29,"2025-11-22 01:07:00",13.84,10.88,339.1,464.4,-0.584,11.23,2.082,51.82
"2025-11-22 01:30:00",1686,12.29,"2025-11-22 01:29:00",13.86,10.88,339.2,464.4,-0.644,11.23,2.082,51.83
"2025-11-22 01:45:00",1687,12.29,"2025-11-22 01:30:50",13.84,10.88,339.3,464.5,-0.567,11.23,2.082,51.84
"2025-11-22 02:00:00",1688,12.29,"2025-11-22 01:46:50",13.82,10.89,339.5,464.7,-0.542,11.23,2.08,51.84
"2025-11-22 02:15:00",1689,12.28,"2025-11-22 02:03:00",13.83,10.89,339.7,465,-0.625,11.23,2.08,51.85
"2025-11-22 02:30:00",1690,12.29,"2025-11-22 02:16:30",13.91,10.9,339.8,465.2,-0.715,11.23,2.08,51.86
"2025-11-22 02:45:00",1691,12.28,"2025-11-22 02:35:00",14.05,10.9,340,465.3,-0.579,11.23,2.078,51.87
"2025-11-22 03:00:00",1692,12.28,"2025-11-22 02:47:00",14.09,10.91,340.1,465.3,-0.617,11.23,2.076,51.89
"2025-11-22 03:15:00",1693,12.28,"2025-11-22 03:02:20",13.93,"NAN","NAN","NAN","NAN","NAN",2.075,51.9
"2025-11-22 03:30:00",1694,12.28,"2025-11-22 03:19:00",13.67,10.92,340.2,465.3,-0.519,11.22,2.074,51.91
"2025-11-22 03:45:00",1695,12.28,"2025-11-22 03:44:50",13.34,10.93,340.1,465.1,-0.525,11.22,2.074,51.91
"2025-11-22 04:00:00",1696,12.28,"2025-11-22 03:56:40",12.99,10.93,340.1,465.1,-0.565,11.21,2.072,51.92
"2025-11-22 04:15:00",1697,12.27,"2025-11-22 04:02:20",12.58,10.93,340.1,465.1,-0.555,11.22,2.07,51.92
"2025-11-22 04:30:00",1698,12.27,"2025-11-22 04:24:50",12.24,10.93,340,464.9,-0.455,11.21,2.069,51.92
"2025-11-22 04:45:00",1699,12.27,"2025-11-22 04:35:00",11.96,10.93,339.9,464.8,-0.584,11.21,2.067,51.92
"2025-11-22 05:00:00",1700,12.27,"2025-11-22 04:48:50",11.74,10.93,339.8,464.7,-0.56,11.21,2.066,51.92
"2025-11-22 05:15:00",1701,12.27,"2025-11-22 05:02:20",11.52,10.93,340,464.9,-0.535,11.21,2.066,51.92
"2025-11-22 05:30:00",1702,12.27,"2025-11-22 05:17:00",11.31,10.93,339.8,464.7,-0.555,11.2,2.066,51.91
"2025-11-22 05:45:00",1703,12.26,"2025-11-22 05:39:00",11.16,10.92,339.7,464.6,-0.513,11.2,2.065,51.9
"2025-11-22 06:00:00",1704,12.26,"2025-11-22 05:48:50",11.04,10.92,339.7,464.6,-0.245,11.2,2.063,51.9
"2025-11-22 06:15:00",1705,12.26,"2025-11-22 06:02:20",10.97,10.92,339.6,464.6,-0.401,11.19,2.064,51.9
"2025-11-22 06:30:00",1706,12.26,"2025-11-22 06:18:30",10.9,10.92,339.6,464.6,-0.427,11.19,2.063,51.89
"2025-11-22 06:45:00",1707,12.26,"2025-11-22 06:44:40",10.83,10.92,339.6,464.5,-0.451,11.19,2.064,51.89
"2025-11-22 07:00:00",1708,12.26,"2025-11-22 06:46:50",10.78,10.91,339.6,464.5,-0.422,11.19,2.063,51.89
"2025-11-22 07:15:00",1709,12.25,"2025-11-22 07:02:20",10.71,10.91,339.6,464.6,-0.395,11.19,2.062,51.89
"2025-11-22 07:30:00",1710,12.25,"2025-11-22 07:29:00",10.65,10.91,339.5,464.5,-0.163,11.19,2.062,51.88
"2025-11-22 07:45:00",1711,12.25,"2025-11-22 07:30:50",10.55,10.91,339.6,464.7,-0.482,11.18,2.063,51.88
"2025-11-22 08:00:00",1712,12.25,"2025-11-22 07:46:50",10.43,10.9,339.6,464.7,-0.441,11.19,2.063,51.87
"2025-11-22 08:15:00",1713,12.26,"2025-11-22 08:01:00",10.43,10.9,339.6,464.7,-0.483,11.19,2.064,51.87
"2025-11-22 08:30:00",1714,12.28,"2025-11-22 08:23:00",10.45,10.91,339.6,464.7,-0.452,11.21,2.064,51.87
"2025-11-22 08:45:00",1715,12.28,"2025-11-22 08:34:30",10.59,10.91,339.6,464.7,-0.445,11.22,2.064,51.88
"2025-11-22 09:00:00",1716,12.28,"2025-11-22 08:47:00",10.78,10.91,339.6,464.7,-0.461,11.23,2.065,51.89
"2025-11-22 09:15:00",1717,12.32,"2025-11-22 09:01:00",11,10.92,339.7,464.6,-0.43,11.27,2.065,51.9
"2025-11-22 09:30:00",1718,12.38,"2025-11-22 09:18:40",11.28,10.93,339.8,464.6,-0.513,11.33,2.066,51.92
"2025-11-22 09:45:00",1719,12.44,"2025-11-22 09:31:00",11.6,10.95,339.8,464.5,-0.439,11.41,2.068,51.94
"2025-11-22 10:00:00",1720,12.48,"2025-11-22 09:48:50",11.89,"NAN","NAN","NAN","NAN","NAN",2.069,51.97
"2025-11-22 10:15:00",1721,12.49,"2025-11-22 10:00:40",12.2,"NAN","NAN","NAN","NAN","NAN",2.069,51.99
"2025-11-22 10:30:00",1722,12.49,"2025-11-22 10:23:00",12.4,10.99,340.2,464.5,-0.539,11.45,2.07,52.02
"2025-11-22 10:45:00",1723,12.51,"2025-11-22 10:32:50",12.49,11,340.3,464.5,-0.549,11.47,2.071,52.05
"2025-11-22 11:00:00",1724,12.59,"2025-11-22 10:59:00",12.77,11.02,340.4,464.4,-0.542,11.55,2.073,52.08
"2025-11-22 11:15:00",1725,12.6,"2025-11-22 11:02:30",13.11,11.04,340.6,464.5,-0.576,11.55,2.075,52.12
"2025-11-22 11:30:00",1726,12.62,"2025-11-22 11:19:00",13.45,11.06,340.8,464.5,-0.592,11.58,2.076,52.16
"2025-11-22 11:45:00",1727,12.62,"2025-11-22 11:30:10",13.75,11.08,341,464.5,-0.539,11.58,2.077,52.19
"2025-11-22 12:00:00",1728,12.65,"2025-11-22 11:46:50",13.97,11.1,341.2,464.5,-0.613,11.61,2.08,52.22
"2025-11-22 12:15:00",1729,12.65,"2025-11-22 12:11:00",14.34,11.12,341.4,464.5,-0.58,11.62,2.082,52.26
"2025-11-22 12:30:00",1730,12.66,"2025-11-22 12:16:50",14.69,11.14,341.6,464.5,-0.613,11.63,2.084,52.3
"2025-11-22 12:45:00",1731,12.7,"2025-11-22 12:30:20",14.94,11.17,341.7,464.4,-0.623,11.67,2.086,52.35
"2025-11-22 13:00:00",1732,12.76,"2025-11-22 12:46:20",15.2,11.19,341.9,464.4,-0.611,11.73,2.087,52.4
"2025-11-22 13:15:00",1733,12.75,"2025-11-22 13:14:50",15.56,11.23,342.2,464.3,-0.617,11.73,2.088,52.46
"2025-11-22 13:30:00",1734,12.75,"2025-11-22 13:16:50",15.7,11.26,342.4,464.2,-0.635,11.73,2.09,52.5
"2025-11-22 13:45:00",1735,12.75,"2025-11-22 13:38:50",15.66,11.27,342.5,464.2,-0.621,11.73,2.091,52.53
"2025-11-22 14:00:00",1736,12.73,"2025-11-22 13:58:40",15.29,11.29,342.7,464.2,-0.671,11.71,2.093,52.58
"2025-11-22 14:15:00",1737,12.71,"2025-11-22 14:13:00",15.21,11.35,343.1,464.1,-0.6,11.68,2.096,52.67
"2025-11-22 14:30:00",1738,12.72,"2025-11-22 14:17:00",15.06,11.39,343.4,464.1,-0.613,11.68,2.098,52.75
"2025-11-22 14:45:00",1739,12.72,"2025-11-22 14:44:50",15.09,11.42,343.6,464,-0.586,11.8,2.099,52.8
"2025-11-22 15:00:00",1740,12.68,"2025-11-22 14:59:00",15.23,11.44,343.8,464,-0.603,11.67,2.102,52.84
"2025-11-22 15:15:00",1741,12.68,"2025-11-22 15:02:40",15.32,11.47,344.1,464,-0.639,11.65,2.104,52.88
"2025-11-22 15:30:00",1742,12.79,"2025-11-22 15:28:50",15.83,11.48,344.2,464,-0.596,11.85,2.105,52.91
"2025-11-22 15:45:00",1743,12.72,"2025-11-22 15:38:50",16.45,11.49,344.3,464.1,-0.659,11.77,2.107,52.93
"2025-11-22 16:00:00",1744,12.71,"2025-11-22 15:47:00",16.58,11.5,344.5,464.1,-0.662,11.68,2.11,52.95
"2025-11-22 16:15:00",1745,12.65,"2025-11-22 16:14:50",16.45,"NAN","NAN","NAN","NAN","NAN",2.111,52.98
"2025-11-22 16:30:00",1746,12.6,"2025-11-22 16:29:00",15.81,"NAN","NAN","NAN","NAN","NAN",2.112,53
"2025-11-22 16:45:00",1747,12.57,"2025-11-22 16:42:30",15.06,11.53,344.8,464.3,-0.613,11.54,2.115,53
"2025-11-22 17:00:00",1748,12.54,"2025-11-22 16:58:30",14.26,11.52,344.9,464.5,-0.522,11.51,2.117,52.97
"2025-11-22 17:15:00",1749,12.53,"2025-11-22 17:13:00",13.43,11.5,344.9,464.7,-0.579,11.49,2.12,52.94
"2025-11-22 17:30:00",1750,12.51,"2025-11-22 17:27:00",12.62,11.48,344.9,465,-0.613,11.46,2.123,52.89
"2025-11-22 17:45:00",1751,12.49,"2025-11-22 17:38:30",11.86,11.45,344.8,465.3,-0.555,11.44,2.126,52.84
"2025-11-22 18:00:00",1752,12.49,"2025-11-22 17:53:00",11.16,11.42,344.8,465.6,-0.563,11.43,2.129,52.79
"2025-11-22 18:15:00",1753,12.48,"2025-11-22 18:02:30",10.54,11.39,344.8,465.9,-0.498,11.42,2.132,52.74
"2025-11-22 18:30:00",1754,12.47,"2025-11-22 18:18:30",10,11.37,344.8,466.1,-0.49,11.41,2.135,52.71
"2025-11-22 18:45:00",1755,12.46,"2025-11-22 18:44:40",9.51,11.36,344.8,466.3,-0.474,11.4,2.138,52.68
"2025-11-22 19:00:00",1756,12.46,"2025-11-22 18:59:00",9.11,11.34,344.8,466.5,-0.522,11.39,2.141,52.66
"2025-11-22 19:15:00",1757,12.41,"2025-11-22 19:02:20",8.75,11.33,344.9,466.7,-0.387,11.38,2.144,52.63
"2025-11-22 19:30:00",1758,12.44,"2025-11-22 19:28:50",8.44,11.32,344.9,466.9,-0.183,11.37,2.146,52.61
"2025-11-22 19:45:00",1759,12.43,"2025-11-22 19:44:30",8.15,"NAN","NAN","NAN","NAN","NAN",2.15,52.59
"2025-11-22 20:00:00",1760,12.43,"2025-11-22 19:58:40",7.838,"NAN","NAN","NAN","NAN","NAN",2.154,52.58
"2025-11-22 20:15:00",1761,12.42,"2025-11-22 20:00:40",7.539,11.28,344.9,467.4,-0.408,11.35,2.156,52.55
"2025-11-22 20:30:00",1762,12.41,"2025-11-22 20:29:00",7.257,11.27,344.8,467.5,-0.469,11.35,2.159,52.52
"2025-11-22 20:45:00",1763,12.41,"2025-11-22 20:40:40",6.962,11.25,344.8,467.6,-0.283,11.34,2.161,52.48
"2025-11-22 21:00:00",1764,12.4,"2025-11-22 20:59:00",6.65,11.22,344.6,467.7,-0.416,11.33,2.164,52.44
"2025-11-22 21:15:00",1765,12.4,"2025-11-22 21:15:00",6.38,11.19,344.5,467.8,-0.35,11.32,2.166,52.38
"2025-11-22 21:30:00",1766,12.39,"2025-11-22 21:25:00",6.114,11.16,344.3,468,-0.371,11.32,2.169,52.32
"2025-11-22 21:45:00",1767,12.39,"2025-11-22 21:30:50",5.861,11.12,344.1,468.1,-0.356,11.31,2.172,52.26
"2025-11-22 22:00:00",1768,12.38,"2025-11-22 21:57:00",5.618,11.09,343.8,468.2,-0.288,11.31,2.174,52.2
"2025-11-22 22:15:00",1769,12.38,"2025-11-22 22:00:40",5.402,11.06,343.6,468.3,-0.291,11.3,2.176,52.14
"2025-11-22 22:30:00",1770,12.37,"2025-11-22 22:29:00",5.245,11.03,343.4,468.3,-0.281,11.29,2.178,52.09
"2025-11-22 22:45:00",1771,12.37,"2025-11-22 22:30:50",5.111,11,343.2,468.4,-0.32,11.29,2.181,52.04
"2025-11-22 23:00:00",1772,12.34,"2025-11-22 22:53:50",4.914,10.97,342.9,468.4,-0.213,11.28,2.183,51.99
"2025-11-22 23:15:00",1773,12.35,"2025-11-22 23:02:20",4.733,10.95,342.7,468.4,-0.267,11.28,2.186,51.95
"2025-11-22 23:30:00",1774,12.35,"2025-11-22 23:21:00",4.62,10.93,342.4,468.3,-0.327,11.27,2.189,51.91
"2025-11-22 23:45:00",1775,12.35,"2025-11-22 23:30:50",4.551,10.91,342.2,468.2,-0.242,11.27,2.19,51.87
"2025-11-23 00:00:00",1776,12.34,"2025-11-22 23:51:00",4.53,10.89,342,468.2,-0.243,11.26,2.192,51.84
"2025-11-23 00:15:00",1777,12.33,"2025-11-23 00:11:00",4.489,10.86,341.7,468.1,-0.219,11.25,2.195,51.8
"2025-11-23 00:30:00",1778,12.33,"2025-11-23 00:23:00",4.451,10.85,341.4,467.9,-0.207,11.25,2.197,51.76
"2025-11-23 00:45:00",1779,12.32,"2025-11-23 00:40:40",4.451,10.83,341.2,467.8,-0.242,11.24,2.2,51.73
"2025-11-23 01:00:00",1780,12.31,"2025-11-23 00:47:00",4.435,10.81,340.9,467.7,-0.238,11.23,2.201,51.69
"2025-11-23 01:15:00",1781,12.31,"2025-11-23 01:02:20",4.383,10.79,340.6,467.5,-0.09,11.23,2.204,51.66
"2025-11-23 01:30:00",1782,12.3,"2025-11-23 01:21:00",4.365,10.77,340.3,467.3,-0.155,11.22,2.207,51.63
"2025-11-23 01:45:00",1783,12.29,"2025-11-23 01:43:00",4.334,10.75,340,467.2,-0.139,11.21,2.209,51.59
"2025-11-23 02:00:00",1784,12.29,"2025-11-23 01:47:00",4.276,10.73,339.7,467,-0.175,11.21,2.211,51.56
"2025-11-23 02:15:00",1785,12.29,"2025-11-23 02:02:30",4.231,10.71,339.4,466.8,-0.127,11.21,2.214,51.53
"2025-11-23 02:30:00",1786,12.28,"2025-11-23 02:18:50",4.184,10.69,339.1,466.6,-0.155,11.2,2.217,51.49
"2025-11-23 02:45:00",1787,12.28,"2025-11-23 02:37:00",4.131,10.67,338.8,466.4,-0.027,11.19,2.219,51.45
"2025-11-23 03:00:00",1788,12.27,"2025-11-23 02:51:00",4.122,10.65,338.5,466.2,-0.022,11.19,2.222,51.42
"2025-11-23 03:15:00",1789,12.26,"2025-11-23 03:02:20",4.051,10.63,338.1,466,-0.065,11.19,2.225,51.38
"2025-11-23 03:30:00",1790,12.26,"2025-11-23 03:25:00",3.979,10.61,337.8,465.9,-0.081,11.18,2.227,51.34
"2025-11-23 03:45:00",1791,12.26,"2025-11-23 03:30:40",3.925,10.59,337.5,465.7,-0.147,11.18,2.23,51.31
"2025-11-23 04:00:00",1792,12.25,"2025-11-23 03:55:00",3.872,10.57,337.2,465.5,-0.011,11.17,2.233,51.28
"2025-11-23 04:15:00",1793,12.25,"2025-11-23 04:02:30",3.811,10.56,336.9,465.3,-0.131,11.17,2.237,51.25
"2025-11-23 04:30:00",1794,12.24,"2025-11-23 04:27:00",3.745,10.54,336.6,465.1,0.039,11.16,2.24,51.21
"2025-11-23 04:45:00",1795,12.24,"2025-11-23 04:30:50",3.648,10.52,336.3,464.8,0.025,11.16,2.243,51.18
"2025-11-23 05:00:00",1796,12.24,"2025-11-23 04:57:00",3.462,"NAN","NAN","NAN","NAN","NAN",2.247,51.15
"2025-11-23 05:15:00",1797,12.23,"2025-11-23 05:02:20",3.225,10.48,335.6,464.4,-0.009,11.15,2.249,51.11
"2025-11-23 05:30:00",1798,12.23,"2025-11-23 05:17:00",3,10.46,335.3,464.2,0.022,11.14,2.251,51.08
"2025-11-23 05:45:00",1799,12.23,"2025-11-23 05:45:00",2.783,10.44,335,464,0.049,11.14,2.255,51.04
"2025-11-23 06:00:00",1800,12.23,"2025-11-23 05:47:00",2.594,10.43,334.7,463.8,0.061,11.14,2.259,51.01
"2025-11-23 06:15:00",1801,12.22,"2025-11-23 06:15:00",2.537,10.41,334.4,463.6,0.161,11.14,2.261,50.99
"2025-11-23 06:30:00",1802,12.22,"2025-11-23 06:16:40",2.504,10.39,334.1,463.4,0.098,11.13,2.265,50.95
"2025-11-23 06:45:00",1803,12.21,"2025-11-23 06:45:00",2.441,10.37,333.8,463.2,0.217,11.13,2.269,50.92
"2025-11-23 07:00:00",1804,12.21,"2025-11-23 06:46:50",2.438,10.36,333.5,463,0.135,11.13,2.272,50.88
"2025-11-23 07:15:00",1805,12.21,"2025-11-23 07:10:50",2.451,10.34,333.2,462.8,0.085,11.13,2.275,50.85
"2025-11-23 07:30:00",1806,12.21,"2025-11-23 07:18:50",2.458,10.32,332.9,462.6,0.132,11.12,2.279,50.82
"2025-11-23 07:45:00",1807,12.21,"2025-11-23 07:30:20",2.505,10.31,332.7,462.4,0.08,11.12,2.282,50.8
"2025-11-23 08:00:00",1808,12.21,"2025-11-23 07:46:50",2.549,10.29,332.3,462.2,0.167,11.13,2.286,50.77
"2025-11-23 08:15:00",1809,12.22,"2025-11-23 08:03:00",2.627,10.28,332,461.9,0.068,11.14,2.29,50.75
"2025-11-23 08:30:00",1810,12.25,"2025-11-23 08:16:40",2.786,10.27,331.8,461.7,0.125,11.17,2.293,50.73
"2025-11-23 08:45:00",1811,12.28,"2025-11-23 08:30:20",3.06,10.26,331.5,461.4,0.134,11.21,2.297,50.71
"2025-11-23 09:00:00",1812,12.35,"2025-11-23 08:46:50",3.436,10.25,331.2,461.2,0.095,11.28,2.302,50.7
"2025-11-23 09:15:00",1813,12.43,"2025-11-23 09:00:50",3.865,10.25,331,460.8,0.086,11.39,2.306,50.69
"2025-11-23 09:30:00",1814,12.62,"2025-11-23 09:16:40",4.506,10.25,330.8,460.5,-0.014,11.58,2.311,50.71
"2025-11-23 09:45:00",1815,12.71,"2025-11-23 09:30:50",5.323,10.26,330.6,460.2,0.073,11.66,2.315,50.72
"2025-11-23 10:00:00",1816,12.79,"2025-11-23 09:45:10",6.065,10.27,330.4,459.8,0.009,11.74,2.319,50.73
"2025-11-23 10:15:00",1817,12.87,"2025-11-23 10:07:00",6.647,10.28,330.3,459.5,-0.03,11.87,2.325,50.75
"2025-11-23 10:30:00",1818,12.97,"2025-11-23 10:16:50",7.193,10.3,330.2,459.1,0.095,12.04,2.33,50.79
"2025-11-23 10:45:00",1819,13.16,"2025-11-23 10:35:00",8.09,10.34,330.2,458.6,0.357,12.62,2.336,50.86
"2025-11-23 11:00:00",1820,13.38,"2025-11-23 10:47:00",9.31,10.39,330.3,458.2,1.234,13,2.342,50.94
"2025-11-23 11:15:00",1821,13.21,"2025-11-23 11:06:20",10.73,10.43,330.4,457.8,-0.029,12.53,2.348,51.01
"2025-11-23 11:30:00",1822,13.11,"2025-11-23 11:26:50",11.87,10.46,330.4,457.4,-0.025,12.7,2.354,51.09
"2025-11-23 11:45:00",1823,13.46,"2025-11-23 11:33:00",12.51,10.51,330.5,457,0.116,12.65,2.358,51.16
"2025-11-23 12:00:00",1824,14.31,"2025-11-23 11:58:10",13.35,10.57,330.7,456.6,0.053,13.37,2.363,51.28
"2025-11-23 12:15:00",1825,13.24,"2025-11-23 12:14:40",14.22,10.62,330.9,456.2,-0.052,13,2.369,51.36
"2025-11-23 12:30:00",1826,13.14,"2025-11-23 12:20:20",14.57,10.67,331,455.8,0.016,12.34,2.376,51.45
"2025-11-23 12:45:00",1827,13.01,"2025-11-23 12:39:00",14.38,10.71,331.1,455.5,0.051,12.26,2.382,51.52
"2025-11-23 13:00:00",1828,13.07,"2025-11-23 12:50:50",13.85,10.72,331,455.2,-0.078,12.15,2.388,51.55
"2025-11-23 13:15:00",1829,13.04,"2025-11-23 13:13:00",13.56,10.76,331.2,454.9,-0.063,12.12,2.395,51.64
"2025-11-23 13:30:00",1830,12.99,"2025-11-23 13:28:50",13.4,10.83,331.4,454.4,0.051,12.02,2.401,51.75
"2025-11-23 13:45:00",1831,12.96,"2025-11-23 13:41:00",13.19,10.88,331.6,454.1,0.031,11.94,2.408,51.84
"2025-11-23 14:00:00",1832,12.94,"2025-11-23 13:57:00",13.28,10.92,331.7,453.8,0.035,11.92,2.415,51.9
"2025-11-23 14:15:00",1833,12.93,"2025-11-23 14:02:40",13.41,10.96,331.8,453.4,-0.04,11.91,2.423,51.98
"2025-11-23 14:30:00",1834,12.94,"2025-11-23 14:19:00",13.3,11,331.9,453.1,0.093,11.93,2.43,52.05
"2025-11-23 14:45:00",1835,12.96,"2025-11-23 14:45:00",13.21,11.03,332,452.7,0.204,12.13,2.436,52.11
"2025-11-23 15:00:00",1836,12.92,"2025-11-23 14:58:20",13.18,11.06,332,452.5,0.105,11.92,2.443,52.17
"2025-11-23 15:15:00",1837,12.91,"2025-11-23 15:07:00",13.08,11.09,332,452.2,0.102,11.89,2.45,52.21
"2025-11-23 15:30:00",1838,13.17,"2025-11-23 15:16:50",13.18,11.11,332,451.9,0.401,12.16,2.457,52.24
"2025-11-23 15:45:00",1839,12.89,"2025-11-23 15:44:40",13.45,11.11,331.9,451.8,0.639,12.08,2.464,52.25
"2025-11-23 16:00:00",1840,12.83,"2025-11-23 15:58:40",13.42,11.11,331.8,451.6,0.178,11.83,2.47,52.25
"2025-11-23 16:15:00",1841,12.79,"2025-11-23 16:15:00",13.11,11.11,331.7,451.5,0.097,11.78,2.475,52.24
"2025-11-23 16:30:00",1842,12.76,"2025-11-23 16:29:00",12.65,11.09,331.5,451.4,0.151,11.73,2.482,52.21
"2025-11-23 16:45:00",1843,12.74,"2025-11-23 16:43:00",12.17,11.08,331.4,451.4,0.133,11.7,2.488,52.19
"2025-11-23 17:00:00",1844,12.72,"2025-11-23 16:54:50",11.64,11.06,331.2,451.4,-0.073,11.68,2.494,52.16
"2025-11-23 17:15:00",1845,12.67,"2025-11-23 17:14:10",11.06,11.04,331,451.4,0.044,11.66,2.499,52.12
"2025-11-23 17:30:00",1846,12.68,"2025-11-23 17:28:40",10.5,11.02,330.9,451.4,0.1,11.64,2.504,52.07
"2025-11-23 17:45:00",1847,12.67,"2025-11-23 17:45:00",9.93,10.99,330.6,451.4,0.682,11.62,2.509,52.02
"2025-11-23 18:00:00",1848,12.67,"2025-11-23 17:55:00",9.38,10.96,330.4,451.5,1.161,11.61,2.513,51.98
"2025-11-23 18:15:00",1849,12.65,"2025-11-23 18:11:00",8.88,10.94,330.2,451.4,0.705,11.6,2.515,51.93
"2025-11-23 18:30:00",1850,12.65,"2025-11-23 18:29:00",8.42,10.91,328.4,449.3,0.357,11.59,2.518,51.89
"2025-11-23 18:45:00",1851,12.64,"2025-11-23 18:43:00",8.01,10.89,329.8,451.5,0.278,11.58,2.523,51.84
"2025-11-23 19:00:00",1852,12.63,"2025-11-23 18:59:00",7.646,10.86,329.6,451.5,0.271,11.57,2.526,51.79
"2025-11-23 19:15:00",1853,12.63,"2025-11-23 19:04:50",7.321,10.84,329.3,451.5,0.345,11.57,2.53,51.75
"2025-11-23 19:30:00",1854,12.62,"2025-11-23 19:28:50",6.993,10.81,329.1,451.5,0.281,11.56,2.533,51.69
"2025-11-23 19:45:00",1855,12.62,"2025-11-23 19:44:50",6.679,10.78,328.9,451.5,0.577,11.55,2.536,51.64
"2025-11-23 20:00:00",1856,12.61,"2025-11-23 19:55:00",6.383,10.75,328.6,451.5,0.289,11.55,2.538,51.59
"2025-11-23 20:15:00",1857,12.61,"2025-11-23 20:08:30",6.08,"NAN","NAN","NAN","NAN","NAN",2.541,51.54
"2025-11-23 20:30:00",1858,12.6,"2025-11-23 20:24:30",5.789,10.69,328.1,451.5,0.387,11.53,2.545,51.48
"2025-11-23 20:45:00",1859,12.6,"2025-11-23 20:40:30",5.601,10.66,327.8,451.5,0.409,11.53,2.546,51.44
"2025-11-23 21:00:00",1860,12.59,"2025-11-23 20:59:00",5.673,10.64,327.6,451.4,0.356,11.52,2.549,51.4
"2025-11-23 21:15:00",1861,12.58,"2025-11-23 21:02:40",5.838,10.62,327.5,451.5,0.331,11.52,2.55,51.37
"2025-11-23 21:30:00",1862,12.58,"2025-11-23 21:27:00",6.022,10.61,327.3,451.4,0.295,11.51,2.552,51.34
"2025-11-23 21:45:00",1863,12.58,"2025-11-23 21:30:40",6.186,10.6,327.3,451.5,0.355,11.51,2.554,51.32
"2025-11-23 22:00:00",1864,12.58,"2025-11-23 21:56:50",6.354,10.59,327.1,451.4,0.306,11.51,2.556,51.3
"2025-11-23 22:15:00",1865,12.57,"2025-11-23 22:11:00",6.505,10.58,327.1,451.4,0.348,11.51,2.557,51.28
"2025-11-23 22:30:00",1866,12.57,"2025-11-23 22:20:40",6.64,10.57,327,451.4,0.331,11.5,2.558,51.27
"2025-11-23 22:45:00",1867,12.57,"2025-11-23 22:43:00",6.761,10.56,326.9,451.4,0.369,11.5,2.559,51.26
"2025-11-23 23:00:00",1868,12.56,"2025-11-23 22:58:20",6.875,10.55,326.8,451.4,0.359,11.5,2.56,51.24
"2025-11-23 23:15:00",1869,12.56,"2025-11-23 23:02:10",6.982,10.54,326.8,451.4,0.488,11.5,2.56,51.23
"2025-11-23 23:30:00",1870,12.56,"2025-11-23 23:19:00",7.07,10.54,326.8,451.5,0.413,11.49,2.562,51.21
"2025-11-23 23:45:00",1871,12.56,"2025-11-23 23:34:50",7.158,10.53,326.7,451.5,0.477,11.49,2.562,51.2
"2025-11-24 00:00:00",1872,12.56,"2025-11-23 23:58:40",7.237,10.52,326.7,451.6,0.488,11.49,2.561,51.18
"2025-11-24 00:15:00",1873,12.56,"2025-11-24 00:00:50",7.316,10.51,326.6,451.6,1.454,11.49,2.561,51.16
"2025-11-24 00:30:00",1874,12.55,"2025-11-24 00:25:00",7.389,10.5,326.6,451.7,0.373,11.49,2.561,51.14
"2025-11-24 00:45:00",1875,12.54,"2025-11-24 00:33:00",7.466,10.48,326.6,451.8,0.463,11.48,2.56,51.12
"2025-11-24 01:00:00",1876,12.54,"2025-11-24 00:57:00",7.545,10.48,326.6,451.9,0.34,11.48,2.56,51.1
"2025-11-24 01:15:00",1877,12.51,"2025-11-24 01:02:20",7.626,10.46,326.6,452.1,0.615,11.48,2.56,51.09
"2025-11-24 01:30:00",1878,12.54,"2025-11-24 01:23:00",7.694,10.46,326.6,452.2,0.476,11.47,2.56,51.07
"2025-11-24 01:45:00",1879,12.54,"2025-11-24 01:36:50",7.717,10.45,326.6,452.3,0.501,11.47,2.558,51.05
"2025-11-24 02:00:00",1880,12.54,"2025-11-24 01:51:00",7.706,10.44,326.6,452.4,0.497,11.47,2.558,51.04
"2025-11-24 02:15:00",1881,12.53,"2025-11-24 02:11:00",7.69,10.43,326.6,452.5,0.465,11.47,2.556,51.02
"2025-11-24 02:30:00",1882,12.53,"2025-11-24 02:24:10",7.654,10.42,326.6,452.7,0.441,11.47,2.556,51
"2025-11-24 02:45:00",1883,12.53,"2025-11-24 02:43:00",7.595,10.41,326.7,452.9,0.429,11.46,2.553,50.99
"2025-11-24 03:00:00",1884,12.52,"2025-11-24 02:54:50",7.516,10.4,326.7,453,0.536,11.46,2.552,50.98
"2025-11-24 03:15:00",1885,12.52,"2025-11-24 03:02:40",7.456,10.4,326.8,453.1,0.621,11.46,2.551,50.97
"2025-11-24 03:30:00",1886,12.52,"2025-11-24 03:18:40",7.418,10.39,326.8,453.3,0.413,11.46,2.548,50.96
"2025-11-24 03:45:00",1887,12.52,"2025-11-24 03:36:50",7.368,10.39,326.9,453.5,0.535,11.45,2.546,50.95
"2025-11-24 04:00:00",1888,12.52,"2025-11-24 03:56:30",7.356,10.39,327,453.7,0.498,11.45,2.543,50.95
"2025-11-24 04:15:00",1889,12.52,"2025-11-24 04:07:00",7.356,10.38,327.2,453.9,0.619,11.45,2.541,50.94
"2025-11-24 04:30:00",1890,12.51,"2025-11-24 04:29:00",7.341,10.38,327.3,454,0.566,11.44,2.539,50.94
"2025-11-24 04:45:00",1891,12.51,"2025-11-24 04:35:00",7.322,10.38,327.4,454.2,0.553,11.44,2.536,50.94
"2025-11-24 05:00:00",1892,12.51,"2025-11-24 04:59:00",7.3,10.38,327.5,454.4,0.399,11.44,2.534,50.94
"2025-11-24 05:15:00",1893,12.51,"2025-11-24 05:15:00",7.273,10.38,327.6,454.5,0.43,11.44,2.532,50.94
"2025-11-24 05:30:00",1894,12.49,"2025-11-24 05:29:50",7.248,10.38,327.7,454.6,0.47,11.43,2.53,50.94
"2025-11-24 05:45:00",1895,12.5,"2025-11-24 05:36:50",7.226,10.38,327.8,454.8,0.512,11.43,2.526,50.94
"2025-11-24 06:00:00",1896,12.5,"2025-11-24 05:57:00",7.199,10.38,327.9,454.9,0.549,11.43,2.525,50.94
"2025-11-24 06:15:00",1897,12.5,"2025-11-24 06:02:10",7.18,10.39,328,455.1,0.462,11.42,2.521,50.95
"2025-11-24 06:30:00",1898,12.5,"2025-11-24 06:22:50",7.18,10.39,328.1,455.2,0.499,11.42,2.519,50.95
"2025-11-24 06:45:00",1899,12.49,"2025-11-24 06:37:00",7.184,10.39,328.2,455.3,0.468,11.42,2.515,50.95
"2025-11-24 07:00:00",1900,12.49,"2025-11-24 06:59:00",7.212,10.39,328.3,455.4,0.507,11.42,2.512,50.95
"2025-11-24 07:15:00",1901,12.48,"2025-11-24 07:08:50",7.249,10.39,328.4,455.5,0.396,11.42,2.51,50.96
"2025-11-24 07:30:00",1902,12.48,"2025-11-24 07:21:00",7.3,10.4,328.5,455.5,0.524,11.42,2.507,50.96
"2025-11-24 07:45:00",1903,12.48,"2025-11-24 07:39:00",7.366,10.4,328.5,455.6,0.521,11.41,2.503,50.97
"2025-11-24 08:00:00",1904,12.48,"2025-11-24 07:51:00",7.425,10.4,328.5,455.6,0.426,11.41,2.5,50.97
"2025-11-24 08:15:00",1905,12.48,"2025-11-24 08:02:20",7.492,10.4,328.6,455.6,0.7,11.41,2.497,50.97
"2025-11-24 08:30:00",1906,12.49,"2025-11-24 08:23:00",7.59,10.41,328.6,455.6,0.613,11.42,2.494,50.98
"2025-11-24 08:45:00",1907,12.49,"2025-11-24 08:30:50",7.741,10.41,328.6,455.6,0.621,11.43,2.491,50.99
"2025-11-24 09:00:00",1908,12.51,"2025-11-24 08:49:00",7.932,10.42,328.7,455.5,0.476,11.44,2.488,51.01
"2025-11-24 09:15:00",1909,12.52,"2025-11-24 09:02:10",8.17,10.43,328.7,455.4,0.485,11.46,2.485,51.02
"2025-11-24 09:30:00",1910,12.54,"2025-11-24 09:16:50",8.49,10.44,328.7,455.3,0.191,11.48,2.482,51.04
"2025-11-24 09:45:00",1911,12.55,"2025-11-24 09:31:00",8.82,10.45,328.7,455.2,0.283,11.49,2.478,51.07
"2025-11-24 10:00:00",1912,12.56,"2025-11-24 09:56:50",9.12,10.47,328.7,455,0.141,11.5,2.475,51.09
"2025-11-24 10:15:00",1913,12.57,"2025-11-24 10:01:00",9.35,"NAN","NAN","NAN","NAN","NAN",2.472,51.12
"2025-11-24 10:30:00",1914,12.58,"2025-11-24 10:17:00",9.58,10.5,328.7,454.6,0.085,11.53,2.47,51.15
"2025-11-24 10:45:00",1915,12.64,"2025-11-24 10:30:30",9.9,10.52,328.7,454.4,-0.052,11.58,2.466,51.18
"2025-11-24 11:00:00",1916,12.68,"2025-11-24 10:50:40",10.35,10.54,328.7,454.2,0.039,11.63,2.463,51.22
"2025-11-24 11:15:00",1917,12.69,"2025-11-24 11:01:00",10.72,10.56,328.7,453.8,0.061,11.64,2.459,51.26
"2025-11-24 11:30:00",1918,12.73,"2025-11-24 11:22:50",11.16,10.59,328.7,453.6,0.161,11.69,2.456,51.31
"2025-11-24 11:45:00",1919,12.72,"2025-11-24 11:39:00",11.55,10.61,328.8,453.3,0.073,11.68,2.452,51.36
"2025-11-24 12:00:00",1920,12.73,"2025-11-24 11:46:40",11.73,10.64,328.7,452.9,0.022,11.69,2.448,51.4
"2025-11-24 12:15:00",1921,12.79,"2025-11-24 12:00:20",12.05,10.67,328.7,452.6,0.007,11.81,2.446,51.46
"2025-11-24 12:30:00",1922,12.96,"2025-11-24 12:28:20",12.77,10.71,328.7,452.2,-0.049,11.96,2.443,51.53
"2025-11-24 12:45:00",1923,12.99,"2025-11-24 12:30:30",13.31,10.75,328.8,451.8,-0.033,11.99,2.439,51.6
"2025-11-24 13:00:00",1924,12.87,"2025-11-24 12:59:00",13.7,10.78,328.8,451.4,0.127,11.91,2.436,51.66
"2025-11-24 13:15:00",1925,12.8,"2025-11-24 13:14:50",13.92,10.81,328.8,451.1,0.072,11.8,2.432,51.7
"2025-11-24 13:30:00",1926,12.79,"2025-11-24 13:17:00",13.81,"NAN","NAN","NAN","NAN","NAN",2.428,51.74
"2025-11-24 13:45:00",1927,12.79,"2025-11-24 13:44:50",13.74,10.85,328.7,450.4,-0.106,11.81,2.425,51.78
"2025-11-24 14:00:00",1928,12.76,"2025-11-24 13:49:00",13.59,10.86,328.5,450.1,-0.013,11.74,2.422,51.81
"2025-11-24 14:15:00",1929,12.76,"2025-11-24 14:06:50",13.28,10.88,328.5,449.8,-0.204,11.73,2.418,51.83
"2025-11-24 14:30:00",1930,12.85,"2025-11-24 14:15:10",13.25,10.9,328.4,449.5,-0.079,11.83,2.415,51.86
"2025-11-24 14:45:00",1931,12.85,"2025-11-24 14:45:00",13.65,10.92,328.4,449.2,-0.095,11.9,2.412,51.9
"2025-11-24 15:00:00",1932,12.79,"2025-11-24 14:56:50",13.91,10.94,328.3,448.8,-0.099,11.79,2.41,51.94
"2025-11-24 15:15:00",1933,12.82,"2025-11-24 15:00:30",13.94,10.95,328.2,448.5,-0.155,11.81,2.406,51.96
"2025-11-24 15:30:00",1934,12.78,"2025-11-24 15:29:00",14.1,10.97,328.1,448.2,-0.14,11.8,2.404,51.99
"2025-11-24 15:45:00",1935,12.78,"2025-11-24 15:31:00",14.1,10.98,328,447.9,-0.063,11.74,2.4,52.01
"2025-11-24 16:00:00",1936,12.76,"2025-11-24 15:59:00",14.16,10.99,328,447.7,-0.208,11.75,2.397,52.04
"2025-11-24 16:15:00",1937,12.69,"2025-11-24 16:14:50",14.19,11.01,327.9,447.5,-0.241,11.69,2.394,52.06
"2025-11-24 16:30:00",1938,12.65,"2025-11-24 16:27:00",14.05,11.02,327.8,447.3,-0.186,11.64,2.39,52.08
"2025-11-24 16:45:00",1939,12.63,"2025-11-24 16:42:40",13.81,11.03,327.8,447.1,-0.133,11.6,2.388,52.1
"2025-11-24 17:00:00",1940,12.62,"2025-11-24 16:54:50",13.5,11.03,327.7,447,-0.136,11.58,2.384,52.11
"2025-11-24 17:15:00",1941,12.59,"2025-11-24 17:14:30",13.18,11.04,327.7,446.9,-0.251,11.56,2.381,52.12
"2025-11-24 17:30:00",1942,12.58,"2025-11-24 17:23:00",12.84,11.04,327.7,446.8,-0.125,11.53,2.378,52.12
"2025-11-24 17:45:00",1943,12.57,"2025-11-24 17:41:00",12.5,11.04,327.6,446.7,-0.163,11.52,2.375,52.12
"2025-11-24 18:00:00",1944,12.57,"2025-11-24 17:58:20",12.18,11.04,327.6,446.7,-0.163,11.51,2.374,52.13
"2025-11-24 18:15:00",1945,12.55,"2025-11-24 18:11:00",11.89,11.05,327.6,446.6,-0.126,11.5,2.371,52.13
"2025-11-24 18:30:00",1946,12.54,"2025-11-24 18:29:00",11.66,11.05,327.5,446.5,-0.114,11.5,2.368,52.13
"2025-11-24 18:45:00",1947,12.54,"2025-11-24 18:45:00",11.53,11.05,327.5,446.5,-0.047,11.48,2.365,52.13
"2025-11-24 19:00:00",1948,12.53,"2025-11-24 18:46:30",11.41,11.05,327.5,446.5,-0.117,11.48,2.36,52.13
"2025-11-24 19:15:00",1949,12.53,"2025-11-24 19:02:20",11.42,11.05,327.5,446.4,0.051,11.47,2.358,52.13
"2025-11-24 19:30:00",1950,12.52,"2025-11-24 19:25:00",11.39,11.05,327.4,446.4,-0.074,11.47,2.355,52.13
"2025-11-24 19:45:00",1951,12.52,"2025-11-24 19:45:00",11.43,11.05,327.4,446.3,-0.065,11.46,2.353,52.13
"2025-11-24 20:00:00",1952,12.51,"2025-11-24 19:55:00",11.44,11.05,327.4,446.3,-0.182,11.46,2.35,52.13
"2025-11-24 20:15:00",1953,12.51,"2025-11-24 20:02:10",11.39,11.05,327.3,446.3,-0.147,11.45,2.348,52.13
"2025-11-24 20:30:00",1954,12.5,"2025-11-24 20:18:40",11.31,11.05,327.3,446.3,-0.132,11.45,2.344,52.13
"2025-11-24 20:45:00",1955,12.47,"2025-11-24 20:44:30",11.26,11.05,327.3,446.2,-0.028,11.44,2.341,52.13
"2025-11-24 21:00:00",1956,12.49,"2025-11-24 20:57:00",11.22,11.05,327.3,446.2,-0.137,11.44,2.338,52.13
"2025-11-24 21:15:00",1957,12.49,"2025-11-24 21:02:10",11.11,11.05,327.2,446.1,-0.207,11.43,2.336,52.13
"2025-11-24 21:30:00",1958,12.49,"2025-11-24 21:24:50",11,11.05,327.1,445.9,-0.161,11.43,2.335,52.13
"2025-11-24 21:45:00",1959,12.48,"2025-11-24 21:38:50",10.9,11.05,326.9,445.8,-0.077,11.42,2.333,52.13
"2025-11-24 22:00:00",1960,12.48,"2025-11-24 21:47:00",10.82,11.04,327,445.8,-0.155,11.43,2.33,52.12
"2025-11-24 22:15:00",1961,12.44,"2025-11-24 22:02:10",10.77,11.04,327,445.8,-0.225,11.42,2.327,52.12
"2025-11-24 22:30:00",1962,12.48,"2025-11-24 22:26:30",10.73,11.04,326.9,445.8,-0.156,11.42,2.325,52.11
"2025-11-24 22:45:00",1963,12.48,"2025-11-24 22:30:30",10.71,11.04,326.9,445.8,-0.113,11.41,2.321,52.11
"2025-11-24 23:00:00",1964,12.48,"2025-11-24 22:46:20",10.7,"NAN","NAN","NAN","NAN","NAN",2.318,52.1
"2025-11-24 23:15:00",1965,12.47,"2025-11-24 23:02:10",10.69,11.03,326.9,445.9,-0.213,11.41,2.315,52.09
"2025-11-24 23:30:00",1966,12.47,"2025-11-24 23:24:30",10.66,11.02,326.9,445.9,-0.155,11.41,2.311,52.08
"2025-11-24 23:45:00",1967,12.47,"2025-11-24 23:31:00",10.64,11.02,326.9,445.9,-0.212,11.4,2.31,52.08
"2025-11-25 00:00:00",1968,12.46,"2025-11-24 23:56:40",10.65,11.02,326.8,446,-0.103,11.4,2.307,52.07
"2025-11-25 00:15:00",1969,12.47,"2025-11-25 00:02:30",10.65,11.01,326.8,446,-0.199,11.4,2.305,52.07
"2025-11-25 00:30:00",1970,12.46,"2025-11-25 00:24:30",10.67,11.01,326.8,446,-0.076,11.4,2.302,52.06
"2025-11-25 00:45:00",1971,12.46,"2025-11-25 00:45:00",10.7,11,326.8,446,-0.099,11.39,2.299,52.05
"2025-11-25 01:00:00",1972,12.46,"2025-11-25 00:47:00",10.7,11,326.8,446.1,-0.167,11.39,2.296,52.05
"2025-11-25 01:15:00",1973,12.45,"2025-11-25 01:02:10",10.7,11,326.8,446.1,-0.115,11.39,2.294,52.04
"2025-11-25 01:30:00",1974,12.45,"2025-11-25 01:29:00",10.71,10.99,326.7,446.1,-0.169,11.39,2.292,52.03
"2025-11-25 01:45:00",1975,12.45,"2025-11-25 01:43:00",10.73,10.99,326.6,446,-0.127,11.38,2.291,52.02
"2025-11-25 02:00:00",1976,12.44,"2025-11-25 01:59:00",10.75,10.98,326.5,445.8,-0.142,11.39,2.292,52.02
"2025-11-25 02:15:00",1977,12.44,"2025-11-25 02:15:00",10.78,10.98,326.2,445.4,-0.091,11.38,2.294,52.01
"2025-11-25 02:30:00",1978,12.44,"2025-11-25 02:24:40",10.8,10.98,325.7,444.8,-0.064,11.38,2.301,52
"2025-11-25 02:45:00",1979,12.44,"2025-11-25 02:44:50",10.83,10.97,324.9,443.8,-0.047,11.38,2.308,52
"2025-11-25 03:00:00",1980,12.44,"2025-11-25 02:47:00",10.85,10.97,324.3,443,-0.039,11.38,2.309,51.99
"2025-11-25 03:15:00",1981,12.43,"2025-11-25 03:09:00",10.88,10.97,324.2,442.9,0.166,11.38,2.308,51.98
"2025-11-25 03:30:00",1982,12.43,"2025-11-25 03:17:00",10.9,10.96,324.3,443,-0.01,11.37,2.306,51.98
"2025-11-25 03:45:00",1983,12.43,"2025-11-25 03:30:50",10.93,10.96,324.3,443.2,0.32,11.37,2.303,51.97
"2025-11-25 04:00:00",1984,12.43,"2025-11-25 03:46:40",10.93,10.96,324.4,443.4,0.121,11.37,2.3,51.97
"2025-11-25 04:15:00",1985,12.43,"2025-11-25 04:02:10",10.95,10.95,324.5,443.5,0.049,11.37,2.298,51.96
"2025-11-25 04:30:00",1986,12.42,"2025-11-25 04:29:00",10.96,10.95,324.4,443.4,0.011,11.36,2.299,51.96
"2025-11-25 04:45:00",1987,12.42,"2025-11-25 04:43:00",10.97,10.95,324.2,443.1,0.154,11.36,2.3,51.95
"2025-11-25 05:00:00",1988,12.42,"2025-11-25 04:56:50",10.99,10.95,323.8,442.7,0.015,11.36,2.304,51.95
"2025-11-25 05:15:00",1989,12.42,"2025-11-25 05:08:40",11.01,10.94,323.5,442.3,-0.017,11.36,2.306,51.94
"2025-11-25 05:30:00",1990,12.42,"2025-11-25 05:24:40",11.02,10.94,323.5,442.2,0.957,11.36,2.305,51.94
"2025-11-25 05:45:00",1991,12.42,"2025-11-25 05:40:40",11.02,"NAN","NAN","NAN","NAN","NAN",2.304,51.94
"2025-11-25 06:00:00",1992,12.41,"2025-11-25 05:54:30",11.02,"NAN","NAN","NAN","NAN","NAN",2.302,51.93
"2025-11-25 06:15:00",1993,12.41,"2025-11-25 06:04:30",11.02,10.94,323.8,442.7,0.287,11.35,2.3,51.93
"2025-11-25 06:30:00",1994,12.41,"2025-11-25 06:19:00",11.03,10.93,323.8,442.8,0.124,11.35,2.3,51.93
"2025-11-25 06:45:00",1995,12.41,"2025-11-25 06:40:50",11.04,10.93,323.6,442.5,0.197,11.34,2.302,51.92
"2025-11-25 07:00:00",1996,12.4,"2025-11-25 06:55:00",11.05,10.93,323.6,442.5,0.199,11.34,2.301,51.92
"2025-11-25 07:15:00",1997,12.4,"2025-11-25 07:06:50",11.06,10.93,323.6,442.6,0.084,11.34,2.3,51.92
"2025-11-25 07:30:00",1998,12.39,"2025-11-25 07:21:00",11.06,10.93,323.7,442.7,0.016,11.34,2.3,51.92
"2025-11-25 07:45:00",1999,12.39,"2025-11-25 07:44:30",11.08,10.93,323.7,442.6,0.165,11.33,2.3,51.92
"2025-11-25 08:00:00",2000,12.39,"2025-11-25 07:57:00",11.09,10.93,323.6,442.6,0.098,11.33,2.302,51.92
"2025-11-25 08:15:00",2001,12.39,"2025-11-25 08:00:50",11.11,10.93,323.7,442.6,0.118,11.33,2.304,51.92
"2025-11-25 08:30:00",2002,12.39,"2025-11-25 08:16:50",11.14,10.93,323.6,442.5,0.121,11.33,2.308,51.92
"2025-11-25 08:45:00",2003,12.39,"2025-11-25 08:43:00",11.17,10.93,323.4,442.2,0.119,11.33,2.315,51.92
"2025-11-25 09:00:00",2004,12.38,"2025-11-25 08:55:00",11.22,10.94,323.2,441.9,0.19,11.33,2.32,51.93
"2025-11-25 09:15:00",2005,12.38,"2025-11-25 09:02:10",11.28,"NAN","NAN","NAN","NAN","NAN",2.327,51.94
"2025-11-25 09:30:00",2006,12.38,"2025-11-25 09:21:00",11.37,10.95,322.9,441.3,0.12,11.32,2.332,51.95
"2025-11-25 09:45:00",2007,12.39,"2025-11-25 09:30:50",11.48,10.96,322.9,441.3,0.108,11.34,2.336,51.97
"2025-11-25 10:00:00",2008,12.43,"2025-11-25 09:49:00",11.73,10.97,323.1,441.4,0.053,11.37,2.339,51.99
"2025-11-25 10:15:00",2009,12.44,"2025-11-25 10:01:00",12.06,10.99,323.2,441.4,0.147,11.39,2.343,52.02
"2025-11-25 10:30:00",2010,12.43,"2025-11-25 10:28:40",12.39,11,323.4,441.4,0.227,11.39,2.347,52.05
"2025-11-25 10:45:00",2011,12.43,"2025-11-25 10:30:50",12.6,11.02,323.5,441.3,0.958,11.39,2.35,52.09
"2025-11-25 11:00:00",2012,12.45,"2025-11-25 10:47:00",12.85,11.04,323.6,441.2,0.325,11.4,2.354,52.12
"2025-11-25 11:15:00",2013,12.47,"2025-11-25 11:14:50",13.19,11.06,323.7,441.1,0.281,11.43,2.36,52.16
"2025-11-25 11:30:00",2014,12.46,"2025-11-25 11:18:50",13.48,11.08,323.8,441,0.188,11.41,2.367,52.2
"2025-11-25 11:45:00",2015,12.44,"2025-11-25 11:30:50",13.68,11.1,323.9,441,0.331,11.4,2.374,52.23
"2025-11-25 12:00:00",2016,12.44,"2025-11-25 11:54:50",13.85,11.12,324.1,441,0.425,11.4,2.384,52.27
"2025-11-25 12:15:00",2017,12.44,"2025-11-25 12:01:00",13.94,"NAN","NAN","NAN","NAN","NAN",2.395,52.3
"2025-11-25 12:30:00",2018,12.45,"2025-11-25 12:16:10",14.04,"NAN","NAN","NAN","NAN","NAN",2.408,52.34
"2025-11-25 12:45:00",2019,12.47,"2025-11-25 12:30:20",14.23,11.18,324.6,441,0.624,11.42,2.423,52.37
"2025-11-25 13:00:00",2020,12.47,"2025-11-25 12:53:00",14.41,11.2,324.8,441,0.435,11.42,2.439,52.41
"2025-11-25 13:15:00",2021,12.47,"2025-11-25 13:10:40",14.51,11.23,325,441.1,0.334,11.42,2.455,52.45
"2025-11-25 13:30:00",2022,12.48,"2025-11-25 13:20:50",14.59,11.25,325.2,441.1,0.698,11.43,2.472,52.49
"2025-11-25 13:45:00",2023,12.48,"2025-11-25 13:45:00",14.7,11.27,325.4,441.1,0.425,11.43,2.489,52.53
"2025-11-25 14:00:00",2024,12.46,"2025-11-25 13:58:40",14.77,11.29,325.6,441.1,0.761,11.42,2.506,52.57
"2025-11-25 14:15:00",2025,12.44,"2025-11-25 14:12:50",14.76,11.31,325.8,441.1,0.635,11.4,2.524,52.6
"2025-11-25 14:30:00",2026,12.42,"2025-11-25 14:25:00",14.74,11.32,325.9,441.2,0.627,11.38,2.541,52.63
"2025-11-25 14:45:00",2027,12.41,"2025-11-25 14:43:00",14.7,11.34,326.1,441.2,0.576,11.36,2.561,52.66
"2025-11-25 15:00:00",2028,12.4,"2025-11-25 14:49:00",14.63,11.35,326.3,441.3,0.631,11.35,2.58,52.68
"2025-11-25 15:15:00",2029,12.39,"2025-11-25 15:13:00",14.58,11.37,326.4,441.4,0.819,11.35,2.601,52.71
"2025-11-25 15:30:00",2030,12.39,"2025-11-25 15:20:50",14.5,"NAN","NAN","NAN","NAN","NAN",2.622,52.73
"2025-11-25 15:45:00",2031,12.39,"2025-11-25 15:30:20",14.42,11.39,326.7,441.4,1.039,11.33,2.647,52.75
"2025-11-25 16:00:00",2032,12.39,"2025-11-25 15:46:50",14.39,11.4,326.9,441.5,1.009,11.34,2.672,52.77
"2025-11-25 16:15:00",2033,12.38,"2025-11-25 16:13:00",14.36,11.42,327.1,441.7,1.236,11.33,2.698,52.8
"2025-11-25 16:30:00",2034,12.37,"2025-11-25 16:26:50",14.3,11.43,327.3,441.8,1.357,11.33,2.725,52.82
"2025-11-25 16:45:00",2035,12.37,"2025-11-25 16:33:00",14.23,11.44,327.5,441.9,1.727,11.32,2.752,52.84
"2025-11-25 17:00:00",2036,12.36,"2025-11-25 16:54:30",14.16,11.46,327.7,442,1.44,11.31,2.779,52.87
"2025-11-25 17:15:00",2037,12.36,"2025-11-25 17:05:00",14.08,11.47,327.9,442.1,1.941,11.31,2.807,52.89
"2025-11-25 17:30:00",2038,12.36,"2025-11-25 17:21:00",14.01,11.49,328.2,442.4,1.515,11.31,2.832,52.92
"2025-11-25 17:45:00",2039,12.36,"2025-11-25 17:37:00",13.92,11.5,328.7,442.8,2.113,11.31,2.857,52.94
"2025-11-25 18:00:00",2040,12.35,"2025-11-25 17:53:00",13.85,11.52,329.3,443.6,2.019,11.31,2.879,52.97
"2025-11-25 18:15:00",2041,12.35,"2025-11-25 18:01:00",13.79,11.53,330.2,444.5,2.298,11.3,2.9,53
"2025-11-25 18:30:00",2042,12.35,"2025-11-25 18:25:00",13.72,11.55,331.2,445.7,2.179,11.29,2.92,53.03
"2025-11-25 18:45:00",2043,12.35,"2025-11-25 18:41:00",13.67,11.57,332,446.5,2.344,11.29,2.941,53.06
"2025-11-25 19:00:00",2044,12.35,"2025-11-25 18:48:50",13.62,11.58,332.3,446.8,2.913,11.29,2.963,53.1
"2025-11-25 19:15:00",2045,12.34,"2025-11-25 19:12:50",13.56,11.6,332.4,446.6,3.103,11.29,2.982,53.13
"2025-11-25 19:30:00",2046,12.34,"2025-11-25 19:29:00",13.47,11.62,332.3,446.4,4.549,11.29,2.998,53.16
"2025-11-25 19:45:00",2047,12.34,"2025-11-25 19:40:30",13.38,11.64,332.6,446.6,4.007,11.28,3.015,53.19
"2025-11-25 20:00:00",2048,12.33,"2025-11-25 19:55:00",13.32,11.65,333,447,3.513,11.28,3.031,53.22
"2025-11-25 20:15:00",2049,12.33,"2025-11-25 20:02:40",13.28,11.67,333.7,447.7,3.787,11.27,3.047,53.24
"2025-11-25 20:30:00",2050,12.33,"2025-11-25 20:27:00",13.26,11.68,334.4,448.5,3.954,11.27,3.063,53.27
"2025-11-25 20:45:00",2051,12.32,"2025-11-25 20:34:30",13.24,11.7,335.3,449.5,5.013,11.27,3.079,53.29
"2025-11-25 21:00:00",2052,12.33,"2025-11-25 20:48:50",13.21,11.71,336.1,450.4,3.385,11.27,3.092,53.31
"2025-11-25 21:15:00",2053,12.32,"2025-11-25 21:02:10",13.14,11.72,336.8,451.3,4.142,11.26,3.107,53.33
"2025-11-25 21:30:00",2054,12.32,"2025-11-25 21:17:00",13.06,"NAN","NAN","NAN","NAN","NAN",3.12,53.35
"2025-11-25 21:45:00",2055,12.32,"2025-11-25 21:36:40",12.98,"NAN","NAN","NAN","NAN","NAN",3.134,53.36
"2025-11-25 22:00:00",2056,12.32,"2025-11-25 21:58:40",12.91,11.74,338.5,453.3,3.961,11.26,3.148,53.37
"2025-11-25 22:15:00",2057,12.32,"2025-11-25 22:12:40",12.87,11.75,338.9,453.7,4.348,11.26,3.162,53.38
"2025-11-25 22:30:00",2058,12.31,"2025-11-25 22:22:50",12.86,11.75,339.2,454.1,4.452,11.26,3.177,53.39
"2025-11-25 22:45:00",2059,12.31,"2025-11-25 22:31:00",12.86,11.76,339.1,454,4.587,11.25,3.195,53.4
"2025-11-25 23:00:00",2060,12.31,"2025-11-25 22:50:40",12.86,11.76,338.9,453.6,4.947,11.25,3.216,53.41
"2025-11-25 23:15:00",2061,12.28,"2025-11-25 23:02:10",12.87,11.76,338.9,453.5,4.803,11.24,3.235,53.41
"2025-11-25 23:30:00",2062,12.31,"2025-11-25 23:16:50",12.88,11.77,338.8,453.4,5.023,11.25,3.258,53.42
"2025-11-25 23:45:00",2063,12.3,"2025-11-25 23:35:00",12.88,11.77,338.7,453.2,5.497,11.25,3.279,53.42
"2025-11-26 00:00:00",2064,12.3,"2025-11-25 23:46:50",12.84,11.77,338.6,453,5.232,11.24,3.305,53.43
"2025-11-26 00:15:00",2065,12.3,"2025-11-26 00:00:50",12.76,11.77,338.6,453,6.943,11.24,3.332,53.43
"2025-11-26 00:30:00",2066,12.3,"2025-11-26 00:16:40",12.69,11.78,338.6,453,6.626,11.24,3.36,53.43
"2025-11-26 00:45:00",2067,12.3,"2025-11-26 00:36:30",12.6,"NAN","NAN","NAN","NAN","NAN",3.388,53.44
"2025-11-26 01:00:00",2068,12.3,"2025-11-26 00:49:00",12.52,11.78,338.6,453,6.496,11.23,3.417,53.44
"2025-11-26 01:15:00",2069,12.29,"2025-11-26 01:02:10",12.49,11.78,338.7,453.1,7.635,11.23,3.444,53.44
"2025-11-26 01:30:00",2070,12.29,"2025-11-26 01:26:50",12.48,11.78,338.8,453.2,7.349,11.23,3.473,53.45
"2025-11-26 01:45:00",2071,12.29,"2025-11-26 01:31:00",12.44,11.79,338.9,453.3,8.59,11.23,3.501,53.46
"2025-11-26 02:00:00",2072,12.29,"2025-11-26 01:46:50",12.33,11.79,339.1,453.5,6.922,11.22,3.526,53.46
"2025-11-26 02:15:00",2073,12.28,"2025-11-26 02:11:00",12.24,11.79,339.2,453.6,10.05,11.22,3.549,53.47
"2025-11-26 02:30:00",2074,12.28,"2025-11-26 02:18:50",12.14,11.8,339.2,453.6,8.61,11.22,3.57,53.47
"2025-11-26 02:45:00",2075,12.28,"2025-11-26 02:30:50",12.11,11.8,339.1,453.4,9.54,11.22,3.59,53.48
"2025-11-26 03:00:00",2076,12.28,"2025-11-26 02:56:50",12.08,11.8,339,453.2,9.81,11.22,3.609,53.48
"2025-11-26 03:15:00",2077,12.28,"2025-11-26 03:08:50",12.02,11.81,338.8,453,9.75,11.21,3.625,53.49
"2025-11-26 03:30:00",2078,12.28,"2025-11-26 03:16:40",11.93,11.81,338.6,452.6,9.83,11.21,3.643,53.49
"2025-11-26 03:45:00",2079,12.28,"2025-11-26 03:40:30",11.84,11.81,338.2,452,9.86,11.21,3.659,53.49
"2025-11-26 04:00:00",2080,12.27,"2025-11-26 03:55:00",11.74,11.81,337.7,451.4,9.93,11.21,3.674,53.49
"2025-11-26 04:15:00",2081,12.27,"2025-11-26 04:11:00",11.47,11.8,337.2,450.8,10.06,11.21,3.689,53.48
"2025-11-26 04:30:00",2082,12.27,"2025-11-26 04:17:00",11.13,11.79,336.4,449.9,10.34,11.21,3.707,53.46
"2025-11-26 04:45:00",2083,12.27,"2025-11-26 04:43:00",10.82,11.78,335.7,449,11.07,11.2,3.727,53.44
"2025-11-26 05:00:00",2084,12.27,"2025-11-26 04:46:50",10.56,11.77,335,448.3,12.33,11.2,3.745,53.43
"2025-11-26 05:15:00",2085,12.27,"2025-11-26 05:00:40",10.17,11.76,334.2,447.3,11.55,11.2,3.762,53.41
"2025-11-26 05:30:00",2086,12.26,"2025-11-26 05:17:00",9.54,11.74,333.3,446.4,11.54,11.2,3.783,53.36
"2025-11-26 05:45:00",2087,12.26,"2025-11-26 05:45:00",9.07,11.72,332.4,445.4,13.98,11.19,3.804,53.33
"2025-11-26 06:00:00",2088,12.26,"2025-11-26 05:47:00",8.64,11.7,331.5,444.3,13.81,11.19,3.823,53.3
"2025-11-26 06:15:00",2089,12.26,"2025-11-26 06:11:00",8.25,11.68,330.6,443.3,14.11,11.18,3.844,53.27
"2025-11-26 06:30:00",2090,12.26,"2025-11-26 06:16:30",7.898,11.67,329.6,442.2,14.92,11.18,3.866,53.23
"2025-11-26 06:45:00",2091,12.25,"2025-11-26 06:41:00",7.506,11.65,328.7,441.2,15.22,11.18,3.887,53.19
"2025-11-26 07:00:00",2092,12.25,"2025-11-26 06:54:50",7.157,11.63,327.8,440.3,14.78,11.18,3.907,53.16
"2025-11-26 07:15:00",2093,12.24,"2025-11-26 07:06:40",6.878,11.6,327,439.4,15.18,11.17,3.928,53.12
"2025-11-26 07:30:00",2094,12.24,"2025-11-26 07:23:00",6.728,11.58,326.2,438.6,15.52,11.17,3.95,53.08
"2025-11-26 07:45:00",2095,12.24,"2025-11-26 07:30:40",6.516,11.56,325.3,437.7,17,11.16,3.974,53.04
"2025-11-26 08:00:00",2096,12.24,"2025-11-26 07:54:40",6.166,11.53,324.7,437.1,17.04,11.17,3.994,52.99
"2025-11-26 08:15:00",2097,12.24,"2025-11-26 08:01:00",5.802,11.5,324,436.5,16.52,11.17,4.014,52.94
"2025-11-26 08:30:00",2098,12.26,"2025-11-26 08:16:50",5.737,11.48,323.4,436,16.22,11.2,4.032,52.89
"2025-11-26 08:45:00",2099,12.26,"2025-11-26 08:37:00",5.677,11.45,322.7,435.3,16.45,11.2,4.047,52.85
"2025-11-26 09:00:00",2100,12.3,"2025-11-26 08:48:50",5.501,11.42,322,434.8,16.95,11.23,4.066,52.78
"2025-11-26 09:15:00",2101,12.35,"2025-11-26 09:00:20",5.408,11.39,321.3,434.2,17.41,11.28,4.089,52.73
"2025-11-26 09:30:00",2102,12.33,"2025-11-26 09:25:00",5.655,11.37,320.8,433.8,17.81,11.27,4.115,52.69
"2025-11-26 09:45:00",2103,12.34,"2025-11-26 09:30:30",5.813,11.35,320.3,433.2,19.69,11.27,4.144,52.67
"2025-11-26 10:00:00",2104,12.39,"2025-11-26 09:53:00",5.999,11.33,319.9,432.9,17.85,11.31,4.178,52.64
"2025-11-26 10:15:00",2105,12.39,"2025-11-26 10:00:30",6.102,11.32,319.6,432.6,17.51,11.32,4.216,52.62
"2025-11-26 10:30:00",2106,12.38,"2025-11-26 10:23:00",6.086,11.31,319.2,432.3,18.73,11.31,4.266,52.6
"2025-11-26 10:45:00",2107,12.4,"2025-11-26 10:30:40",6.119,11.3,319,432.1,19.95,11.33,4.321,52.57
"2025-11-26 11:00:00",2108,12.44,"2025-11-26 10:46:10",6.189,11.28,318.8,431.9,21.69,11.37,4.383,52.55
"2025-11-26 11:15:00",2109,12.47,"2025-11-26 11:02:10",6.279,11.27,318.6,431.9,25.77,11.4,4.45,52.53
"2025-11-26 11:30:00",2110,12.5,"2025-11-26 11:19:00",6.356,11.26,318.5,431.8,23.57,11.43,4.518,52.51
"2025-11-26 11:45:00",2111,12.53,"2025-11-26 11:30:50",6.502,"NAN","NAN","NAN","NAN","NAN",4.585,52.5
"2025-11-26 12:00:00",2112,12.59,"2025-11-26 11:59:00",6.684,11.25,318.2,431.6,24.58,11.53,4.657,52.49
"2025-11-26 12:15:00",2113,12.59,"2025-11-26 12:00:50",6.859,11.24,318.1,431.5,26.2,11.56,4.726,52.48
"2025-11-26 12:30:00",2114,12.66,"2025-11-26 12:17:00",7.096,11.24,318,431.3,26.78,11.61,4.788,52.47
"2025-11-26 12:45:00",2115,12.65,"2025-11-26 12:41:00",7.237,11.23,317.7,431.1,33.14,11.6,4.849,52.45
"2025-11-26 13:00:00",2116,12.65,"2025-11-26 12:48:50",7.335,11.22,317.5,430.9,32.03,11.6,4.906,52.43
"2025-11-26 13:15:00",2117,12.69,"2025-11-26 13:07:00",7.547,11.21,317.3,430.8,32.5,11.64,4.964,52.41
"2025-11-26 13:30:00",2118,12.78,"2025-11-26 13:28:40",7.736,11.2,317.2,430.8,69.61,11.73,5.018,52.4
"2025-11-26 13:45:00",2119,12.83,"2025-11-26 13:36:50",8,11.2,317.3,431,35.69,11.79,5.069,52.4
"2025-11-26 14:00:00",2120,12.84,"2025-11-26 13:55:00",8.28,11.2,317.5,431.3,38.09,11.82,5.113,52.4
"2025-11-26 14:15:00",2121,12.74,"2025-11-26 14:13:00",8.59,11.2,317.8,431.6,36.01,11.76,5.153,52.41
"2025-11-26 14:30:00",2122,12.72,"2025-11-26 14:20:20",8.25,11.19,318,431.9,37.29,11.7,5.185,52.38
"2025-11-26 14:45:00",2123,12.81,"2025-11-26 14:42:30",8.21,11.19,318.2,432.2,36.17,11.89,5.206,52.38
"2025-11-26 15:00:00",2124,12.75,"2025-11-26 14:53:00",8.43,11.19,318.4,432.4,38.16,11.74,5.228,52.38
"2025-11-26 15:15:00",2125,12.73,"2025-11-26 15:10:40",8.3,11.19,318.3,432.4,37.05,11.74,5.247,52.38
"2025-11-26 15:30:00",2126,12.75,"2025-11-26 15:27:00",8.14,11.2,318.3,432.2,39.58,11.77,5.26,52.4
"2025-11-26 15:45:00",2127,12.72,"2025-11-26 15:40:40",8.01,11.2,317.8,431.6,41.63,11.71,5.272,52.4
"2025-11-26 16:00:00",2128,12.69,"2025-11-26 15:59:00",7.777,11.19,317.3,430.9,41.1,11.69,5.28,52.39
"2025-11-26 16:15:00",2129,12.65,"2025-11-26 16:14:40",7.519,11.2,316.8,430.1,39.57,11.62,5.284,52.41
"2025-11-26 16:30:00",2130,12.61,"2025-11-26 16:28:50",7.245,11.21,316.2,429.3,41.65,11.58,5.29,52.43
"2025-11-26 16:45:00",2131,12.58,"2025-11-26 16:39:00",6.945,11.22,315.6,428.3,40.97,11.53,5.287,52.45
"2025-11-26 17:00:00",2132,12.55,"2025-11-26 16:59:00",6.609,11.23,315,427.5,40.74,11.5,5.284,52.45
"2025-11-26 17:15:00",2133,12.52,"2025-11-26 17:14:50",6.146,11.22,314.4,426.7,39.18,11.46,5.278,52.44
"2025-11-26 17:30:00",2134,12.5,"2025-11-26 17:25:00",5.824,11.21,313.8,425.9,41.13,11.43,5.269,52.42
"2025-11-26 17:45:00",2135,12.48,"2025-11-26 17:43:00",5.592,11.21,313.2,425.2,39.3,11.41,5.259,52.41
"2025-11-26 18:00:00",2136,12.47,"2025-11-26 17:57:00",5.368,11.2,312.8,424.8,38.1,11.4,5.248,52.4
"2025-11-26 18:15:00",2137,12.42,"2025-11-26 18:02:10",5.034,11.19,312.6,424.6,36.19,11.39,5.234,52.38
"2025-11-26 18:30:00",2138,12.45,"2025-11-26 18:29:00",4.661,11.18,312.4,424.5,41.55,11.38,5.223,52.36
"2025-11-26 18:45:00",2139,12.41,"2025-11-26 18:34:50",4.294,11.17,312.4,424.6,36.23,11.36,5.206,52.34
"2025-11-26 19:00:00",2140,12.43,"2025-11-26 18:55:00",3.912,11.16,312.5,424.8,34.71,11.35,5.189,52.32
"2025-11-26 19:15:00",2141,12.42,"2025-11-26 19:14:50",3.491,11.14,309.2,420.5,34.26,11.34,5.173,52.3
"2025-11-26 19:30:00",2142,12.41,"2025-11-26 19:29:00",3.051,11.13,312.8,425.5,34.16,11.33,5.154,52.27
"2025-11-26 19:45:00",2143,12.4,"2025-11-26 19:45:00",2.594,11.11,313,425.9,33.53,11.32,5.134,52.25
"2025-11-26 20:00:00",2144,12.39,"2025-11-26 19:51:00",2.17,11.1,313.1,426.3,35.81,11.31,5.112,52.22
"2025-11-26 20:15:00",2145,12.38,"2025-11-26 20:07:00",1.802,11.09,313.2,426.6,31.88,11.3,5.091,52.19
"2025-11-26 20:30:00",2146,12.37,"2025-11-26 20:23:00",1.439,11.07,313.2,426.8,34.32,11.29,5.072,52.16
"2025-11-26 20:45:00",2147,12.36,"2025-11-26 20:39:00",1.184,11.05,313.2,426.9,31.14,11.28,5.05,52.13
"2025-11-26 21:00:00",2148,12.35,"2025-11-26 20:59:00",1.019,11.03,313.2,427.2,31.88,11.27,5.026,52.1
"2025-11-26 21:15:00",2149,12.34,"2025-11-26 21:13:00",0.892,11.01,313.2,427.4,29.74,11.26,5.005,52.07
"2025-11-26 21:30:00",2150,12.33,"2025-11-26 21:28:50",0.753,10.99,313.2,427.6,31.35,11.25,4.982,52.03
"2025-11-26 21:45:00",2151,12.32,"2025-11-26 21:45:00",0.57,10.97,313.4,428.1,31.19,11.24,4.961,51.99
"2025-11-26 22:00:00",2152,12.31,"2025-11-26 21:53:00",0.389,10.96,313.7,428.7,31.84,11.23,4.936,51.97
"2025-11-26 22:15:00",2153,12.3,"2025-11-26 22:14:50",0.191,10.94,314.2,429.6,28.43,11.22,4.913,51.94
"2025-11-26 22:30:00",2154,12.29,"2025-11-26 22:28:50",0.049,10.93,314.7,430.4,27.91,11.21,4.89,51.91
"2025-11-26 22:45:00",2155,12.28,"2025-11-26 22:39:00",-0.067,10.92,315.3,431.4,27.54,11.2,4.868,51.89
"2025-11-26 23:00:00",2156,12.27,"2025-11-26 22:57:00",-0.193,10.9,315.9,432.3,26.67,11.19,4.844,51.87
"2025-11-26 23:15:00",2157,12.26,"2025-11-26 23:15:00",-0.329,10.89,316.5,433.2,26.67,11.18,4.819,51.85
"2025-11-26 23:30:00",2158,12.25,"2025-11-26 23:28:50",-0.417,10.88,317,434.1,33.33,11.17,4.796,51.83
"2025-11-26 23:45:00",2159,12.25,"2025-11-26 23:38:50",-0.515,10.87,317.3,434.6,26.62,11.17,4.775,51.81
"2025-11-27 00:00:00",2160,12.24,"2025-11-26 23:59:00",-0.642,10.86,317.5,435,24.97,11.15,4.753,51.79
"2025-11-27 00:15:00",2161,12.23,"2025-11-27 00:14:50",-0.731,10.85,317.5,435.2,25.41,11.15,4.73,51.77
"2025-11-27 00:30:00",2162,12.23,"2025-11-27 00:28:50",-0.834,10.84,317.3,435,25.42,11.14,4.709,51.75
"2025-11-27 00:45:00",2163,12.22,"2025-11-27 00:41:00",-0.969,10.82,316.8,434.5,24.57,11.13,4.685,51.72
"2025-11-27 01:00:00",2164,12.22,"2025-11-27 00:59:00",-1.068,10.81,316.2,433.8,24.28,11.13,4.663,51.7
"2025-11-27 01:15:00",2165,12.21,"2025-11-27 01:02:20",-1.131,10.8,315.4,432.9,24.08,11.12,4.641,51.67
"2025-11-27 01:30:00",2166,12.21,"2025-11-27 01:28:50",-1.191,10.78,314.5,431.7,25.04,11.12,4.619,51.64
"2025-11-27 01:45:00",2167,12.2,"2025-11-27 01:45:00",-1.202,10.76,313.3,430.4,23.56,11.12,4.6,51.61
"2025-11-27 02:00:00",2168,12.2,"2025-11-27 01:55:00",-1.202,10.74,312.1,428.9,24.5,11.11,4.581,51.58
"2025-11-27 02:15:00",2169,12.2,"2025-11-27 02:15:00",-1.185,10.72,310.9,427.5,24.57,11.11,4.561,51.54
"2025-11-27 02:30:00",2170,12.19,"2025-11-27 02:29:00",-1.159,10.7,309.4,425.7,23.99,11.11,4.541,51.5
"2025-11-27 02:45:00",2171,12.19,"2025-11-27 02:37:00",-1.082,10.68,308,424,24.56,11.11,4.521,51.45
"2025-11-27 03:00:00",2172,12.19,"2025-11-27 02:54:40",-0.972,10.65,306.7,422.5,23.59,11.11,4.502,51.41
"2025-11-27 03:15:00",2173,12.19,"2025-11-27 03:00:40",-0.815,10.63,305.4,420.9,25.07,11.11,4.483,51.38
"2025-11-27 03:30:00",2174,12.19,"2025-11-27 03:16:40",-0.663,10.61,304.2,419.5,24,11.11,4.463,51.33
"2025-11-27 03:45:00",2175,12.19,"2025-11-27 03:33:00",-0.51,10.59,303,418.1,24.71,11.11,4.443,51.29
"2025-11-27 04:00:00",2176,12.19,"2025-11-27 03:47:00",-0.395,10.56,301.9,416.8,24.71,11.11,4.426,51.25
"2025-11-27 04:15:00",2177,12.18,"2025-11-27 04:03:00",-0.336,10.54,300.8,415.7,23.74,11.11,4.407,51.2
"2025-11-27 04:30:00",2178,12.19,"2025-11-27 04:16:50",-0.284,10.51,299.8,414.6,24.01,11.11,4.39,51.15
"2025-11-27 04:45:00",2179,12.18,"2025-11-27 04:31:00",-0.154,10.48,298.9,413.6,22.91,11.11,4.373,51.11
"2025-11-27 05:00:00",2180,12.18,"2025-11-27 04:49:00",-0.037,10.45,298,412.7,23.82,11.11,4.354,51.06
"2025-11-27 05:15:00",2181,12.18,"2025-11-27 05:03:00",0.028,10.43,297.2,411.8,23.14,11.11,4.338,51.01
"2025-11-27 05:30:00",2182,12.18,"2025-11-27 05:17:00",0.104,10.4,296.5,411.1,23.09,11.11,4.319,50.96
"2025-11-27 05:45:00",2183,12.18,"2025-11-27 05:30:40",0.167,10.37,295.7,410.4,22.31,11.11,4.303,50.92
"2025-11-27 06:00:00",2184,12.18,"2025-11-27 05:46:50",0.154,10.35,295.1,409.7,21.32,11.11,4.286,50.87
"2025-11-27 06:15:00",2185,12.17,"2025-11-27 06:02:10",0.237,10.32,294.4,409.1,22.08,11.11,4.271,50.82
"2025-11-27 06:30:00",2186,12.18,"2025-11-27 06:17:00",0.297,10.29,293.9,408.7,21.51,11.1,4.254,50.77
"2025-11-27 06:45:00",2187,12.18,"2025-11-27 06:30:50",0.238,10.27,293.2,408,21.56,11.1,4.237,50.73
"2025-11-27 07:00:00",2188,12.18,"2025-11-27 06:47:00",0.223,10.24,292.6,407.5,20.67,11.1,4.222,50.68
"2025-11-27 07:15:00",2189,12.18,"2025-11-27 07:01:00",0.244,10.22,292,406.9,20.94,11.1,4.205,50.63
"2025-11-27 07:30:00",2190,12.18,"2025-11-27 07:16:50",0.259,10.19,291.4,406.4,20.89,11.1,4.19,50.58
"2025-11-27 07:45:00",2191,12.18,"2025-11-27 07:30:40",0.266,10.16,290.9,406,21.08,11.1,4.176,50.53
"2025-11-27 08:00:00",2192,12.18,"2025-11-27 07:46:50",0.266,10.13,290.4,405.6,20.66,11.1,4.16,50.48
"2025-11-27 08:15:00",2193,12.17,"2025-11-27 08:02:10",0.266,10.11,289.9,405.1,20.74,11.11,4.147,50.44
"2025-11-27 08:30:00",2194,12.21,"2025-11-27 08:16:40",0.218,10.09,289.4,404.6,20.61,11.13,4.132,50.4
"2025-11-27 08:45:00",2195,12.29,"2025-11-27 08:30:40",0.174,10.06,288.9,404.2,20.11,11.21,4.117,50.36
"2025-11-27 09:00:00",2196,12.3,"2025-11-27 08:50:50",0.116,10.04,288.5,403.9,19.74,11.22,4.103,50.32
"2025-11-27 09:15:00",2197,12.39,"2025-11-27 09:00:10",0.261,10.01,288,403.5,21.28,11.43,4.089,50.28
"2025-11-27 09:30:00",2198,12.69,"2025-11-27 09:16:50",0.996,10,287.6,403.1,18.97,11.64,4.074,50.25
"2025-11-27 09:45:00",2199,12.76,"2025-11-27 09:31:00",1.738,9.98,287.3,402.8,19.05,11.75,4.06,50.23
"2025-11-27 10:00:00",2200,12.92,"2025-11-27 09:51:00",2.479,9.98,287,402.5,19.28,11.93,4.047,50.22
"2025-11-27 10:15:00",2201,12.84,"2025-11-27 10:15:00",3.117,9.98,286.7,402.2,19.29,11.98,4.034,50.22
"2025-11-27 10:30:00",2202,12.83,"2025-11-27 10:16:40",3.414,9.97,286.5,401.9,18.93,11.79,4.017,50.21
"2025-11-27 10:45:00",2203,12.79,"2025-11-27 10:41:00",3.486,9.96,286.3,401.6,18.31,11.76,4.004,50.19
"2025-11-27 11:00:00",2204,12.77,"2025-11-27 10:51:00",3.505,9.96,286.1,401.4,18.38,11.72,3.99,50.18
"2025-11-27 11:15:00",2205,12.8,"2025-11-27 11:05:00",3.582,9.95,285.9,401.3,17.87,11.74,3.977,50.17
"2025-11-27 11:30:00",2206,12.82,"2025-11-27 11:17:00",3.735,9.95,285.7,401,18.14,11.77,3.965,50.17
"2025-11-27 11:45:00",2207,12.86,"2025-11-27 11:39:00",3.924,9.95,285.6,400.9,18.3,11.86,3.955,50.17
"2025-11-27 12:00:00",2208,12.87,"2025-11-27 11:50:50",4.089,9.95,285.5,400.7,17.59,11.82,3.943,50.17
"2025-11-27 12:15:00",2209,12.85,"2025-11-27 12:05:00",4.2,9.95,285.3,400.5,17.48,11.82,3.929,50.16
"2025-11-27 12:30:00",2210,12.9,"2025-11-27 12:18:50",4.226,9.94,285.2,400.3,17.05,11.86,3.917,50.16
"2025-11-27 12:45:00",2211,12.92,"2025-11-27 12:37:00",4.439,9.94,285,400,17.13,11.9,3.904,50.15
"2025-11-27 13:00:00",2212,12.93,"2025-11-27 12:55:00",4.693,9.94,284.8,399.8,16.62,11.9,3.892,50.15
"2025-11-27 13:15:00",2213,12.95,"2025-11-27 13:00:40",4.972,9.94,284.7,399.7,16,11.93,3.881,50.15
"2025-11-27 13:30:00",2214,13.05,"2025-11-27 13:18:50",5.256,9.94,284.5,399.4,16.42,12.03,3.87,50.15
"2025-11-27 13:45:00",2215,12.95,"2025-11-27 13:40:50",5.478,9.95,284.3,399.1,16.39,11.97,3.856,50.17
"2025-11-27 14:00:00",2216,13.04,"2025-11-27 13:52:40",5.498,9.95,284.2,398.8,15.88,12.01,3.846,50.17
"2025-11-27 14:15:00",2217,13.02,"2025-11-27 14:08:20",5.74,9.97,284.2,398.6,18.75,12.03,3.833,50.2
"2025-11-27 14:30:00",2218,12.97,"2025-11-27 14:25:00",5.79,9.97,284,398.3,15.76,11.97,3.822,50.21
"2025-11-27 14:45:00",2219,12.99,"2025-11-27 14:33:00",5.821,9.97,283.8,398,15.97,12.13,3.814,50.21
"2025-11-27 15:00:00",2220,12.97,"2025-11-27 14:58:50",5.882,9.99,283.6,397.6,15.85,12.07,3.802,50.25
"2025-11-27 15:15:00",2221,12.95,"2025-11-27 15:05:00",5.797,10,283.4,397.2,16.11,11.92,3.79,50.25
"2025-11-27 15:30:00",2222,12.94,"2025-11-27 15:20:40",5.772,9.99,283.1,396.8,15.72,12.12,3.778,50.24
"2025-11-27 15:45:00",2223,13,"2025-11-27 15:33:00",5.572,9.97,282.6,396.4,15.7,12.28,3.768,50.2
"2025-11-27 16:00:00",2224,12.76,"2025-11-27 15:59:00",5.035,9.94,282.1,396,15.86,11.85,3.758,50.15
"2025-11-27 16:15:00",2225,12.71,"2025-11-27 16:14:50",4.1,9.91,281.6,395.6,15.73,11.68,3.747,50.09
"2025-11-27 16:30:00",2226,12.68,"2025-11-27 16:28:40",3.329,9.88,281.1,395.2,15.16,11.63,3.738,50.04
"2025-11-27 16:45:00",2227,12.66,"2025-11-27 16:35:00",2.646,9.85,280.5,394.7,15.08,11.6,3.728,49.98
"2025-11-27 17:00:00",2228,12.61,"2025-11-27 16:59:00",2.103,9.83,280,394.2,15.35,11.57,3.718,49.94
"2025-11-27 17:15:00",2229,12.58,"2025-11-27 17:14:50",1.588,9.8,279.5,393.8,15.24,11.52,3.708,49.9
"2025-11-27 17:30:00",2230,12.57,"2025-11-27 17:25:00",1.065,9.78,278.9,393.2,15.58,11.5,3.699,49.85
"2025-11-27 17:45:00",2231,12.55,"2025-11-27 17:45:00",0.563,9.75,278.4,392.8,15.11,11.48,3.689,49.8
"2025-11-27 18:00:00",2232,12.54,"2025-11-27 17:57:00",0.091,9.72,277.8,392.3,14.86,11.46,3.68,49.74
"2025-11-27 18:15:00",2233,12.52,"2025-11-27 18:15:00",-0.32,9.68,277.2,391.9,14.96,11.45,3.671,49.68
"2025-11-27 18:30:00",2234,12.51,"2025-11-27 18:25:00",-0.736,9.65,276.6,391.3,14.9,11.44,3.66,49.62
"2025-11-27 18:45:00",2235,12.51,"2025-11-27 18:41:00",-1.141,9.62,276,390.8,14.92,11.43,3.649,49.56
"2025-11-27 19:00:00",2236,12.5,"2025-11-27 18:59:00",-1.499,9.58,275.3,390.3,14.79,11.42,3.64,49.5
"2025-11-27 19:15:00",2237,12.49,"2025-11-27 19:07:00",-1.827,9.55,274.7,389.8,14.84,11.41,3.631,49.44
"2025-11-27 19:30:00",2238,12.48,"2025-11-27 19:29:00",-2.109,9.52,274.2,389.3,14.51,11.4,3.621,49.39
"2025-11-27 19:45:00",2239,12.48,"2025-11-27 19:45:00",-2.338,9.49,273.6,388.7,14.76,11.39,3.612,49.33
"2025-11-27 20:00:00",2240,12.47,"2025-11-27 19:54:50",-2.568,9.46,273,388.3,14.56,11.38,3.604,49.27
"2025-11-27 20:15:00",2241,12.46,"2025-11-27 20:06:40",-2.773,9.43,272.5,387.8,14.1,11.37,3.593,49.22
"2025-11-27 20:30:00",2242,12.45,"2025-11-27 20:29:00",-2.971,9.4,271.9,387.4,14.19,11.36,3.585,49.16
"2025-11-27 20:45:00",2243,12.45,"2025-11-27 20:31:00",-3.131,9.37,271.3,386.8,14.38,11.36,3.576,49.11
"2025-11-27 21:00:00",2244,12.44,"2025-11-27 20:59:00",-3.276,9.34,270.8,386.4,14.18,11.35,3.567,49.06
"2025-11-27 21:15:00",2245,12.44,"2025-11-27 21:02:50",-3.412,9.31,270.3,386,14.07,11.35,3.558,49.01
"2025-11-27 21:30:00",2246,12.43,"2025-11-27 21:27:00",-3.539,9.28,269.7,385.4,13.68,11.34,3.55,48.96
"2025-11-27 21:45:00",2247,12.42,"2025-11-27 21:41:00",-3.656,9.25,269.2,385,14.13,11.33,3.541,48.91
"2025-11-27 22:00:00",2248,12.42,"2025-11-27 21:53:00",-3.777,9.22,268.7,384.5,13.61,11.33,3.533,48.86
"2025-11-27 22:15:00",2249,12.41,"2025-11-27 22:14:50",-3.891,9.2,268.1,384,13.63,11.32,3.526,48.81
"2025-11-27 22:30:00",2250,12.41,"2025-11-27 22:29:00",-3.994,9.17,267.6,383.6,13.68,11.31,3.517,48.76
"2025-11-27 22:45:00",2251,12.4,"2025-11-27 22:39:00",-4.094,9.14,267.1,383.2,13.5,11.31,3.508,48.71
"2025-11-27 23:00:00",2252,12.4,"2025-11-27 22:59:00",-4.209,9.11,266.7,382.9,13.59,11.31,3.501,48.66
"2025-11-27 23:15:00",2253,12.4,"2025-11-27 23:01:00",-4.334,9.09,266.2,382.5,13.43,11.3,3.493,48.62
"2025-11-27 23:30:00",2254,12.38,"2025-11-27 23:25:00",-4.441,9.06,265.8,382.1,13.09,11.29,3.484,48.57
"2025-11-27 23:45:00",2255,12.38,"2025-11-27 23:33:00",-4.56,9.03,265.3,381.8,13.12,11.29,3.476,48.51
"2025-11-28 00:00:00",2256,12.37,"2025-11-27 23:57:00",-4.682,9,264.9,381.4,12.86,11.28,3.468,48.46
"2025-11-28 00:15:00",2257,12.37,"2025-11-28 00:05:00",-4.77,8.97,264.4,381.1,13.2,11.27,3.461,48.41
"2025-11-28 00:30:00",2258,12.37,"2025-11-28 00:23:00",-4.856,8.94,264,380.8,13.11,11.27,3.452,48.35
"2025-11-28 00:45:00",2259,12.36,"2025-11-28 00:31:00",-4.945,8.91,263.5,380.4,12.99,11.27,3.444,48.29
"2025-11-28 01:00:00",2260,12.36,"2025-11-28 00:52:50",-5.026,8.88,263,380.1,12.86,11.26,3.438,48.24
"2025-11-28 01:15:00",2261,12.35,"2025-11-28 01:13:00",-5.098,8.84,262.6,379.8,12.61,11.25,3.43,48.18
"2025-11-28 01:30:00",2262,12.35,"2025-11-28 01:17:00",-5.176,8.81,262.1,379.5,12.79,11.25,3.422,48.12
"2025-11-28 01:45:00",2263,12.34,"2025-11-28 01:45:00",-5.261,8.78,261.7,379.1,12.69,11.24,3.415,48.07
"2025-11-28 02:00:00",2264,12.34,"2025-11-28 01:46:50",-5.327,8.75,261.3,378.8,12.76,11.24,3.408,48.02
"2025-11-28 02:15:00",2265,12.34,"2025-11-28 02:02:50",-5.382,8.72,260.9,378.5,12.75,11.23,3.402,47.96
"2025-11-28 02:30:00",2266,12.33,"2025-11-28 02:16:50",-5.46,8.69,260.5,378.3,12.85,11.23,3.393,47.91
"2025-11-28 02:45:00",2267,12.32,"2025-11-28 02:35:00",-5.554,8.67,260.1,378.1,12.57,11.23,3.386,47.86
"2025-11-28 03:00:00",2268,12.32,"2025-11-28 02:53:00",-5.621,8.63,259.7,377.8,12.19,11.22,3.379,47.8
"2025-11-28 03:15:00",2269,12.31,"2025-11-28 03:11:00",-5.692,8.6,259.3,377.6,12.51,11.21,3.372,47.74
"2025-11-28 03:30:00",2270,12.31,"2025-11-28 03:29:00",-5.767,8.57,258.9,377.4,12,11.21,3.365,47.69
"2025-11-28 03:45:00",2271,12.25,"2025-11-28 03:35:00",-5.801,8.54,258.6,377.1,12.39,11.2,3.359,47.63
"2025-11-28 04:00:00",2272,12.3,"2025-11-28 03:55:00",-5.864,8.51,258.2,376.9,11.96,11.2,3.351,47.58
"2025-11-28 04:15:00",2273,12.3,"2025-11-28 04:02:10",-5.927,8.48,257.8,376.7,11.7,11.19,3.345,47.52
"2025-11-28 04:30:00",2274,12.29,"2025-11-28 04:29:00",-5.987,8.44,257.5,376.6,11.88,11.19,3.336,47.46
"2025-11-28 04:45:00",2275,12.29,"2025-11-28 04:31:00",-6.025,8.41,257.1,376.4,12,11.18,3.329,47.4
"2025-11-28 05:00:00",2276,12.29,"2025-11-28 04:46:50",-6.079,8.37,256.8,376.2,12.02,11.18,3.322,47.34
"2025-11-28 05:15:00",2277,12.27,"2025-11-28 05:15:00",-6.093,8.34,256.4,376,11.52,11.18,3.316,47.28
"2025-11-28 05:30:00",2278,12.27,"2025-11-28 05:25:00",-6.119,8.31,256,375.9,11.9,11.17,3.309,47.22
"2025-11-28 05:45:00",2279,12.27,"2025-11-28 05:31:00",-6.175,8.27,255.7,375.7,11.63,11.16,3.302,47.15
"2025-11-28 06:00:00",2280,12.26,"2025-11-28 05:51:00",-6.193,8.24,255.3,375.6,11.46,11.16,3.295,47.09
"2025-11-28 06:15:00",2281,12.26,"2025-11-28 06:11:00",-6.243,8.21,255,375.4,11.56,11.16,3.288,47.03
"2025-11-28 06:30:00",2282,12.25,"2025-11-28 06:19:00",-6.312,8.18,254.7,375.3,11.55,11.15,3.282,46.98
"2025-11-28 06:45:00",2283,12.25,"2025-11-28 06:45:00",-6.374,8.14,254.4,375.2,11.59,11.14,3.275,46.92
"2025-11-28 07:00:00",2284,12.24,"2025-11-28 06:57:00",-6.436,8.11,254.1,375.1,11.36,11.14,3.27,46.87
"2025-11-28 07:15:00",2285,12.24,"2025-11-28 07:13:00",-6.517,8.08,253.8,375,11.43,11.13,3.262,46.81
"2025-11-28 07:30:00",2286,12.23,"2025-11-28 07:25:00",-6.608,8.05,253.5,374.9,11.57,11.13,3.255,46.76
"2025-11-28 07:45:00",2287,12.23,"2025-11-28 07:30:50",-6.688,8.02,253.3,374.8,11.69,11.12,3.248,46.7
"2025-11-28 08:00:00",2288,12.24,"2025-11-28 07:46:40",-6.742,7.987,253,374.8,11.3,11.13,3.242,46.65
"2025-11-28 08:15:00",2289,12.24,"2025-11-28 08:03:00",-6.76,7.958,252.8,374.7,11.42,11.13,3.236,46.59
"2025-11-28 08:30:00",2290,12.25,"2025-11-28 08:16:50",-6.688,7.93,252.5,374.7,11.17,11.15,3.23,46.54
"2025-11-28 08:45:00",2291,12.26,"2025-11-28 08:30:50",-6.558,7.906,252.3,374.7,10.97,11.17,3.222,46.5
"2025-11-28 09:00:00",2292,12.31,"2025-11-28 08:47:00",-6.307,7.881,252.1,374.6,10.82,11.21,3.217,46.46
"2025-11-28 09:15:00",2293,12.34,"2025-11-28 09:00:40",-5.899,7.863,252,374.6,11.63,11.25,3.209,46.43
"2025-11-28 09:30:00",2294,12.42,"2025-11-28 09:17:00",-5.273,7.85,251.9,374.6,10.92,11.4,3.203,46.41
"2025-11-28 09:45:00",2295,12.79,"2025-11-28 09:31:00",-4.454,"NAN","NAN","NAN","NAN","NAN",3.196,46.39
"2025-11-28 10:00:00",2296,13.34,"2025-11-28 09:45:10",-3.522,7.832,251.7,374.5,10.45,13.34,3.189,46.4
"2025-11-28 10:15:00",2297,13.54,"2025-11-28 10:04:40",-2.079,7.826,251.7,374.5,10.48,13.44,3.184,46.38
"2025-11-28 10:30:00",2298,12.97,"2025-11-28 10:29:00",-0.637,7.82,251.6,374.5,10.25,12.57,3.177,46.36
"2025-11-28 10:45:00",2299,12.97,"2025-11-28 10:31:00",0.299,7.824,251.7,374.5,10.32,12.74,3.172,46.37
"2025-11-28 11:00:00",2300,14.02,"2025-11-28 10:58:30",1.458,7.831,251.7,374.6,10.27,13.66,3.166,46.39
"2025-11-28 11:15:00",2301,13.1,"2025-11-28 11:12:50",2.697,7.843,251.8,374.5,10.32,12.94,3.159,46.41
"2025-11-28 11:30:00",2302,14.62,"2025-11-28 11:20:50",3.295,7.856,251.9,374.5,10.02,13.52,3.153,46.44
"2025-11-28 11:45:00",2303,14.59,"2025-11-28 11:38:50",3.681,7.869,252,374.6,10.1,13.59,3.148,46.46
"2025-11-28 12:00:00",2304,14.55,"2025-11-28 11:56:00",4.379,7.883,252.1,374.6,9.73,13.57,3.142,46.49
"2025-11-28 12:15:00",2305,14.53,"2025-11-28 12:14:50",5.317,7.902,252.3,374.6,9.82,13.55,3.137,46.52
"2025-11-28 12:30:00",2306,13.13,"2025-11-28 12:26:40",5.782,7.928,252.5,374.7,9.76,12.57,3.13,46.56
"2025-11-28 12:45:00",2307,14.52,"2025-11-28 12:38:40",5.979,"NAN","NAN","NAN","NAN","NAN",3.125,46.62
"2025-11-28 13:00:00",2308,13.51,"2025-11-28 13:00:00",6.055,7.987,253,374.8,9.73,13.51,3.12,46.67
"2025-11-28 13:15:00",2309,12.9,"2025-11-28 13:15:00",5.817,8.01,255,377.5,10.21,12.09,3.114,46.71
"2025-11-28 13:30:00",2310,12.88,"2025-11-28 13:26:40",5.279,8.04,255.5,378,9.51,11.84,3.108,46.75
"2025-11-28 13:45:00",2311,12.86,"2025-11-28 13:42:40",4.775,8.06,255.7,378,11.9,11.81,3.102,46.79
"2025-11-28 14:00:00",2312,12.86,"2025-11-28 13:53:00",4.719,8.08,255.9,378,9.36,11.8,3.096,46.83
"2025-11-28 14:15:00",2313,12.84,"2025-11-28 14:14:40",5.004,8.1,256,378.1,9.77,11.79,3.092,46.85
"2025-11-28 14:30:00",2314,12.83,"2025-11-28 14:23:00",4.955,8.11,256.2,378.2,9.36,11.78,3.086,46.88
"2025-11-28 14:45:00",2315,12.88,"2025-11-28 14:30:10",4.793,8.11,256.3,378.3,10.11,12.21,3.082,46.88
"2025-11-28 15:00:00",2316,12.86,"2025-11-28 14:59:00",4.681,8.11,256.4,378.5,9.19,11.96,3.075,46.88
"2025-11-28 15:15:00",2317,12.83,"2025-11-28 15:09:00",4.575,8.11,256.4,378.6,9.36,11.78,3.069,46.87
"2025-11-28 15:30:00",2318,13.43,"2025-11-28 15:29:00",4.786,8.09,256.4,378.7,10.64,12.77,3.063,46.85
"2025-11-28 15:45:00",2319,13.09,"2025-11-28 15:42:10",5.122,8.07,256.4,378.9,10.88,12.77,3.058,46.82
"2025-11-28 16:00:00",2320,12.83,"2025-11-28 15:58:50",5.086,8.06,256.4,379,11.37,11.96,3.052,46.78
"2025-11-28 16:15:00",2321,12.77,"2025-11-28 16:15:00",4.681,8.04,256.3,379.2,10.77,11.74,3.049,46.75
"2025-11-28 16:30:00",2322,12.73,"2025-11-28 16:29:00",4.035,8.02,256.3,379.3,9.61,11.69,3.045,46.71
"2025-11-28 16:45:00",2323,12.71,"2025-11-28 16:45:00",3.366,7.993,256.2,379.4,9.23,11.65,3.04,46.66
"2025-11-28 17:00:00",2324,12.69,"2025-11-28 16:59:00",2.678,7.966,256.1,379.6,9,11.63,3.036,46.61
"2025-11-28 17:15:00",2325,12.67,"2025-11-28 17:11:00",2.025,7.939,256,379.7,8.92,11.6,3.031,46.56
"2025-11-28 17:30:00",2326,12.66,"2025-11-28 17:26:50",1.408,"NAN","NAN","NAN","NAN","NAN",3.025,46.51
"2025-11-28 17:45:00",2327,12.65,"2025-11-28 17:39:00",0.815,7.883,255.9,380.1,14.62,11.56,3.02,46.46
"2025-11-28 18:00:00",2328,12.63,"2025-11-28 17:53:00",0.226,7.854,255.7,380.3,8.88,11.56,3.014,46.41
"2025-11-28 18:15:00",2329,12.62,"2025-11-28 18:13:00",-0.348,7.824,255.6,380.4,8.81,11.54,3.009,46.36
"2025-11-28 18:30:00",2330,12.62,"2025-11-28 18:22:50",-0.858,7.793,255.5,380.6,8.9,11.53,3.004,46.3
"2025-11-28 18:45:00",2331,12.6,"2025-11-28 18:44:50",-1.287,7.764,255.4,380.8,8.82,11.52,2.999,46.25
"2025-11-28 19:00:00",2332,12.6,"2025-11-28 18:56:50",-1.652,7.734,255.3,381,8.88,11.52,2.994,46.2
"2025-11-28 19:15:00",2333,12.59,"2025-11-28 19:15:00",-1.985,7.707,255.2,381.1,8.68,11.51,2.989,46.15
"2025-11-28 19:30:00",2334,12.59,"2025-11-28 19:27:00",-2.282,7.678,255.1,381.3,8.73,11.5,2.983,46.1
"2025-11-28 19:45:00",2335,12.58,"2025-11-28 19:41:00",-2.551,7.651,255,381.4,8.77,11.49,2.979,46.05
"2025-11-28 20:00:00",2336,12.57,"2025-11-28 19:53:00",-2.793,7.624,254.9,381.6,8.59,11.48,2.974,46
"2025-11-28 20:15:00",2337,12.56,"2025-11-28 20:13:00",-2.991,7.594,254.8,381.7,8.56,11.47,2.969,45.95
"2025-11-28 20:30:00",2338,12.55,"2025-11-28 20:28:50",-3.188,7.567,254.7,381.9,8.43,11.46,2.964,45.9
"2025-11-28 20:45:00",2339,12.55,"2025-11-28 20:36:50",-3.394,7.542,254.6,382,8.76,11.46,2.959,45.86
"2025-11-28 21:00:00",2340,12.54,"2025-11-28 20:52:50",-3.582,7.518,254.5,382.1,8.33,11.45,2.955,45.81
"2025-11-28 21:15:00",2341,12.54,"2025-11-28 21:15:00",-3.744,7.496,254.5,382.3,8.3,11.44,2.949,45.77
"2025-11-28 21:30:00",2342,12.53,"2025-11-28 21:26:50",-3.912,7.471,254.4,382.5,8.31,11.44,2.944,45.73
"2025-11-28 21:45:00",2343,12.53,"2025-11-28 21:45:00",-4.081,7.447,254.3,382.6,8.38,11.43,2.94,45.69
"2025-11-28 22:00:00",2344,12.53,"2025-11-28 21:47:00",-4.249,7.422,254.3,382.8,8.14,11.43,2.935,45.64
"2025-11-28 22:15:00",2345,12.52,"2025-11-28 22:13:00",-4.397,7.396,254.2,382.9,8.21,11.42,2.93,45.59
"2025-11-28 22:30:00",2346,12.51,"2025-11-28 22:19:00",-4.528,7.37,254.1,383.1,8.37,11.41,2.926,45.54
"2025-11-28 22:45:00",2347,12.51,"2025-11-28 22:44:50",-4.664,7.342,254,383.3,8.56,11.41,2.922,45.49
"2025-11-28 23:00:00",2348,12.51,"2025-11-28 22:47:00",-4.796,7.316,254,383.5,8.22,11.4,2.917,45.45
"2025-11-28 23:15:00",2349,12.5,"2025-11-28 23:01:00",-4.901,7.285,253.9,383.7,7.861,11.4,2.912,45.39
"2025-11-28 23:30:00",2350,12.5,"2025-11-28 23:23:00",-4.958,7.256,253.8,383.9,7.859,11.39,2.908,45.34
"2025-11-28 23:45:00",2351,12.49,"2025-11-28 23:41:00",-5.043,7.227,253.7,384.1,8.07,11.39,2.905,45.29
"2025-11-29 00:00:00",2352,12.48,"2025-11-28 23:57:00",-5.119,7.201,253.6,384.3,7.923,11.39,2.9,45.24
"2025-11-29 00:15:00",2353,12.48,"2025-11-29 00:00:40",-5.185,7.172,253.5,384.5,8.05,11.38,2.896,45.2
"2025-11-29 00:30:00",2354,12.48,"2025-11-29 00:26:50",-5.244,7.148,253.5,384.6,7.891,11.38,2.891,45.15
"2025-11-29 00:45:00",2355,12.47,"2025-11-29 00:35:00",-5.262,7.122,253.4,384.8,7.931,11.37,2.886,45.1
"2025-11-29 01:00:00",2356,12.47,"2025-11-29 00:55:00",-5.163,7.101,253.3,384.9,7.802,11.37,2.882,45.07
"2025-11-29 01:15:00",2357,12.47,"2025-11-29 01:02:50",-4.88,7.083,253.4,385.2,7.999,11.36,2.878,45.04
"2025-11-29 01:30:00",2358,12.46,"2025-11-29 01:25:00",-4.616,7.071,253.4,385.3,7.743,11.36,2.875,45.01
"2025-11-29 01:45:00",2359,12.44,"2025-11-29 01:35:10",-4.459,7.055,253.4,385.5,7.845,11.36,2.871,44.99
"2025-11-29 02:00:00",2360,12.46,"2025-11-29 01:49:00",-4.357,7.04,253.4,385.7,7.595,11.36,2.867,44.96
"2025-11-29 02:15:00",2361,12.45,"2025-11-29 02:11:00",-4.353,7.026,253.4,385.8,7.655,11.35,2.863,44.93
"2025-11-29 02:30:00",2362,12.45,"2025-11-29 02:21:00",-4.46,7.006,253.3,386,7.313,11.35,2.859,44.89
"2025-11-29 02:45:00",2363,12.44,"2025-11-29 02:35:00",-4.603,6.985,253.3,386.2,7.521,11.35,2.855,44.86
"2025-11-29 03:00:00",2364,12.44,"2025-11-29 02:59:00",-4.71,6.962,253.2,386.2,7.372,11.35,2.851,44.82
"2025-11-29 03:15:00",2365,12.44,"2025-11-29 03:03:00",-4.745,6.942,253.2,386.5,7.428,11.34,2.846,44.78
"2025-11-29 03:30:00",2366,12.43,"2025-11-29 03:29:00",-4.778,6.922,253.2,386.7,7.433,11.34,2.843,44.74
"2025-11-29 03:45:00",2367,12.43,"2025-11-29 03:39:00",-4.881,6.901,253.2,386.9,7.409,11.33,2.838,44.71
"2025-11-29 04:00:00",2368,12.43,"2025-11-29 03:47:00",-4.99,6.878,253.1,387.1,7.285,11.33,2.835,44.67
"2025-11-29 04:15:00",2369,12.42,"2025-11-29 04:03:00",-5.086,6.856,253.1,387.3,7.275,11.33,2.832,44.63
"2025-11-29 04:30:00",2370,12.42,"2025-11-29 04:17:00",-5.054,6.834,253.1,387.5,7.232,11.32,2.827,44.59
"2025-11-29 04:45:00",2371,12.42,"2025-11-29 04:30:50",-4.802,6.819,253.1,387.7,7.267,11.32,2.822,44.56
"2025-11-29 05:00:00",2372,12.37,"2025-11-29 04:54:30",-4.456,6.807,253.1,387.9,6.977,11.32,2.819,44.54
"2025-11-29 05:15:00",2373,12.41,"2025-11-29 05:11:00",-4.141,6.795,253.2,388.1,7.117,11.31,2.816,44.52
"2025-11-29 05:30:00",2374,12.41,"2025-11-29 05:17:00",-3.87,6.786,253.2,388.3,6.999,11.31,2.813,44.5
"2025-11-29 05:45:00",2375,12.41,"2025-11-29 05:30:40",-3.627,6.775,253.2,388.4,7.043,11.31,2.809,44.48
"2025-11-29 06:00:00",2376,12.41,"2025-11-29 05:58:50",-3.405,6.765,253.3,388.6,6.875,11.31,2.804,44.46
"2025-11-29 06:15:00",2377,12.4,"2025-11-29 06:15:00",-3.184,6.755,253.3,388.8,7.012,11.31,2.801,44.45
"2025-11-29 06:30:00",2378,12.4,"2025-11-29 06:23:00",-2.984,6.747,253.4,389,6.791,11.31,2.798,44.44
"2025-11-29 06:45:00",2379,12.4,"2025-11-29 06:43:00",-2.781,6.739,253.5,389.2,6.745,11.31,2.792,44.42
"2025-11-29 07:00:00",2380,12.4,"2025-11-29 06:48:50",-2.598,6.729,253.5,389.4,6.825,11.3,2.789,44.4
"2025-11-29 07:15:00",2381,12.39,"2025-11-29 07:15:00",-2.466,6.721,253.6,389.6,6.625,11.3,2.785,44.39
"2025-11-29 07:30:00",2382,12.39,"2025-11-29 07:20:50",-2.355,6.714,253.6,389.8,6.909,11.3,2.781,44.38
"2025-11-29 07:45:00",2383,12.39,"2025-11-29 07:42:40",-2.245,6.707,253.7,389.9,7.521,11.3,2.778,44.36
"2025-11-29 08:00:00",2384,12.39,"2025-11-29 07:59:00",-2.132,6.7,253.8,390.1,6.573,11.3,2.774,44.35
"2025-11-29 08:15:00",2385,12.39,"2025-11-29 08:02:20",-1.994,6.694,253.9,390.3,6.697,11.3,2.77,44.34
"2025-11-29 08:30:00",2386,12.39,"2025-11-29 08:19:00",-1.81,6.689,253.9,390.5,6.917,11.31,2.768,44.33
"2025-11-29 08:45:00",2387,12.4,"2025-11-29 08:30:50",-1.541,6.688,254.1,390.7,6.444,11.32,2.765,44.33
"2025-11-29 09:00:00",2388,12.44,"2025-11-29 08:46:40",-1.152,6.686,254.1,390.9,6.412,11.37,2.76,44.33
"2025-11-29 09:15:00",2389,12.51,"2025-11-29 09:01:00",-0.631,6.691,254.3,391,6.399,11.45,2.756,44.34
"2025-11-29 09:30:00",2390,12.54,"2025-11-29 09:29:00",-0.056,6.696,254.4,391.2,6.232,11.49,2.752,44.35
"2025-11-29 09:45:00",2391,12.48,"2025-11-29 09:43:00",0.358,6.701,254.6,391.3,6.115,11.43,2.75,44.36
"2025-11-29 10:00:00",2392,12.48,"2025-11-29 09:46:50",0.594,6.702,254.7,391.5,5.957,11.4,2.746,44.36
"2025-11-29 10:15:00",2393,12.49,"2025-11-29 10:00:40",0.806,6.701,254.8,391.7,6.015,11.41,2.743,44.35
"2025-11-29 10:30:00",2394,12.52,"2025-11-29 10:16:30",1.043,6.702,254.9,391.8,5.877,11.46,2.739,44.36
"2025-11-29 10:45:00",2395,12.59,"2025-11-29 10:30:30",1.433,6.706,255,392,5.886,11.54,2.736,44.37
"2025-11-29 11:00:00",2396,12.67,"2025-11-29 10:47:00",1.902,6.712,255.1,392.1,5.677,11.61,2.733,44.38
"2025-11-29 11:15:00",2397,12.71,"2025-11-29 11:00:40",2.264,6.717,255.3,392.3,5.613,11.67,2.73,44.39
"2025-11-29 11:30:00",2398,12.88,"2025-11-29 11:15:10",2.912,6.729,255.5,392.4,6.728,11.85,2.726,44.41
"2025-11-29 11:45:00",2399,12.98,"2025-11-29 11:30:30",3.699,6.747,255.7,392.5,5.589,11.94,2.722,44.44
"2025-11-29 12:00:00",2400,12.88,"2025-11-29 11:58:30",4.228,6.764,255.9,392.7,5.478,11.9,2.719,44.47
"2025-11-29 12:15:00",2401,12.86,"2025-11-29 12:02:20",4.484,6.778,256.1,392.8,5.343,11.82,2.715,44.5
"2025-11-29 12:30:00",2402,12.99,"2025-11-29 12:16:20",4.873,6.792,256.3,393,5.379,11.99,2.713,44.52
"2025-11-29 12:45:00",2403,12.92,"2025-11-29 12:43:00",5.48,6.812,256.6,393.1,5.316,11.98,2.71,44.56
"2025-11-29 13:00:00",2404,12.93,"2025-11-29 12:47:00",5.771,6.83,256.8,393.2,5.221,11.9,2.706,44.6
"2025-11-29 13:15:00",2405,12.95,"2025-11-29 13:15:00",6.077,6.849,257,393.3,5.221,12.03,2.702,44.63
"2025-11-29 13:30:00",2406,12.88,"2025-11-29 13:27:00",6.172,6.865,257.2,393.5,5.08,11.87,2.699,44.65
"2025-11-29 13:45:00",2407,12.88,"2025-11-29 13:30:50",6.057,6.878,257.4,393.6,5.091,11.84,2.696,44.67
"2025-11-29 14:00:00",2408,12.83,"2025-11-29 13:55:00",5.926,6.885,257.5,393.8,4.95,11.81,2.692,44.69
"2025-11-29 14:15:00",2409,12.81,"2025-11-29 14:04:40",5.731,6.891,257.7,393.9,4.948,11.77,2.689,44.7
"2025-11-29 14:30:00",2410,12.82,"2025-11-29 14:25:00",5.51,6.893,257.8,394.1,4.904,11.78,2.685,44.7
"2025-11-29 14:45:00",2411,12.79,"2025-11-29 14:45:00",5.396,6.895,257.9,394.2,4.922,11.76,2.683,44.71
"2025-11-29 15:00:00",2412,12.76,"2025-11-29 14:57:00",5.274,6.897,258,394.4,4.757,11.72,2.678,44.71
"2025-11-29 15:15:00",2413,12.7,"2025-11-29 15:15:00",5.185,6.894,258.1,394.6,4.755,11.68,2.675,44.7
"2025-11-29 15:30:00",2414,12.7,"2025-11-29 15:17:00",5.066,6.895,258.2,394.7,4.837,11.65,2.671,44.7
"2025-11-29 15:45:00",2415,12.67,"2025-11-29 15:35:00",4.97,6.897,258.4,394.9,4.823,11.62,2.668,44.71
"2025-11-29 16:00:00",2416,12.66,"2025-11-29 15:59:00",4.875,6.898,258.5,395.1,4.769,11.61,2.664,44.71
"2025-11-29 16:15:00",2417,12.61,"2025-11-29 16:14:50",4.823,6.897,258.6,395.3,4.493,11.57,2.661,44.71
"2025-11-29 16:30:00",2418,12.58,"2025-11-29 16:29:00",4.731,6.894,258.7,395.5,4.582,11.53,2.658,44.7
"2025-11-29 16:45:00",2419,12.56,"2025-11-29 16:42:50",4.595,6.893,258.8,395.7,4.641,11.5,2.655,44.7
"2025-11-29 17:00:00",2420,12.55,"2025-11-29 16:54:50",4.456,6.888,258.9,395.9,4.585,11.48,2.653,44.69
"2025-11-29 17:15:00",2421,12.54,"2025-11-29 17:08:40",4.381,6.883,259,396.1,4.535,11.47,2.649,44.68
"2025-11-29 17:30:00",2422,12.52,"2025-11-29 17:24:40",4.358,6.881,259.2,396.3,4.537,11.46,2.646,44.68
"2025-11-29 17:45:00",2423,12.51,"2025-11-29 17:45:00",4.321,6.879,259.3,396.5,4.548,11.45,2.642,44.67
"2025-11-29 18:00:00",2424,12.51,"2025-11-29 17:46:50",4.174,6.875,259.4,396.8,4.584,11.44,2.64,44.66
"2025-11-29 18:15:00",2425,12.5,"2025-11-29 18:02:20",3.945,6.872,259.5,396.9,4.516,11.43,2.638,44.66
"2025-11-29 18:30:00",2426,12.49,"2025-11-29 18:18:50",3.812,6.871,259.6,397.1,4.473,11.42,2.634,44.66
"2025-11-29 18:45:00",2427,12.48,"2025-11-29 18:45:00",3.72,6.873,259.7,397.3,4.383,11.41,2.629,44.66
"2025-11-29 19:00:00",2428,12.48,"2025-11-29 18:47:00",3.667,6.867,259.8,397.4,4.254,11.4,2.627,44.65
"2025-11-29 19:15:00",2429,12.47,"2025-11-29 19:13:00",3.633,6.861,259.8,397.6,4.326,11.39,2.625,44.64
"2025-11-29 19:30:00",2430,12.46,"2025-11-29 19:27:00",3.582,6.859,259.9,397.8,4.247,11.39,2.621,44.64
"2025-11-29 19:45:00",2431,12.46,"2025-11-29 19:33:00",3.515,6.861,260.1,398,4.385,11.38,2.617,44.64
"2025-11-29 20:00:00",2432,12.45,"2025-11-29 19:55:00",3.438,6.861,260.2,398.1,4.183,11.37,2.616,44.64
"2025-11-29 20:15:00",2433,12.45,"2025-11-29 20:03:00",3.384,6.855,260.3,398.3,4.385,11.37,2.614,44.63
"2025-11-29 20:30:00",2434,12.44,"2025-11-29 20:27:00",3.382,6.853,260.4,398.5,4.164,11.36,2.61,44.62
"2025-11-29 20:45:00",2435,12.44,"2025-11-29 20:33:00",3.466,6.849,260.5,398.7,4.286,11.36,2.608,44.62
"2025-11-29 21:00:00",2436,12.43,"2025-11-29 20:59:00",3.631,6.846,260.5,398.8,4.209,11.35,2.606,44.61
"2025-11-29 21:15:00",2437,12.43,"2025-11-29 21:00:50",3.798,6.841,260.6,399,4.117,11.35,2.603,44.6
"2025-11-29 21:30:00",2438,12.42,"2025-11-29 21:17:00",3.935,6.835,260.7,399.1,4.002,11.35,2.601,44.59
"2025-11-29 21:45:00",2439,12.42,"2025-11-29 21:41:00",3.996,6.832,260.7,399.2,4.228,11.34,2.599,44.58
"2025-11-29 22:00:00",2440,12.41,"2025-11-29 21:59:00",3.999,6.826,260.7,399.3,4.088,11.34,2.596,44.58
"2025-11-29 22:15:00",2441,12.41,"2025-11-29 22:15:00",4.015,6.821,260.8,399.5,3.905,11.33,2.594,44.57
"2025-11-29 22:30:00",2442,12.41,"2025-11-29 22:17:00",4.035,6.816,260.9,399.7,3.969,11.33,2.591,44.56
"2025-11-29 22:45:00",2443,12.41,"2025-11-29 22:30:50",4.075,6.811,260.9,399.8,3.968,11.33,2.588,44.55
"2025-11-29 23:00:00",2444,12.4,"2025-11-29 22:59:00",4.125,6.807,261,399.9,3.745,11.32,2.586,44.54
"2025-11-29 23:15:00",2445,12.4,"2025-11-29 23:07:00",4.214,6.803,261,400.1,3.996,11.32,2.583,44.54
"2025-11-29 23:30:00",2446,12.4,"2025-11-29 23:16:40",4.299,6.799,261.1,400.3,3.98,11.32,2.581,44.53
"2025-11-29 23:45:00",2447,12.38,"2025-11-29 23:35:30",4.399,6.795,261.2,400.4,3.965,11.32,2.578,44.52
"2025-11-30 00:00:00",2448,12.39,"2025-11-29 23:46:50",4.502,6.793,261.2,400.5,3.858,11.31,2.577,44.52
"2025-11-30 00:15:00",2449,12.39,"2025-11-30 00:02:50",4.615,6.79,261.3,400.6,3.811,11.31,2.575,44.51
"2025-11-30 00:30:00",2450,12.39,"2025-11-30 00:18:50",4.725,6.788,261.4,400.8,3.765,11.31,2.573,44.51
"2025-11-30 00:45:00",2451,12.38,"2025-11-30 00:39:00",4.833,6.787,261.4,400.9,3.857,11.31,2.571,44.51
"2025-11-30 01:00:00",2452,12.38,"2025-11-30 00:47:00",4.929,6.785,261.5,401.1,3.79,11.3,2.568,44.51
"2025-11-30 01:15:00",2453,12.34,"2025-11-30 01:02:10",5.022,6.785,261.7,401.3,3.751,11.3,2.565,44.5
"2025-11-30 01:30:00",2454,12.37,"2025-11-30 01:27:00",5.103,6.785,261.8,401.5,3.735,11.3,2.563,44.5
"2025-11-30 01:45:00",2455,12.37,"2025-11-30 01:33:00",5.178,6.786,261.9,401.6,3.832,11.3,2.561,44.51
"2025-11-30 02:00:00",2456,12.37,"2025-11-30 01:46:50",5.245,6.786,262,401.8,3.732,11.3,2.558,44.51
"2025-11-30 02:15:00",2457,12.36,"2025-11-30 02:09:00",5.321,6.786,262.1,402,3.671,11.29,2.556,44.51
"2025-11-30 02:30:00",2458,12.36,"2025-11-30 02:17:00",5.394,6.787,262.3,402.2,3.569,11.29,2.553,44.51
"2025-11-30 02:45:00",2459,12.36,"2025-11-30 02:35:00",5.476,6.79,262.4,402.3,3.665,11.28,2.552,44.51
"2025-11-30 03:00:00",2460,12.35,"2025-11-30 02:57:00",5.55,6.792,262.5,402.4,3.492,11.28,2.549,44.52
"2025-11-30 03:15:00",2461,12.35,"2025-11-30 03:13:00",5.611,6.794,262.6,402.6,3.579,11.27,2.546,44.52
"2025-11-30 03:30:00",2462,12.35,"2025-11-30 03:27:00",5.679,6.798,262.8,402.8,3.481,11.28,2.544,44.53
"2025-11-30 03:45:00",2463,12.35,"2025-11-30 03:31:00",5.745,6.803,262.9,403,3.565,11.27,2.541,44.54
"2025-11-30 04:00:00",2464,12.35,"2025-11-30 03:46:40",5.811,6.805,263,403.1,3.518,11.27,2.54,44.54
"2025-11-30 04:15:00",2465,12.34,"2025-11-30 04:09:00",5.871,6.81,263.2,403.3,3.534,11.27,2.537,44.55
"2025-11-30 04:30:00",2466,12.34,"2025-11-30 04:28:50",5.923,6.813,263.3,403.4,3.535,11.26,2.535,44.56
"2025-11-30 04:45:00",2467,12.33,"2025-11-30 04:41:00",5.898,6.817,263.3,403.4,3.489,11.26,2.535,44.56
"2025-11-30 05:00:00",2468,12.33,"2025-11-30 04:56:50",5.481,6.814,263.3,403.5,3.375,11.25,2.531,44.55
"2025-11-30 05:15:00",2469,12.33,"2025-11-30 05:07:00",4.874,6.804,263.3,403.6,3.433,11.25,2.531,44.54
"2025-11-30 05:30:00",2470,12.32,"2025-11-30 05:19:00",4.294,6.792,263.4,403.8,3.637,11.24,2.531,44.51
"2025-11-30 05:45:00",2471,12.31,"2025-11-30 05:41:00",3.73,6.784,263.4,403.9,3.501,11.24,2.528,44.5
"2025-11-30 06:00:00",2472,12.31,"2025-11-30 05:53:00",3.164,6.77,263.4,404.1,3.321,11.23,2.526,44.47
"2025-11-30 06:15:00",2473,12.3,"2025-11-30 06:15:00",2.596,6.752,263.4,404.3,3.33,11.22,2.524,44.44
"2025-11-30 06:30:00",2474,12.3,"2025-11-30 06:17:00",2.073,6.732,263.4,404.5,3.277,11.22,2.522,44.4
"2025-11-30 06:45:00",2475,12.29,"2025-11-30 06:41:00",1.646,6.72,263.4,404.7,3.234,11.21,2.521,44.38
"2025-11-30 07:00:00",2476,12.29,"2025-11-30 06:49:00",1.361,6.707,263.4,404.9,3.263,11.21,2.52,44.36
"2025-11-30 07:15:00",2477,12.28,"2025-11-30 07:05:00",1.183,6.694,263.5,405.1,3.153,11.2,2.516,44.34
"2025-11-30 07:30:00",2478,12.28,"2025-11-30 07:28:50",1.058,6.683,263.5,405.3,3.154,11.2,2.515,44.32
"2025-11-30 07:45:00",2479,12.28,"2025-11-30 07:39:00",0.962,6.67,263.5,405.4,3.125,11.19,2.512,44.3
"2025-11-30 08:00:00",2480,12.28,"2025-11-30 07:53:00",0.875,6.657,263.5,405.7,3.204,11.19,2.509,44.27
"2025-11-30 08:15:00",2481,12.28,"2025-11-30 08:11:00",0.814,6.646,263.6,405.9,3.218,11.19,2.508,44.25
"2025-11-30 08:30:00",2482,12.28,"2025-11-30 08:19:00",0.797,6.636,263.6,406,3.075,11.19,2.506,44.24
"2025-11-30 08:45:00",2483,12.28,"2025-11-30 08:41:00",0.831,6.627,263.6,406.2,3.021,11.2,2.503,44.22
"2025-11-30 09:00:00",2484,12.29,"2025-11-30 08:46:40",0.897,6.616,263.7,406.4,3.683,11.21,2.501,44.2
"2025-11-30 09:15:00",2485,12.36,"2025-11-30 09:13:00",1.053,6.608,263.7,406.5,3.092,11.28,2.498,44.19
"2025-11-30 09:30:00",2486,12.35,"2025-11-30 09:18:50",1.229,6.6,263.8,406.7,2.888,11.28,2.495,44.17
"2025-11-30 09:45:00",2487,12.38,"2025-11-30 09:31:00",1.391,6.595,263.8,406.8,2.85,11.31,2.492,44.16
"2025-11-30 10:00:00",2488,12.45,"2025-11-30 09:47:00",1.633,6.592,263.9,407,2.821,11.4,2.49,44.16
"2025-11-30 10:15:00",2489,12.57,"2025-11-30 10:11:00",1.847,6.593,264,407.1,2.757,11.53,2.487,44.16
"2025-11-30 10:30:00",2490,12.59,"2025-11-30 10:16:50",2.021,6.591,264,407.2,2.731,11.52,2.485,44.15
"2025-11-30 10:45:00",2491,12.77,"2025-11-30 10:30:40",2.34,6.596,264.1,407.3,2.715,11.87,2.482,44.16
"2025-11-30 11:00:00",2492,13.1,"2025-11-30 10:46:20",2.927,6.611,264.3,407.3,2.652,12.56,2.481,44.19
"2025-11-30 11:15:00",2493,13.19,"2025-11-30 11:02:30",3.657,6.634,264.5,407.4,2.585,12.67,2.479,44.23
"2025-11-30 11:30:00",2494,13.13,"2025-11-30 11:29:50",4.384,6.676,264.8,407.4,2.527,12.86,2.475,44.31
"2025-11-30 11:45:00",2495,13.13,"2025-11-30 11:30:10",4.239,6.69,265,407.5,2.525,13.02,2.473,44.33
"2025-11-30 12:00:00",2496,14.56,"2025-11-30 11:58:20",4.796,6.719,265.2,407.5,2.538,13.6,2.472,44.38
"2025-11-30 12:15:00",2497,14.04,"2025-11-30 12:08:50",5.51,6.741,265.5,407.6,2.498,13.56,2.471,44.42
"2025-11-30 12:30:00",2498,13.42,"2025-11-30 12:22:30",6.294,6.776,265.7,407.6,2.446,13.37,2.468,44.48
"2025-11-30 12:45:00",2499,13.24,"2025-11-30 12:40:10",6.86,6.788,265.9,407.7,2.459,12.93,2.467,44.5
"2025-11-30 13:00:00",2500,13.22,"2025-11-30 12:47:00",6.613,6.761,265.8,407.8,2.399,12.97,2.465,44.46
"2025-11-30 13:15:00",2501,13.13,"2025-11-30 13:15:00",6.3,6.755,265.8,408,2.441,12.3,2.463,44.45
"2025-11-30 13:30:00",2502,13.11,"2025-11-30 13:29:00",5.851,6.757,265.9,408.1,2.358,12.15,2.462,44.46
"2025-11-30 13:45:00",2503,13.13,"2025-11-30 13:30:10",5.444,6.769,266,408.1,2.372,12.13,2.46,44.48
"2025-11-30 14:00:00",2504,13.18,"2025-11-30 13:59:00",5.083,6.778,266.1,408.2,2.352,12.18,2.459,44.49
"2025-11-30 14:15:00",2505,13.13,"2025-11-30 14:02:30",5.037,6.778,266.2,408.3,2.28,12.17,2.457,44.49
"2025-11-30 14:30:00",2506,13.27,"2025-11-30 14:22:50",5.047,6.795,266.4,408.4,2.24,12.32,2.454,44.53
"2025-11-30 14:45:00",2507,13.21,"2025-11-30 14:31:00",5.075,6.818,266.6,408.5,2.237,12.47,2.451,44.57
"2025-11-30 15:00:00",2508,13.2,"2025-11-30 14:59:00",5.173,6.833,266.8,408.6,2.217,12.36,2.451,44.6
"2025-11-30 15:15:00",2509,13.11,"2025-11-30 15:09:00",5.089,6.849,267,408.7,2.187,12.13,2.448,44.62
"2025-11-30 15:30:00",2510,13.08,"2025-11-30 15:18:50",4.694,6.842,267,408.8,2.147,12.12,2.445,44.61
"2025-11-30 15:45:00",2511,12.97,"2025-11-30 15:45:00",4.437,6.833,267.1,409,2.213,12.1,2.444,44.59
"2025-11-30 16:00:00",2512,12.93,"2025-11-30 15:51:00",4.18,6.829,267.1,409.1,2.157,11.9,2.443,44.58
"2025-11-30 16:15:00",2513,12.87,"2025-11-30 16:15:00",3.858,6.812,267.1,409.3,2.087,11.85,2.441,44.55
"2025-11-30 16:30:00",2514,12.79,"2025-11-30 16:28:50",3.432,6.775,267,409.6,2.049,11.77,2.439,44.48
"2025-11-30 16:45:00",2515,12.74,"2025-11-30 16:45:00",3.002,6.741,266.9,409.8,2.027,11.7,2.437,44.42
"2025-11-30 17:00:00",2516,12.73,"2025-11-30 16:51:00",2.522,6.707,266.8,410,2.041,11.66,2.436,44.36
"2025-11-30 17:15:00",2517,12.7,"2025-11-30 17:13:00",1.97,6.676,266.7,410.3,2.055,11.65,2.434,44.31
"2025-11-30 17:30:00",2518,12.68,"2025-11-30 17:28:50",1.493,6.65,266.6,410.5,2.142,11.62,2.431,44.26
"2025-11-30 17:45:00",2519,12.67,"2025-11-30 17:44:30",1.068,"NAN","NAN","NAN","NAN","NAN",2.428,44.21
"2025-11-30 18:00:00",2520,12.66,"2025-11-30 17:54:40",0.624,6.601,266.6,411,1.975,11.58,2.427,44.17
"2025-11-30 18:15:00",2521,12.65,"2025-11-30 18:13:00",0.305,6.577,266.7,411.4,1.993,11.57,2.425,44.13
"2025-11-30 18:30:00",2522,12.64,"2025-11-30 18:29:00",0.088,6.557,266.5,411.4,1.979,11.56,2.422,44.09
"2025-11-30 18:45:00",2523,12.64,"2025-11-30 18:39:00",-0.109,6.537,266.5,411.7,2.046,11.55,2.421,44.05
"2025-11-30 19:00:00",2524,12.63,"2025-11-30 18:53:00",-0.297,6.514,266.5,411.9,1.998,11.55,2.418,44.01
"2025-11-30 19:15:00",2525,12.62,"2025-11-30 19:02:20",-0.504,6.492,266.5,412.2,1.895,11.54,2.416,43.97
"2025-11-30 19:30:00",2526,12.61,"2025-11-30 19:28:50",-0.702,6.472,266.5,412.4,1.913,11.53,2.414,43.94
"2025-11-30 19:45:00",2527,12.61,"2025-11-30 19:45:00",-0.861,6.457,266.5,412.6,1.858,11.52,2.413,43.92
"2025-11-30 20:00:00",2528,12.6,"2025-11-30 19:58:50",-0.99,6.45,266.5,412.8,1.823,11.52,2.41,43.9
"2025-11-30 20:15:00",2529,12.59,"2025-11-30 20:10:40",-1.092,6.439,266.6,413,1.85,11.51,2.408,43.89
"2025-11-30 20:30:00",2530,12.59,"2025-11-30 20:27:00",-1.157,6.432,266.6,413.2,1.869,11.51,2.406,43.87
"2025-11-30 20:45:00",2531,12.59,"2025-11-30 20:41:00",-1.205,6.424,266.7,413.4,1.823,11.5,2.403,43.86
"2025-11-30 21:00:00",2532,12.58,"2025-11-30 20:59:00",-1.255,6.412,266.8,413.6,1.851,11.5,2.401,43.84
"2025-11-30 21:15:00",2533,12.58,"2025-11-30 21:02:20",-1.297,6.4,266.8,413.8,1.853,11.5,2.399,43.82
"2025-11-30 21:30:00",2534,12.57,"2025-11-30 21:29:00",-1.352,6.388,266.8,414,1.773,11.49,2.398,43.79
"2025-11-30 21:45:00",2535,12.57,"2025-11-30 21:44:50",-1.414,6.375,266.9,414.2,1.785,11.48,2.395,43.77
"2025-11-30 22:00:00",2536,12.57,"2025-11-30 21:59:00",-1.472,6.364,266.9,414.4,1.828,11.48,2.393,43.75
"2025-11-30 22:15:00",2537,12.56,"2025-11-30 22:11:00",-1.548,6.351,266.9,414.6,1.749,11.47,2.391,43.73
"2025-11-30 22:30:00",2538,12.56,"2025-11-30 22:24:50",-1.617,6.337,266.9,414.8,1.649,11.47,2.388,43.7
"2025-11-30 22:45:00",2539,12.55,"2025-11-30 22:30:50",-1.686,6.322,266.9,414.9,1.765,11.46,2.387,43.67
"2025-11-30 23:00:00",2540,12.55,"2025-11-30 22:57:00",-1.741,6.303,266.9,415.1,1.709,11.46,2.384,43.64
"2025-11-30 23:15:00",2541,12.54,"2025-11-30 23:02:20",-1.801,6.283,266.9,415.3,1.621,11.46,2.382,43.6
"2025-11-30 23:30:00",2542,12.54,"2025-11-30 23:28:50",-1.843,6.258,266.8,415.5,1.717,11.45,2.38,43.56
"2025-11-30 23:45:00",2543,12.54,"2025-11-30 23:44:50",-1.882,6.235,266.7,415.7,1.725,11.45,2.38,43.52
"2025-12-01 00:00:00",2544,12.53,"2025-11-30 23:57:00",-1.887,6.216,266.7,415.9,1.713,11.45,2.379,43.48
"2025-12-01 00:15:00",2545,12.53,"2025-12-01 00:02:20",-1.889,6.198,266.7,416.1,1.593,11.44,2.376,43.45
"2025-12-01 00:30:00",2546,12.53,"2025-12-01 00:29:00",-1.907,6.179,266.6,416.3,1.667,11.44,2.373,43.41
"2025-12-01 00:45:00",2547,12.53,"2025-12-01 00:35:00",-1.907,6.157,266.6,416.5,1.604,11.44,2.371,43.38
"2025-12-01 01:00:00",2548,12.53,"2025-12-01 00:59:00",-1.891,6.137,266.5,416.6,1.699,11.43,2.37,43.34
"2025-12-01 01:15:00",2549,12.52,"2025-12-01 01:02:40",-1.869,6.118,266.5,416.8,1.704,11.43,2.368,43.31
"2025-12-01 01:30:00",2550,12.52,"2025-12-01 01:28:50",-1.828,6.098,266.5,417.1,1.677,11.42,2.366,43.27
"2025-12-01 01:45:00",2551,12.52,"2025-12-01 01:42:40",-1.801,6.077,266.4,417.2,1.727,11.42,2.364,43.23
"2025-12-01 02:00:00",2552,12.51,"2025-12-01 01:57:00",-1.829,6.055,266.4,417.4,1.571,11.42,2.361,43.19
"2025-12-01 02:15:00",2553,12.51,"2025-12-01 02:15:00",-2.047,6.033,266.3,417.6,1.579,11.42,2.36,43.15
"2025-12-01 02:30:00",2554,12.5,"2025-12-01 02:28:50",-2.322,6.01,266.2,417.8,1.477,11.41,2.358,43.11
"2025-12-01 02:45:00",2555,12.5,"2025-12-01 02:36:50",-2.484,5.982,266.1,418,1.562,11.4,2.356,43.06
"2025-12-01 03:00:00",2556,12.5,"2025-12-01 02:55:00",-2.665,5.958,266.1,418.2,1.458,11.4,2.353,43.02
"2025-12-01 03:15:00",2557,12.49,"2025-12-01 03:04:50",-2.853,5.933,266,418.3,1.489,11.4,2.351,42.97
"2025-12-01 03:30:00",2558,12.48,"2025-12-01 03:25:00",-3.063,5.908,265.9,418.5,1.593,11.4,2.349,42.93
"2025-12-01 03:45:00",2559,12.48,"2025-12-01 03:33:00",-3.198,5.884,265.8,418.7,1.575,11.39,2.348,42.89
"2025-12-01 04:00:00",2560,12.48,"2025-12-01 03:46:50",-3.28,5.867,265.8,418.8,1.537,11.38,2.347,42.85
"2025-12-01 04:15:00",2561,12.48,"2025-12-01 04:02:20",-3.344,5.847,265.7,419,1.479,11.38,2.345,42.82
"2025-12-01 04:30:00",2562,12.47,"2025-12-01 04:17:00",-3.419,5.828,265.7,419.2,1.518,11.38,2.343,42.79
"2025-12-01 04:45:00",2563,12.47,"2025-12-01 04:30:50",-3.47,5.812,265.7,419.3,1.431,11.37,2.342,42.76
"2025-12-01 05:00:00",2564,12.46,"2025-12-01 04:59:00",-3.493,5.793,265.6,419.5,1.46,11.37,2.339,42.73
"2025-12-01 05:15:00",2565,12.46,"2025-12-01 05:02:20",-3.52,5.777,265.6,419.7,1.455,11.37,2.337,42.7
"2025-12-01 05:30:00",2566,12.46,"2025-12-01 05:17:00",-3.563,5.759,265.6,419.9,1.381,11.36,2.336,42.67
"2025-12-01 05:45:00",2567,12.46,"2025-12-01 05:44:50",-3.641,5.744,265.5,420,1.459,11.36,2.335,42.64
"2025-12-01 06:00:00",2568,12.45,"2025-12-01 05:59:00",-3.717,5.728,265.5,420.2,1.38,11.36,2.334,42.61
"2025-12-01 06:15:00",2569,12.45,"2025-12-01 06:01:00",-3.842,5.71,265.5,420.3,1.458,11.35,2.333,42.57
"2025-12-01 06:30:00",2570,12.45,"2025-12-01 06:25:00",-3.992,5.688,265.4,420.5,1.365,11.35,2.331,42.54
"2025-12-01 06:45:00",2571,12.44,"2025-12-01 06:37:00",-4.086,5.667,265.3,420.7,1.411,11.35,2.329,42.5
"2025-12-01 07:00:00",2572,12.44,"2025-12-01 06:47:00",-3.985,5.655,265.3,420.8,1.311,11.34,2.328,42.48
"2025-12-01 07:15:00",2573,12.43,"2025-12-01 07:02:20",-3.772,5.643,265.3,421,1.381,11.34,2.326,42.46
"2025-12-01 07:30:00",2574,12.43,"2025-12-01 07:27:00",-3.563,5.636,265.4,421.1,1.363,11.33,2.324,42.45
"2025-12-01 07:45:00",2575,12.42,"2025-12-01 07:35:00",-3.393,5.626,265.4,421.2,1.389,11.33,2.322,42.43
"2025-12-01 08:00:00",2576,12.43,"2025-12-01 07:47:00",-3.23,5.617,265.4,421.4,1.293,11.34,2.32,42.41
"2025-12-01 08:15:00",2577,12.43,"2025-12-01 08:02:20",-3.053,5.608,265.4,421.5,1.452,11.35,2.319,42.4
"2025-12-01 08:30:00",2578,12.46,"2025-12-01 08:16:40",-2.812,5.604,265.5,421.7,1.421,11.37,2.317,42.39
"2025-12-01 08:45:00",2579,12.44,"2025-12-01 08:37:00",-2.577,5.599,265.5,421.7,1.359,11.36,2.316,42.38
"2025-12-01 09:00:00",2580,12.49,"2025-12-01 08:46:40",-2.346,5.598,265.5,421.8,1.287,11.41,2.313,42.38
"2025-12-01 09:15:00",2581,12.57,"2025-12-01 09:00:50",-1.954,5.599,265.6,421.9,1.31,11.49,2.313,42.38
"2025-12-01 09:30:00",2582,12.6,"2025-12-01 09:16:40",-1.528,5.604,265.6,421.9,1.231,11.52,2.311,42.39
"2025-12-01 09:45:00",2583,12.66,"2025-12-01 09:31:00",-1.224,5.607,265.7,421.9,1.268,11.59,2.309,42.39
"2025-12-01 10:00:00",2584,12.79,"2025-12-01 09:47:00",-0.845,5.614,265.7,422,1.216,11.73,2.308,42.41
"2025-12-01 10:15:00",2585,12.87,"2025-12-01 10:00:40",-0.448,5.63,265.8,421.9,1.201,11.87,2.307,42.43
"2025-12-01 10:30:00",2586,12.97,"2025-12-01 10:23:00",0.024,5.642,265.9,421.9,1.167,11.95,2.305,42.46
"2025-12-01 10:45:00",2587,13.01,"2025-12-01 10:31:00",0.385,5.652,266,421.9,1.128,11.97,2.304,42.48
"2025-12-01 11:00:00",2588,13.14,"2025-12-01 10:49:00",0.646,5.668,266.1,421.8,1.163,12.13,2.303,42.51
"2025-12-01 11:15:00",2589,13.06,"2025-12-01 11:15:00",1.01,5.685,266.2,421.8,1.128,12.13,2.303,42.54
"2025-12-01 11:30:00",2590,12.94,"2025-12-01 11:29:00",1.467,5.704,266.3,421.7,1.112,12.09,2.302,42.57
"2025-12-01 11:45:00",2591,12.91,"2025-12-01 11:31:00",1.73,5.716,266.4,421.7,1.14,11.92,2.3,42.59
"2025-12-01 12:00:00",2592,13.1,"2025-12-01 11:46:30",2.024,5.736,266.5,421.7,1.123,12.13,2.299,42.63
"2025-12-01 12:15:00",2593,13.23,"2025-12-01 12:05:00",2.364,5.762,266.7,421.6,1.027,12.52,2.296,42.68
"2025-12-01 12:30:00",2594,13.36,"2025-12-01 12:16:20",2.438,5.784,266.8,421.5,1.023,12.91,2.294,42.72
"2025-12-01 12:45:00",2595,14.32,"2025-12-01 12:40:50",2.858,5.823,267.1,421.4,1.015,13.65,2.293,42.79
"2025-12-01 13:00:00",2596,13.55,"2025-12-01 12:47:00",3.236,5.852,267.2,421.3,0.983,13.59,2.29,42.84
"2025-12-01 13:15:00",2597,13.23,"2025-12-01 13:12:40",3.507,5.871,267.4,421.3,1.033,12.66,2.291,42.88
"2025-12-01 13:30:00",2598,13.34,"2025-12-01 13:16:10",3.756,5.91,267.7,421.3,0.957,12.62,2.288,42.96
"2025-12-01 13:45:00",2599,13.41,"2025-12-01 13:30:40",3.822,5.948,267.9,421.1,1.007,13.1,2.287,43.02
"2025-12-01 14:00:00",2600,13.84,"2025-12-01 13:45:10",3.977,5.953,267.9,421.1,0.933,13.39,2.286,43.02
"2025-12-01 14:15:00",2601,13.51,"2025-12-01 14:11:00",4.239,5.97,268,421,0.893,13.42,2.284,43.06
"2025-12-01 14:30:00",2602,13.16,"2025-12-01 14:28:40",4.597,6.002,268.2,421,0.947,12.51,2.283,43.11
"2025-12-01 14:45:00",2603,13.06,"2025-12-01 14:44:50",4.734,6.029,268.4,420.9,0.952,12.12,2.282,43.16
"2025-12-01 15:00:00",2604,13.03,"2025-12-01 14:48:50",4.743,6.053,268.6,420.9,0.877,12.07,2.28,43.2
"2025-12-01 15:15:00",2605,13.02,"2025-12-01 15:02:40",4.653,6.075,268.7,420.9,0.876,12.06,2.277,43.24
"2025-12-01 15:30:00",2606,12.9,"2025-12-01 15:29:00",4.619,6.099,268.9,420.8,0.913,11.98,2.276,43.29
"2025-12-01 15:45:00",2607,12.87,"2025-12-01 15:39:00",4.449,6.109,269,420.8,0.909,11.83,2.275,43.3
"2025-12-01 16:00:00",2608,12.86,"2025-12-01 15:49:00",4.179,6.108,269,420.9,0.825,11.81,2.275,43.29
"2025-12-01 16:15:00",2609,12.87,"2025-12-01 16:09:00",3.982,6.099,269,421,0.843,11.84,2.272,43.28
"2025-12-01 16:30:00",2610,12.83,"2025-12-01 16:29:00",3.838,6.092,269,421.1,0.773,11.82,2.271,43.27
"2025-12-01 16:45:00",2611,12.77,"2025-12-01 16:45:00",3.602,6.086,269,421.2,0.84,11.74,2.27,43.26
"2025-12-01 17:00:00",2612,12.74,"2025-12-01 16:57:00",3.311,6.082,269.1,421.3,0.909,11.69,2.268,43.25
"2025-12-01 17:15:00",2613,12.71,"2025-12-01 17:14:30",2.999,6.08,269.1,421.4,0.78,11.66,2.267,43.25
"2025-12-01 17:30:00",2614,12.69,"2025-12-01 17:27:00",2.672,6.08,269.2,421.6,1.908,11.63,2.266,43.25
"2025-12-01 17:45:00",2615,12.68,"2025-12-01 17:41:00",2.372,6.079,269.3,421.6,0.975,11.61,2.265,43.25
"2025-12-01 18:00:00",2616,12.67,"2025-12-01 17:59:00",2.091,6.078,269.4,421.8,0.73,11.6,2.264,43.25
"2025-12-01 18:15:00",2617,12.63,"2025-12-01 18:02:20",1.911,6.074,269.5,422,0.664,11.59,2.264,43.24
"2025-12-01 18:30:00",2618,12.66,"2025-12-01 18:19:00",1.789,6.072,269.5,422.1,0.695,11.58,2.262,43.23
"2025-12-01 18:45:00",2619,12.65,"2025-12-01 18:40:40",1.693,6.068,269.6,422.3,0.769,11.57,2.261,43.23
"2025-12-01 19:00:00",2620,12.64,"2025-12-01 18:57:00",1.628,6.063,269.6,422.4,0.783,11.57,2.259,43.22
"2025-12-01 19:15:00",2621,12.63,"2025-12-01 19:14:30",1.588,6.058,269.7,422.6,0.779,11.55,2.258,43.21
"2025-12-01 19:30:00",2622,12.63,"2025-12-01 19:27:00",1.523,"NAN","NAN","NAN","NAN","NAN",2.256,43.2
"2025-12-01 19:45:00",2623,12.62,"2025-12-01 19:44:50",1.476,6.047,269.9,423,0.825,11.54,2.255,43.19
"2025-12-01 20:00:00",2624,12.62,"2025-12-01 19:58:40",1.437,6.04,269.9,423.1,0.618,11.54,2.254,43.17
"2025-12-01 20:15:00",2625,12.61,"2025-12-01 20:02:20",1.384,6.033,270,423.3,0.568,11.53,2.252,43.16
"2025-12-01 20:30:00",2626,12.61,"2025-12-01 20:28:40",1.309,6.027,270,423.5,0.644,11.53,2.251,43.15
"2025-12-01 20:45:00",2627,12.6,"2025-12-01 20:45:00",1.247,6.017,270.1,423.7,0.71,11.52,2.25,43.13
"2025-12-01 21:00:00",2628,12.6,"2025-12-01 20:55:00",1.267,6.007,270.1,423.9,0.626,11.52,2.248,43.12
"2025-12-01 21:15:00",2629,12.59,"2025-12-01 21:09:00",1.306,5.999,270.1,424,0.625,11.51,2.246,43.1
"2025-12-01 21:30:00",2630,12.59,"2025-12-01 21:21:00",1.316,5.99,270.2,424.2,0.574,11.51,2.245,43.08
"2025-12-01 21:45:00",2631,12.58,"2025-12-01 21:44:50",1.277,5.982,270.2,424.4,0.631,11.5,2.244,43.07
"2025-12-01 22:00:00",2632,12.58,"2025-12-01 21:57:00",1.236,5.979,270.3,424.5,0.561,11.5,2.242,43.07
"2025-12-01 22:15:00",2633,12.57,"2025-12-01 22:15:00",1.19,5.975,270.4,424.7,0.721,11.5,2.241,43.06
"2025-12-01 22:30:00",2634,12.57,"2025-12-01 22:16:40",1.114,5.97,270.4,424.9,0.675,11.49,2.24,43.05
"2025-12-01 22:45:00",2635,12.57,"2025-12-01 22:38:50",1.036,5.966,270.5,425,0.618,11.49,2.239,43.04
"2025-12-01 23:00:00",2636,12.56,"2025-12-01 22:57:30",0.949,5.96,270.5,425,0.618,11.48,2.24,43.03
"2025-12-01 23:15:00",2637,12.56,"2025-12-01 23:12:40",0.853,5.95,270.4,425.1,0.631,11.48,2.239,43.01
"2025-12-01 23:30:00",2638,12.55,"2025-12-01 23:28:40",0.756,5.931,270.2,425.1,0.607,11.47,2.239,42.98
"2025-12-01 23:45:00",2639,12.55,"2025-12-01 23:31:00",0.675,5.909,270.1,425.1,0.709,11.47,2.239,42.94
"2025-12-02 00:00:00",2640,12.55,"2025-12-01 23:58:50",0.601,5.874,269.8,425.1,0.59,11.46,2.24,42.87
"2025-12-02 00:15:00",2641,12.55,"2025-12-02 00:00:50",0.538,5.848,269.6,425.2,0.647,11.46,2.241,42.83
"2025-12-02 00:30:00",2642,12.54,"2025-12-02 00:25:00",0.481,5.831,269.5,425.2,0.627,11.46,2.239,42.79
"2025-12-02 00:45:00",2643,12.54,"2025-12-02 00:30:50",0.44,5.808,269.4,425.3,0.69,11.45,2.239,42.75
"2025-12-02 01:00:00",2644,12.53,"2025-12-02 00:56:50",0.403,5.758,268.9,425.2,0.695,11.45,2.24,42.65
"2025-12-02 01:15:00",2645,12.5,"2025-12-02 01:06:00",0.375,5.702,268.4,425.1,0.579,11.44,2.241,42.55
"2025-12-02 01:30:00",2646,12.52,"2025-12-02 01:29:00",0.36,5.646,267.9,425,0.598,11.44,2.243,42.45
"2025-12-02 01:45:00",2647,12.52,"2025-12-02 01:44:50",0.335,5.581,267.3,424.9,0.621,11.43,2.244,42.33
"2025-12-02 02:00:00",2648,12.51,"2025-12-02 01:51:00",0.31,5.515,266.7,424.7,0.598,11.43,2.248,42.21
"2025-12-02 02:15:00",2649,12.47,"2025-12-02 02:02:20",0.285,5.435,265.9,424.5,0.589,11.42,2.25,42.07
"2025-12-02 02:30:00",2650,12.5,"2025-12-02 02:17:00",0.265,5.356,265,424.2,0.488,11.42,2.253,41.92
"2025-12-02 02:45:00",2651,12.5,"2025-12-02 02:45:00",0.246,5.278,264.3,424.1,0.625,11.41,2.254,41.79
"2025-12-02 03:00:00",2652,12.49,"2025-12-02 02:57:00",0.228,5.24,264,424,0.573,11.41,2.254,41.73
"2025-12-02 03:15:00",2653,12.49,"2025-12-02 03:15:00",0.221,5.206,263.7,424,0.652,11.4,2.255,41.67
"2025-12-02 03:30:00",2654,12.49,"2025-12-02 03:23:00",0.203,5.16,263.2,423.9,0.567,11.4,2.256,41.59
"2025-12-02 03:45:00",2655,12.48,"2025-12-02 03:38:50",0.19,5.136,263.1,423.9,0.572,11.39,2.254,41.55
"2025-12-02 04:00:00",2656,12.48,"2025-12-02 03:58:50",0.164,5.128,263.1,424,0.579,11.39,2.252,41.54
"2025-12-02 04:15:00",2657,12.43,"2025-12-02 04:02:20",0.147,5.129,263.1,424.1,0.586,11.38,2.251,41.54
"2025-12-02 04:30:00",2658,12.47,"2025-12-02 04:29:00",0.146,5.128,263.2,424.1,0.487,11.38,2.25,41.54
"2025-12-02 04:45:00",2659,12.46,"2025-12-02 04:45:00",0.16,5.129,263.2,424.3,0.589,11.38,2.249,41.54
"2025-12-02 05:00:00",2660,12.46,"2025-12-02 04:57:00",0.16,5.125,263.3,424.4,0.514,11.37,2.247,41.53
"2025-12-02 05:15:00",2661,12.46,"2025-12-02 05:00:40",0.16,5.119,263.3,424.5,0.452,11.37,2.246,41.53
"2025-12-02 05:30:00",2662,12.45,"2025-12-02 05:29:00",0.128,5.116,263.4,424.6,0.487,11.36,2.244,41.52
"2025-12-02 05:45:00",2663,12.44,"2025-12-02 05:37:00",0.094,5.112,263.4,424.7,0.461,11.36,2.242,41.51
"2025-12-02 06:00:00",2664,12.44,"2025-12-02 05:50:50",0.063,5.108,263.4,424.8,0.728,11.36,2.241,41.5
"2025-12-02 06:15:00",2665,12.44,"2025-12-02 06:06:50",0.041,5.1,263.4,424.9,0.502,11.35,2.24,41.49
"2025-12-02 06:30:00",2666,12.44,"2025-12-02 06:19:00",0.029,5.095,263.5,425.1,0.513,11.35,2.238,41.48
"2025-12-02 06:45:00",2667,12.39,"2025-12-02 06:36:10",-0.003,5.086,263.5,425.2,0.463,11.35,2.236,41.47
"2025-12-02 07:00:00",2668,12.43,"2025-12-02 06:54:50",-0.04,5.081,263.5,425.3,0.483,11.35,2.235,41.45
"2025-12-02 07:15:00",2669,12.42,"2025-12-02 07:02:30",-0.093,5.07,263.5,425.4,0.525,11.34,2.234,41.44
"2025-12-02 07:30:00",2670,12.43,"2025-12-02 07:17:00",-0.173,5.058,263.4,425.5,0.435,11.33,2.232,41.41
"2025-12-02 07:45:00",2671,12.42,"2025-12-02 07:30:50",-0.287,5.046,263.4,425.6,0.537,11.33,2.23,41.39
"2025-12-02 08:00:00",2672,12.42,"2025-12-02 07:57:00",-0.386,5.035,263.4,425.7,0.509,11.33,2.229,41.37
"2025-12-02 08:15:00",2673,12.42,"2025-12-02 08:01:00",-0.456,5.023,263.4,425.8,0.44,11.32,2.227,41.34
"2025-12-02 08:30:00",2674,12.42,"2025-12-02 08:16:50",-0.495,5.01,263.3,426,0.453,11.33,2.225,41.32
"2025-12-02 08:45:00",2675,12.41,"2025-12-02 08:39:00",-0.5,5,263.3,426.1,0.489,11.32,2.224,41.31
"2025-12-02 09:00:00",2676,12.41,"2025-12-02 08:55:00",-0.5,4.995,263.3,426.1,0.728,11.32,2.223,41.3
"2025-12-02 09:15:00",2677,12.41,"2025-12-02 09:00:50",-0.48,4.99,263.3,426.2,0.501,11.32,2.222,41.29
"2025-12-02 09:30:00",2678,12.41,"2025-12-02 09:16:50",-0.489,4.988,263.3,426.3,0.449,11.32,2.221,41.29
"2025-12-02 09:45:00",2679,12.42,"2025-12-02 09:30:40",-0.476,4.987,263.4,426.4,0.515,11.32,2.219,41.29
"2025-12-02 10:00:00",2680,12.4,"2025-12-02 09:57:00",-0.414,4.992,263.5,426.5,0.445,11.32,2.218,41.29
"2025-12-02 10:15:00",2681,12.4,"2025-12-02 10:02:30",-0.366,4.998,263.6,426.5,0.382,11.32,2.218,41.3
"2025-12-02 10:30:00",2682,12.4,"2025-12-02 10:25:00",-0.342,5.004,263.7,426.7,0.395,11.32,2.216,41.32
"2025-12-02 10:45:00",2683,12.4,"2025-12-02 10:45:00",-0.323,5.013,263.8,426.8,0.416,11.32,2.214,41.33
"2025-12-02 11:00:00",2684,12.4,"2025-12-02 10:49:00",-0.269,5.019,264,426.9,0.407,11.32,2.213,41.34
"2025-12-02 11:15:00",2685,12.4,"2025-12-02 11:14:40",-0.256,"NAN","NAN","NAN","NAN","NAN",2.212,41.35
"2025-12-02 11:30:00",2686,12.4,"2025-12-02 11:23:00",-0.284,5.034,264.2,427.1,0.369,11.31,2.211,41.37
"2025-12-02 11:45:00",2687,12.4,"2025-12-02 11:30:50",-0.321,5.042,264.4,427.3,0.389,11.31,2.21,41.39
"2025-12-02 12:00:00",2688,12.39,"2025-12-02 11:59:00",-0.342,5.048,264.6,427.5,0.343,11.31,2.209,41.4
"2025-12-02 12:15:00",2689,12.39,"2025-12-02 12:03:00",-0.356,5.058,264.8,427.7,0.319,11.31,2.207,41.41
"2025-12-02 12:30:00",2690,12.39,"2025-12-02 12:21:00",-0.373,5.068,265,427.9,0.37,11.31,2.206,41.43
"2025-12-02 12:45:00",2691,12.39,"2025-12-02 12:30:30",-0.373,5.075,265.1,428,0.314,11.31,2.205,41.44
"2025-12-02 13:00:00",2692,12.4,"2025-12-02 12:49:00",-0.348,5.091,265.4,428.2,0.327,11.32,2.203,41.47
"2025-12-02 13:15:00",2693,12.39,"2025-12-02 13:01:00",-0.291,"NAN","NAN","NAN","NAN","NAN",2.201,41.5
"2025-12-02 13:30:00",2694,12.39,"2025-12-02 13:25:00",-0.227,5.118,265.6,428.3,0.276,11.31,2.201,41.53
"2025-12-02 13:45:00",2695,12.4,"2025-12-02 13:33:00",-0.11,5.137,265.8,428.3,0.299,11.31,2.199,41.55
"2025-12-02 14:00:00",2696,12.38,"2025-12-02 13:59:00",-0.039,5.138,265.8,428.3,0.254,11.3,2.198,41.56
"2025-12-02 14:15:00",2697,12.38,"2025-12-02 14:01:00",-0.129,5.155,266,428.3,0.267,11.3,2.196,41.58
"2025-12-02 14:30:00",2698,12.38,"2025-12-02 14:17:00",-0.208,5.161,266,428.3,0.355,11.29,2.195,41.6
"2025-12-02 14:45:00",2699,12.38,"2025-12-02 14:43:00",-0.265,5.168,266.1,428.4,0.265,11.29,2.194,41.61
"2025-12-02 15:00:00",2700,12.37,"2025-12-02 14:57:00",-0.357,5.171,266.1,428.4,0.337,11.28,2.193,41.62
"2025-12-02 15:15:00",2701,12.37,"2025-12-02 15:02:20",-0.488,5.177,266.2,428.4,0.206,11.27,2.191,41.62
"2025-12-02 15:30:00",2702,12.36,"2025-12-02 15:28:50",-0.637,5.175,266.2,428.4,0.265,11.27,2.19,41.62
"2025-12-02 15:45:00",2703,12.36,"2025-12-02 15:35:00",-0.807,5.171,266.2,428.5,0.193,11.27,2.188,41.61
"2025-12-02 16:00:00",2704,12.35,"2025-12-02 15:55:00",-0.988,5.162,266.2,428.6,0.202,11.26,2.187,41.6
"2025-12-02 16:15:00",2705,12.35,"2025-12-02 16:10:40",-1.167,5.158,266.2,428.6,0.155,11.25,2.186,41.59
"2025-12-02 16:30:00",2706,12.34,"2025-12-02 16:29:00",-1.338,5.151,266.2,428.7,0.222,11.25,2.184,41.58
"2025-12-02 16:45:00",2707,12.34,"2025-12-02 16:33:00",-1.512,5.148,266.2,428.8,0.23,11.24,2.183,41.57
"2025-12-02 17:00:00",2708,12.33,"2025-12-02 16:58:50",-1.698,5.143,266.2,428.8,0.185,11.23,2.181,41.56
"2025-12-02 17:15:00",2709,12.33,"2025-12-02 17:14:50",-1.868,5.129,266.1,428.9,0.119,11.24,2.179,41.54
"2025-12-02 17:30:00",2710,12.32,"2025-12-02 17:25:00",-2.044,5.124,266.1,429,0.202,11.23,2.179,41.53
"2025-12-02 17:45:00",2711,12.32,"2025-12-02 17:34:50",-2.2,5.117,266.1,429.1,0.519,11.22,2.177,41.52
"2025-12-02 18:00:00",2712,12.32,"2025-12-02 17:47:00",-2.337,5.106,266.1,429.2,0.195,11.22,2.176,41.5
"2025-12-02 18:15:00",2713,12.31,"2025-12-02 18:08:50",-2.461,"NAN","NAN","NAN","NAN","NAN",2.174,41.5
"2025-12-02 18:30:00",2714,12.31,"2025-12-02 18:27:00",-2.569,5.1,266.2,429.4,0.293,11.21,2.172,41.49
"2025-12-02 18:45:00",2715,12.3,"2025-12-02 18:41:00",-2.657,5.089,266.2,429.5,0.795,11.21,2.171,41.47
"2025-12-02 19:00:00",2716,12.3,"2025-12-02 18:57:00",-2.74,5.089,266.2,429.6,0.239,11.2,2.169,41.47
"2025-12-02 19:15:00",2717,12.3,"2025-12-02 19:02:20",-2.814,5.085,266.3,429.7,0.258,11.2,2.169,41.46
"2025-12-02 19:30:00",2718,12.3,"2025-12-02 19:17:00",-2.872,5.078,266.3,429.8,0.235,11.2,2.167,41.45
"2025-12-02 19:45:00",2719,12.29,"2025-12-02 19:31:00",-2.924,5.071,266.3,430,2.911,11.19,2.166,41.44
"2025-12-02 20:00:00",2720,12.29,"2025-12-02 19:51:00",-2.988,5.062,266.3,430.1,-0.071,11.19,2.164,41.42
"2025-12-02 20:15:00",2721,12.29,"2025-12-02 20:01:00",-3.042,5.052,266.3,430.2,-0.041,11.19,2.163,41.4
"2025-12-02 20:30:00",2722,12.28,"2025-12-02 20:25:00",-3.112,5.043,266.3,430.3,-0.047,11.18,2.161,41.39
"2025-12-02 20:45:00",2723,12.28,"2025-12-02 20:30:50",-3.195,5.036,266.3,430.5,0.009,11.18,2.161,41.37
"2025-12-02 21:00:00",2724,12.27,"2025-12-02 20:49:00",-3.28,5.024,266.3,430.6,-0.006,11.17,2.159,41.35
"2025-12-02 21:15:00",2725,12.27,"2025-12-02 21:02:20",-3.357,5.008,266.3,430.7,-0.027,11.17,2.158,41.33
"2025-12-02 21:30:00",2726,12.26,"2025-12-02 21:21:00",-3.428,5,266.3,430.8,-0.045,11.17,2.157,41.31
"2025-12-02 21:45:00",2727,12.26,"2025-12-02 21:31:00",-3.49,4.988,266.2,431,-0.019,11.16,2.156,41.29
"2025-12-02 22:00:00",2728,12.26,"2025-12-02 21:46:50",-3.553,4.975,266.2,431.1,-0.037,11.16,2.153,41.27
"2025-12-02 22:15:00",2729,12.25,"2025-12-02 22:13:00",-3.611,4.965,266.2,431.2,-0.054,11.15,2.152,41.25
"2025-12-02 22:30:00",2730,12.25,"2025-12-02 22:29:00",-3.653,4.953,266.2,431.3,-0.149,11.15,2.151,41.23
"2025-12-02 22:45:00",2731,12.25,"2025-12-02 22:43:00",-3.679,4.938,266.1,431.4,-0.039,11.15,2.15,41.2
"2025-12-02 23:00:00",2732,12.25,"2025-12-02 22:47:00",-3.708,4.929,266.1,431.5,-0.129,11.15,2.15,41.18
"2025-12-02 23:15:00",2733,12.24,"2025-12-02 23:07:00",-3.728,4.916,266.1,431.6,-0.069,11.14,2.148,41.16
"2025-12-02 23:30:00",2734,12.24,"2025-12-02 23:23:00",-3.751,4.9,266,431.7,-0.08,11.14,2.147,41.13
"2025-12-02 23:45:00",2735,12.24,"2025-12-02 23:30:50",-3.751,"NAN","NAN","NAN","NAN","NAN",2.146,41.1
"2025-12-03 00:00:00",2736,12.24,"2025-12-02 23:57:00",-3.75,4.869,265.8,431.9,-0.119,11.14,2.145,41.08
"2025-12-03 00:15:00",2737,12.23,"2025-12-03 00:02:30",-3.736,4.861,265.8,432,-0.078,11.13,2.144,41.06
"2025-12-03 00:30:00",2738,12.23,"2025-12-03 00:22:40",-3.751,4.844,265.7,432.1,-0.097,11.13,2.141,41.03
"2025-12-03 00:45:00",2739,12.23,"2025-12-03 00:33:00",-3.75,4.83,265.7,432.1,1.32,11.13,2.141,41
"2025-12-03 01:00:00",2740,12.22,"2025-12-03 00:53:00",-3.728,4.814,265.6,432.2,0.02,11.12,2.139,40.98
"2025-12-03 01:15:00",2741,12.22,"2025-12-03 01:03:00",-3.728,4.799,265.5,432.3,0.007,11.13,2.139,40.95
"2025-12-03 01:30:00",2742,12.22,"2025-12-03 01:17:00",-3.728,4.786,265.4,432.3,0.035,11.12,2.137,40.92
"2025-12-03 01:45:00",2743,12.22,"2025-12-03 01:30:50",-3.714,4.765,265.3,432.4,-0.061,11.12,2.136,40.89
"2025-12-03 02:00:00",2744,12.22,"2025-12-03 01:47:00",-3.708,4.747,265.2,432.5,-0.001,11.12,2.134,40.86
"2025-12-03 02:15:00",2745,12.22,"2025-12-03 02:02:20",-3.689,4.732,265.1,432.5,-0.093,11.12,2.132,40.83
"2025-12-03 02:30:00",2746,12.22,"2025-12-03 02:17:00",-3.678,4.715,265,432.5,-0.017,11.12,2.132,40.8
"2025-12-03 02:45:00",2747,12.22,"2025-12-03 02:30:50",-3.665,4.699,264.8,432.6,0.055,11.11,2.13,40.77
"2025-12-03 03:00:00",2748,12.22,"2025-12-03 02:46:40",-3.665,4.688,264.8,432.6,0.016,11.11,2.129,40.75
"2025-12-03 03:15:00",2749,12.21,"2025-12-03 03:02:30",-3.665,4.676,264.7,432.6,0.009,11.12,2.127,40.73
"2025-12-03 03:30:00",2750,12.21,"2025-12-03 03:24:40",-3.68,4.659,264.6,432.7,-0.098,11.11,2.127,40.7
"2025-12-03 03:45:00",2751,12.21,"2025-12-03 03:31:00",-3.701,4.651,264.5,432.7,-0.039,11.11,2.126,40.68
"2025-12-03 04:00:00",2752,12.21,"2025-12-03 03:49:00",-3.708,4.637,264.4,432.7,-0.007,11.11,2.124,40.66
"2025-12-03 04:15:00",2753,12.2,"2025-12-03 04:02:20",-3.708,4.626,264.4,432.8,-0.095,11.11,2.123,40.65
"2025-12-03 04:30:00",2754,12.2,"2025-12-03 04:28:50",-3.708,4.618,264.3,432.8,-0.063,11.11,2.121,40.63
"2025-12-03 04:45:00",2755,12.21,"2025-12-03 04:30:30",-3.703,4.603,264.2,432.8,0.044,11.11,2.121,40.6
"2025-12-03 05:00:00",2756,12.2,"2025-12-03 04:51:00",-3.685,4.599,264.2,432.8,-0.011,11.11,2.12,40.59
"2025-12-03 05:15:00",2757,12.2,"2025-12-03 05:01:00",-3.677,4.589,264.1,432.8,0.006,11.11,2.118,40.57
"2025-12-03 05:30:00",2758,12.2,"2025-12-03 05:19:00",-3.665,4.578,264,432.9,-0.005,11.11,2.118,40.55
"2025-12-03 05:45:00",2759,12.2,"2025-12-03 05:45:00",-3.661,"NAN","NAN","NAN","NAN","NAN",2.117,40.53
"2025-12-03 06:00:00",2760,12.2,"2025-12-03 05:47:00",-3.642,4.559,263.9,433,-0.127,11.11,2.116,40.52
"2025-12-03 06:15:00",2761,12.2,"2025-12-03 06:00:50",-3.633,4.545,263.9,433,0.008,11.11,2.114,40.5
"2025-12-03 06:30:00",2762,12.2,"2025-12-03 06:16:50",-3.622,4.536,263.8,433.1,-0.111,11.1,2.114,40.48
"2025-12-03 06:45:00",2763,12.2,"2025-12-03 06:30:40",-3.622,4.527,263.8,433.2,0.047,11.1,2.113,40.46
"2025-12-03 07:00:00",2764,12.2,"2025-12-03 06:46:40",-3.622,4.512,263.7,433.3,0.002,11.1,2.112,40.44
"2025-12-03 07:15:00",2765,12.17,"2025-12-03 07:02:20",-3.622,4.509,263.7,433.3,-0.007,11.09,2.111,40.43
"2025-12-03 07:30:00",2766,12.19,"2025-12-03 07:17:00",-3.622,4.493,263.7,433.4,0.033,11.1,2.11,40.4
"2025-12-03 07:45:00",2767,12.19,"2025-12-03 07:30:50",-3.622,"NAN","NAN","NAN","NAN","NAN",2.108,40.38
"2025-12-03 08:00:00",2768,12.19,"2025-12-03 07:47:00",-3.622,4.474,263.6,433.6,0.049,11.09,2.108,40.37
"2025-12-03 08:15:00",2769,12.19,"2025-12-03 08:00:50",-3.622,4.461,263.6,433.8,-0.023,11.08,2.108,40.34
"2025-12-03 08:30:00",2770,12.18,"2025-12-03 08:27:00",-3.62,4.452,263.6,433.9,0.018,11.09,2.109,40.32
"2025-12-03 08:45:00",2771,12.17,"2025-12-03 08:34:50",-3.585,4.448,263.6,434,-0.06,11.09,2.107,40.32
"2025-12-03 09:00:00",2772,12.18,"2025-12-03 08:53:00",-3.532,4.44,263.7,434.1,-0.056,11.08,2.107,40.31
"2025-12-03 09:15:00",2773,12.18,"2025-12-03 09:00:50",-3.45,4.43,263.6,434.2,-0.152,11.08,2.107,40.29
"2025-12-03 09:30:00",2774,12.19,"2025-12-03 09:16:50",-3.358,4.431,263.7,434.3,-0.131,11.09,2.106,40.29
"2025-12-03 09:45:00",2775,12.18,"2025-12-03 09:40:50",-3.264,4.427,263.7,434.4,-0.001,11.1,2.105,40.28
"2025-12-03 10:00:00",2776,12.18,"2025-12-03 09:48:50",-3.178,4.422,263.7,434.5,0.274,11.09,2.104,40.27
"2025-12-03 10:15:00",2777,12.18,"2025-12-03 10:02:30",-3.089,4.414,263.7,434.6,0.048,11.09,2.103,40.26
"2025-12-03 10:30:00",2778,12.19,"2025-12-03 10:20:50",-2.969,4.42,263.8,434.7,0.151,11.1,2.102,40.27
"2025-12-03 10:45:00",2779,12.19,"2025-12-03 10:43:00",-2.813,4.417,263.8,434.7,-0.069,11.11,2.101,40.26
"2025-12-03 11:00:00",2780,12.19,"2025-12-03 10:51:00",-2.645,4.427,263.9,434.7,-0.133,11.11,2.101,40.28
"2025-12-03 11:15:00",2781,12.2,"2025-12-03 11:01:00",-2.482,4.43,264,434.8,-0.174,11.11,2.1,40.28
"2025-12-03 11:30:00",2782,12.2,"2025-12-03 11:17:00",-2.269,4.437,264.1,434.8,-0.227,11.11,2.098,40.3
"2025-12-03 11:45:00",2783,12.19,"2025-12-03 11:43:00",-2.007,4.447,264.1,434.8,-0.236,11.11,2.098,40.31
"2025-12-03 12:00:00",2784,12.19,"2025-12-03 11:47:00",-1.762,4.454,264.2,434.8,-0.229,11.11,2.097,40.32
"2025-12-03 12:15:00",2785,12.21,"2025-12-03 12:03:00",-1.497,4.466,264.3,434.8,-0.239,11.12,2.096,40.34
"2025-12-03 12:30:00",2786,12.21,"2025-12-03 12:29:00",-1.305,4.478,264.4,434.8,-0.245,11.11,2.095,40.37
"2025-12-03 12:45:00",2787,12.21,"2025-12-03 12:35:00",-1.182,4.492,264.5,434.9,-0.259,11.11,2.094,40.39
"2025-12-03 13:00:00",2788,12.21,"2025-12-03 12:47:00",-1.044,4.498,264.6,434.8,-0.256,11.12,2.092,40.41
"2025-12-03 13:15:00",2789,12.22,"2025-12-03 13:08:50",-0.865,4.512,264.7,434.8,-0.319,11.12,2.092,40.43
"2025-12-03 13:30:00",2790,12.22,"2025-12-03 13:19:00",-0.728,4.528,264.8,434.8,-0.239,11.13,2.09,40.46
"2025-12-03 13:45:00",2791,12.22,"2025-12-03 13:44:50",-0.557,4.536,264.8,434.8,-0.247,11.13,2.089,40.47
"2025-12-03 14:00:00",2792,12.22,"2025-12-03 13:46:50",-0.364,4.553,265,434.7,-0.229,11.13,2.089,40.5
"2025-12-03 14:15:00",2793,12.21,"2025-12-03 14:11:00",-0.247,4.568,265,434.7,-0.268,11.12,2.088,40.53
"2025-12-03 14:30:00",2794,12.21,"2025-12-03 14:29:00",-0.206,4.571,265.1,434.7,-0.287,11.12,2.087,40.53
"2025-12-03 14:45:00",2795,12.21,"2025-12-03 14:31:00",-0.169,4.579,265.2,434.8,-0.251,11.11,2.086,40.55
"2025-12-03 15:00:00",2796,12.21,"2025-12-03 14:58:40",-0.134,4.586,265.2,434.8,-0.263,11.12,2.086,40.57
"2025-12-03 15:15:00",2797,12.2,"2025-12-03 15:02:20",-0.127,4.6,265.4,434.8,0.188,11.11,2.086,40.59
"2025-12-03 15:30:00",2798,12.19,"2025-12-03 15:28:50",-0.198,4.606,265.4,434.7,-0.177,11.11,2.086,40.6
"2025-12-03 15:45:00",2799,12.19,"2025-12-03 15:30:50",-0.275,4.613,265.5,434.7,-0.223,11.11,2.084,40.61
"2025-12-03 16:00:00",2800,12.19,"2025-12-03 15:49:00",-0.315,4.617,265.5,434.8,-0.289,11.11,2.083,40.62
"2025-12-03 16:15:00",2801,12.18,"2025-12-03 16:03:00",-0.348,4.621,265.6,434.9,-0.263,11.11,2.082,40.63
"2025-12-03 16:30:00",2802,12.18,"2025-12-03 16:27:00",-0.473,4.623,265.6,434.9,-0.327,11.1,2.081,40.63
"2025-12-03 16:45:00",2803,12.17,"2025-12-03 16:43:00",-0.623,4.618,265.6,435,-0.359,11.09,2.08,40.62
"2025-12-03 17:00:00",2804,12.17,"2025-12-03 16:51:00",-0.787,4.616,265.7,435,-0.347,11.09,2.08,40.62
"2025-12-03 17:15:00",2805,12.17,"2025-12-03 17:03:00",-0.946,4.609,265.6,435.1,-0.328,11.08,2.078,40.61
"2025-12-03 17:30:00",2806,12.17,"2025-12-03 17:23:00",-1.087,4.603,265.7,435.2,-0.329,11.08,2.077,40.6
"2025-12-03 17:45:00",2807,12.17,"2025-12-03 17:31:00",-1.213,4.597,265.7,435.3,-0.274,11.08,2.077,40.59
"2025-12-03 18:00:00",2808,12.17,"2025-12-03 17:56:40",-1.324,4.598,265.8,435.5,-0.209,11.08,2.076,40.59
"2025-12-03 18:15:00",2809,12.17,"2025-12-03 18:12:50",-1.429,4.593,265.8,435.6,-0.346,11.08,2.075,40.58
"2025-12-03 18:30:00",2810,12.17,"2025-12-03 18:28:50",-1.516,4.586,265.8,435.7,-0.291,11.07,2.074,40.57
"2025-12-03 18:45:00",2811,12.17,"2025-12-03 18:41:00",-1.566,4.581,265.9,435.8,-0.274,11.07,2.074,40.56
"2025-12-03 19:00:00",2812,12.17,"2025-12-03 18:47:00",-1.617,4.578,265.9,435.9,-0.331,11.07,2.072,40.55
"2025-12-03 19:15:00",2813,12.16,"2025-12-03 19:02:20",-1.638,4.574,265.9,436,-0.246,11.06,2.072,40.55
"2025-12-03 19:30:00",2814,12.16,"2025-12-03 19:21:00",-1.652,4.57,265.9,436.1,-0.291,11.06,2.071,40.54
"2025-12-03 19:45:00",2815,12.16,"2025-12-03 19:35:00",-1.66,4.563,265.9,436.2,-0.319,11.06,2.07,40.53
"2025-12-03 20:00:00",2816,12.16,"2025-12-03 19:47:00",-1.652,4.558,266,436.4,-0.316,11.06,2.069,40.52
"2025-12-03 20:15:00",2817,12.16,"2025-12-03 20:14:40",-1.644,4.559,266.1,436.5,-0.323,11.06,2.068,40.52
"2025-12-03 20:30:00",2818,12.16,"2025-12-03 20:28:30",-1.629,4.56,266.1,436.6,-0.379,11.06,2.068,40.53
"2025-12-03 20:45:00",2819,12.16,"2025-12-03 20:33:00",-1.629,4.561,266.2,436.7,-0.299,11.06,2.068,40.53
"2025-12-03 21:00:00",2820,12.16,"2025-12-03 20:51:00",-1.632,4.558,266.2,436.8,-0.311,11.06,2.067,40.52
"2025-12-03 21:15:00",2821,12.15,"2025-12-03 21:02:20",-1.654,4.552,266.3,436.9,-0.353,11.06,2.066,40.51
"2025-12-03 21:30:00",2822,12.16,"2025-12-03 21:19:00",-1.672,4.553,266.3,437,-0.337,11.06,2.065,40.51
"2025-12-03 21:45:00",2823,12.15,"2025-12-03 21:41:00",-1.672,4.546,266.4,437.1,-0.398,11.05,2.066,40.5
"2025-12-03 22:00:00",2824,12.15,"2025-12-03 21:55:00",-1.672,4.544,266.4,437.3,-0.322,11.06,2.065,40.49
"2025-12-03 22:15:00",2825,12.15,"2025-12-03 22:09:00",-1.659,4.538,266.5,437.4,-0.356,11.05,2.065,40.49
"2025-12-03 22:30:00",2826,12.15,"2025-12-03 22:19:00",-1.652,4.536,266.5,437.6,-0.399,11.05,2.064,40.48
"2025-12-03 22:45:00",2827,12.15,"2025-12-03 22:42:50",-1.652,4.527,266.5,437.7,-0.326,11.05,2.062,40.46
"2025-12-03 23:00:00",2828,12.15,"2025-12-03 22:56:30",-1.639,4.525,266.6,437.9,-0.385,11.05,2.062,40.46
"2025-12-03 23:15:00",2829,12.15,"2025-12-03 23:02:20",-1.626,4.52,266.7,438,-0.354,11.05,2.061,40.45
"2025-12-03 23:30:00",2830,12.15,"2025-12-03 23:28:50",-1.605,4.508,266.6,438.1,-0.345,11.05,2.062,40.43
"2025-12-03 23:45:00",2831,12.15,"2025-12-03 23:42:30",-1.609,4.496,266.6,438.3,-0.343,11.05,2.062,40.41
"2025-12-04 00:00:00",2832,12.15,"2025-12-03 23:58:50",-1.627,4.487,266.6,438.4,-0.369,11.04,2.061,40.39
"2025-12-04 00:15:00",2833,12.15,"2025-12-04 00:00:50",-1.628,4.478,266.6,438.5,-0.347,11.04,2.061,40.37
"2025-12-04 00:30:00",2834,12.14,"2025-12-04 00:19:00",-1.644,4.466,266.6,438.7,-0.369,11.05,2.061,40.35
"2025-12-04 00:45:00",2835,12.14,"2025-12-04 00:43:00",-1.638,4.464,266.7,438.9,-0.24,11.04,2.06,40.35
"2025-12-04 01:00:00",2836,12.14,"2025-12-04 00:57:00",-1.631,4.455,266.7,438.9,-0.377,11.04,2.061,40.33
"2025-12-04 01:15:00",2837,12.14,"2025-12-04 01:02:20",-1.629,4.447,266.7,439.1,-0.379,11.04,2.06,40.32
"2025-12-04 01:30:00",2838,12.14,"2025-12-04 01:25:00",-1.621,4.437,266.7,439.2,-0.375,11.03,2.061,40.3
"2025-12-04 01:45:00",2839,12.14,"2025-12-04 01:41:00",-1.596,4.431,266.7,439.3,-0.368,11.03,2.06,40.29
"2025-12-04 02:00:00",2840,12.13,"2025-12-04 01:51:00",-1.585,4.424,266.7,439.4,-0.403,11.04,2.059,40.27
"2025-12-04 02:15:00",2841,12.14,"2025-12-04 02:15:00",-1.571,4.411,266.7,439.5,-0.323,11.03,2.059,40.25
"2025-12-04 02:30:00",2842,12.13,"2025-12-04 02:24:50",-1.552,4.403,266.7,439.6,-0.388,11.03,2.059,40.24
"2025-12-04 02:45:00",2843,12.13,"2025-12-04 02:32:50",-1.542,4.398,266.7,439.7,-0.404,11.03,2.058,40.23
"2025-12-04 03:00:00",2844,12.13,"2025-12-04 02:58:40",-1.535,4.39,266.7,439.8,-0.396,11.03,2.058,40.22
"2025-12-04 03:15:00",2845,12.1,"2025-12-04 03:02:20",-1.521,4.384,266.7,439.9,-0.379,11.03,2.058,40.21
"2025-12-04 03:30:00",2846,12.13,"2025-12-04 03:17:00",-1.522,4.378,266.7,440,-0.164,11.03,2.057,40.2
"2025-12-04 03:45:00",2847,12.13,"2025-12-04 03:42:50",-1.499,4.373,266.7,440.1,-0.342,11.03,2.057,40.19
"2025-12-04 04:00:00",2848,12.13,"2025-12-04 03:47:00",-1.488,4.365,266.7,440.2,-0.35,11.03,2.057,40.17
"2025-12-04 04:15:00",2849,12.12,"2025-12-04 04:02:30",-1.458,4.36,266.7,440.3,-0.325,11.02,2.057,40.16
"2025-12-04 04:30:00",2850,12.12,"2025-12-04 04:26:40",-1.434,4.355,266.7,440.3,-0.376,11.03,2.056,40.15
"2025-12-04 04:45:00",2851,12.13,"2025-12-04 04:36:40",-1.409,4.35,266.7,440.4,-0.349,11.03,2.055,40.15
"2025-12-04 05:00:00",2852,12.12,"2025-12-04 04:55:00",-1.389,4.345,266.7,440.5,-0.279,11.02,2.055,40.14
"2025-12-04 05:15:00",2853,12.12,"2025-12-04 05:02:20",-1.36,4.34,266.7,440.5,-0.307,11.01,2.054,40.13
"2025-12-04 05:30:00",2854,12.12,"2025-12-04 05:23:00",-1.349,4.336,266.7,440.7,-0.305,11.02,2.053,40.12
"2025-12-04 05:45:00",2855,12.12,"2025-12-04 05:33:00",-1.326,4.33,266.7,440.7,-0.328,11.02,2.054,40.11
"2025-12-04 06:00:00",2856,12.12,"2025-12-04 05:47:00",-1.302,4.33,266.8,440.8,-0.351,11.02,2.053,40.11
"2025-12-04 06:15:00",2857,12.12,"2025-12-04 06:12:40",-1.273,4.328,266.8,440.8,-0.333,11.02,2.052,40.11
"2025-12-04 06:30:00",2858,12.12,"2025-12-04 06:20:40",-1.249,4.324,266.8,440.9,-0.382,11.02,2.051,40.1
"2025-12-04 06:45:00",2859,12.12,"2025-12-04 06:44:40",-1.217,4.32,266.8,441,-0.328,11.02,2.051,40.1
"2025-12-04 07:00:00",2860,12.12,"2025-12-04 06:55:00",-1.188,4.32,266.8,441,-0.349,11.01,2.051,40.09
"2025-12-04 07:15:00",2861,12.12,"2025-12-04 07:07:00",-1.154,4.319,266.8,441.1,-0.353,11.02,2.05,40.09
"2025-12-04 07:30:00",2862,12.11,"2025-12-04 07:24:40",-1.108,4.317,266.9,441.1,-0.335,11.02,2.049,40.09
"2025-12-04 07:45:00",2863,12.11,"2025-12-04 07:31:00",-1.052,4.313,266.9,441.2,-0.343,11.02,2.048,40.08
"2025-12-04 08:00:00",2864,12.11,"2025-12-04 07:59:00",-0.997,4.313,266.9,441.3,-0.399,11.01,2.047,40.08
"2025-12-04 08:15:00",2865,12.11,"2025-12-04 08:10:50",-0.932,4.313,266.9,441.3,-0.254,11.01,2.046,40.08
"2025-12-04 08:30:00",2866,12.11,"2025-12-04 08:26:50",-0.854,4.311,267,441.4,-0.359,11.01,2.045,40.07
"2025-12-04 08:45:00",2867,12.12,"2025-12-04 08:32:50",-0.759,4.31,267,441.4,-0.321,11.02,2.045,40.07
"2025-12-04 09:00:00",2868,12.12,"2025-12-04 08:48:50",-0.617,4.316,267.1,441.5,-0.334,11.01,2.045,40.08
"2025-12-04 09:15:00",2869,12.12,"2025-12-04 09:02:30",-0.442,4.317,267.1,441.5,-0.431,11.02,2.043,40.09
"2025-12-04 09:30:00",2870,12.12,"2025-12-04 09:16:40",-0.246,4.322,267.2,441.6,-0.358,11.02,2.043,40.09
"2025-12-04 09:45:00",2871,12.11,"2025-12-04 09:30:50",-0.049,4.324,267.2,441.5,-0.369,11.01,2.042,40.1
"2025-12-04 10:00:00",2872,12.12,"2025-12-04 09:52:50",0.135,4.332,267.2,441.5,-0.365,11.02,2.041,40.11
"2025-12-04 10:15:00",2873,12.12,"2025-12-04 10:00:50",0.293,4.34,267.3,441.5,-0.427,11.03,2.04,40.12
"2025-12-04 10:30:00",2874,12.12,"2025-12-04 10:21:00",0.433,4.345,267.3,441.5,-0.41,11.02,2.04,40.14
"2025-12-04 10:45:00",2875,12.12,"2025-12-04 10:30:40",0.528,4.352,267.4,441.5,-0.443,11.02,2.038,40.15
"2025-12-04 11:00:00",2876,12.13,"2025-12-04 10:56:50",0.674,4.364,267.4,441.4,-0.433,11.03,2.037,40.16
"2025-12-04 11:15:00",2877,12.13,"2025-12-04 11:00:50",0.834,4.374,267.5,441.4,-0.388,11.04,2.036,40.19
"2025-12-04 11:30:00",2878,12.14,"2025-12-04 11:29:00",1.073,4.393,267.6,441.3,-0.425,11.05,2.036,40.21
"2025-12-04 11:45:00",2879,12.14,"2025-12-04 11:31:00",1.324,4.414,267.7,441.2,-0.437,11.06,2.035,40.25
"2025-12-04 12:00:00",2880,12.13,"2025-12-04 11:58:50",1.435,4.433,267.8,441,-0.453,11.05,2.034,40.29
"2025-12-04 12:15:00",2881,12.13,"2025-12-04 12:04:50",1.363,4.446,267.9,441,-0.503,11.03,2.033,40.31
"2025-12-04 12:30:00",2882,12.13,"2025-12-04 12:21:00",1.253,4.456,267.9,440.9,-0.477,11.04,2.032,40.33
"2025-12-04 12:45:00",2883,12.13,"2025-12-04 12:30:30",1.201,4.465,267.9,440.9,-0.461,11.04,2.031,40.35
"2025-12-04 13:00:00",2884,12.14,"2025-12-04 12:59:00",1.196,4.477,268,440.8,-0.493,11.05,2.03,40.37
"2025-12-04 13:15:00",2885,12.1,"2025-12-04 13:02:20",1.237,4.494,268.1,440.7,-0.515,11.05,2.03,40.39
"2025-12-04 13:30:00",2886,12.14,"2025-12-04 13:22:50",1.283,4.507,268.1,440.6,-0.509,11.05,2.03,40.42
"2025-12-04 13:45:00",2887,12.15,"2025-12-04 13:45:00",1.398,4.53,268.2,440.4,-0.524,11.07,2.029,40.46
"2025-12-04 14:00:00",2888,12.14,"2025-12-04 13:54:50",1.464,4.541,268.3,440.4,-0.525,11.06,2.027,40.48
"2025-12-04 14:15:00",2889,12.13,"2025-12-04 14:10:40",1.432,4.555,268.4,440.3,-0.513,11.05,2.027,40.5
"2025-12-04 14:30:00",2890,12.14,"2025-12-04 14:16:50",1.361,4.561,268.4,440.3,-0.493,11.04,2.026,40.52
"2025-12-04 14:45:00",2891,12.14,"2025-12-04 14:33:00",1.312,4.574,268.5,440.2,-0.505,11.06,2.025,40.54
"2025-12-04 15:00:00",2892,12.17,"2025-12-04 14:59:00",1.389,4.59,268.6,440.1,-0.552,11.08,2.024,40.57
"2025-12-04 15:15:00",2893,12.14,"2025-12-04 15:15:00",1.541,4.608,268.7,440.1,-0.523,11.08,2.023,40.6
"2025-12-04 15:30:00",2894,12.14,"2025-12-04 15:22:50",1.522,4.616,268.7,440.1,-0.53,11.05,2.022,40.62
"2025-12-04 15:45:00",2895,12.13,"2025-12-04 15:43:00",1.405,4.621,268.7,440,-0.521,11.04,2.022,40.63
"2025-12-04 16:00:00",2896,12.13,"2025-12-04 15:53:00",1.302,4.63,268.8,440,-0.526,11.04,2.021,40.64
"2025-12-04 16:15:00",2897,12.13,"2025-12-04 16:06:50",1.217,4.635,268.9,440.1,-0.543,11.04,2.02,40.65
"2025-12-04 16:30:00",2898,12.12,"2025-12-04 16:28:50",1.148,4.638,268.9,440.1,-0.476,11.03,2.019,40.65
"2025-12-04 16:45:00",2899,12.12,"2025-12-04 16:44:40",1.059,4.633,268.9,440.2,-0.522,11.02,2.018,40.65
"2025-12-04 17:00:00",2900,12.11,"2025-12-04 16:58:50",0.953,4.63,269,440.3,-0.494,11.01,2.017,40.65
"2025-12-04 17:15:00",2901,12.1,"2025-12-04 17:07:00",0.847,4.628,269,440.4,-0.511,11.01,2.016,40.65
"2025-12-04 17:30:00",2902,12.11,"2025-12-04 17:20:40",0.742,"NAN","NAN","NAN","NAN","NAN",2.015,40.64
"2025-12-04 17:45:00",2903,12.11,"2025-12-04 17:38:40",0.636,"NAN","NAN","NAN","NAN","NAN",2.014,40.62
"2025-12-04 18:00:00",2904,12.1,"2025-12-04 17:59:00",0.546,4.615,269.2,440.9,-0.541,11,2.013,40.62
"2025-12-04 18:15:00",2905,12.1,"2025-12-04 18:07:00",0.477,4.61,269.2,441,-0.595,11,2.012,40.61
"2025-12-04 18:30:00",2906,12.1,"2025-12-04 18:27:00",0.419,4.606,269.3,441.1,-0.585,11,2.011,40.61
"2025-12-04 18:45:00",2907,12.1,"2025-12-04 18:37:00",0.371,4.605,269.3,441.2,-0.546,11,2.01,40.6
"2025-12-04 19:00:00",2908,12.09,"2025-12-04 18:55:00",0.331,4.601,269.4,441.3,-0.506,11,2.008,40.59
"2025-12-04 19:15:00",2909,12.1,"2025-12-04 19:00:40",0.295,4.595,269.4,441.5,-0.558,10.99,2.008,40.58
"2025-12-04 19:30:00",2910,12.09,"2025-12-04 19:29:00",0.259,4.593,269.5,441.6,-0.574,10.99,2.007,40.58
"2025-12-04 19:45:00",2911,12.08,"2025-12-04 19:45:00",0.217,4.584,269.5,441.7,-0.554,10.99,2.006,40.57
"2025-12-04 20:00:00",2912,12.09,"2025-12-04 19:48:50",0.165,4.574,269.5,441.9,-0.47,10.99,2.005,40.55
"2025-12-04 20:15:00",2913,12.08,"2025-12-04 20:01:00",0.113,4.574,269.6,442,-0.501,10.98,2.004,40.55
"2025-12-04 20:30:00",2914,12.08,"2025-12-04 20:23:00",0.058,4.572,269.6,442.1,-0.457,10.99,2.003,40.54
"2025-12-04 20:45:00",2915,12.08,"2025-12-04 20:30:50",0.014,4.567,269.7,442.3,-0.589,10.98,2.002,40.53
"2025-12-04 21:00:00",2916,12.08,"2025-12-04 20:46:40",-0.035,4.561,269.7,442.4,-0.592,10.98,2,40.53
"2025-12-04 21:15:00",2917,12.08,"2025-12-04 21:15:00",-0.103,4.555,269.7,442.6,-0.544,10.98,2,40.52
"2025-12-04 21:30:00",2918,12.08,"2025-12-04 21:28:40",-0.155,4.551,269.8,442.7,-0.557,10.98,1.999,40.5
"2025-12-04 21:45:00",2919,12.08,"2025-12-04 21:35:00",-0.217,4.546,269.8,442.8,-0.53,10.98,1.999,40.49
"2025-12-04 22:00:00",2920,12.08,"2025-12-04 21:47:00",-0.269,4.537,269.8,443,-0.485,10.98,1.998,40.48
"2025-12-04 22:15:00",2921,12.07,"2025-12-04 22:07:00",-0.32,4.529,269.9,443.1,-0.562,10.97,1.997,40.47
"2025-12-04 22:30:00",2922,12.07,"2025-12-04 22:19:00",-0.355,4.526,270,443.3,-0.585,10.97,1.996,40.46
"2025-12-04 22:45:00",2923,12.07,"2025-12-04 22:30:50",-0.395,4.524,270,443.5,-0.604,10.97,1.996,40.46
"2025-12-04 23:00:00",2924,12.07,"2025-12-04 22:46:40",-0.442,4.509,270,443.6,-0.583,10.97,1.994,40.43
"2025-12-04 23:15:00",2925,12.07,"2025-12-04 23:01:00",-0.491,4.5,270,443.8,-0.572,10.97,1.993,40.41
"2025-12-04 23:30:00",2926,12.07,"2025-12-04 23:17:00",-0.531,4.495,270.1,444,-0.572,10.97,1.993,40.4
"2025-12-04 23:45:00",2927,12.07,"2025-12-04 23:30:50",-0.556,4.489,270.1,444,-0.473,10.97,1.991,40.39
"2025-12-05 00:00:00",2928,12.06,"2025-12-04 23:53:00",-0.591,4.475,270.1,444.2,-0.575,10.97,1.989,40.37
"2025-12-05 00:15:00",2929,12.06,"2025-12-05 00:03:00",-0.637,4.466,270.1,444.4,-0.565,10.96,1.99,40.35
"2025-12-05 00:30:00",2930,12.06,"2025-12-05 00:17:00",-0.675,4.459,270.1,444.5,-0.486,10.96,1.989,40.34
"2025-12-05 00:45:00",2931,12.06,"2025-12-05 00:30:50",-0.715,4.45,270.1,444.6,0.148,10.96,1.993,40.32
"2025-12-05 01:00:00",2932,12.06,"2025-12-05 00:46:30",-0.751,4.443,270.2,444.8,-0.06,10.95,1.995,40.31
"2025-12-05 01:15:00",2933,12.06,"2025-12-05 01:03:00",-0.788,4.431,270.1,444.9,-0.384,10.95,1.994,40.29
"2025-12-05 01:30:00",2934,12.06,"2025-12-05 01:21:00",-0.828,"NAN","NAN","NAN","NAN","NAN",1.993,40.27
"2025-12-05 01:45:00",2935,12.06,"2025-12-05 01:42:50",-0.859,4.414,270.2,445.3,-0.433,10.95,1.992,40.25
"2025-12-05 02:00:00",2936,12.06,"2025-12-05 01:46:50",-0.902,4.398,270.2,445.4,-0.405,10.95,1.991,40.23
"2025-12-05 02:15:00",2937,12.06,"2025-12-05 02:08:40",-0.949,4.39,270.2,445.6,-0.499,10.95,1.991,40.21
"2025-12-05 02:30:00",2938,12.05,"2025-12-05 02:28:40",-0.995,4.387,270.2,445.6,-0.525,10.95,1.99,40.21
"2025-12-05 02:45:00",2939,12.05,"2025-12-05 02:39:00",-1.041,4.372,270.1,445.7,-0.517,10.95,1.989,40.19
"2025-12-05 03:00:00",2940,12.05,"2025-12-05 02:52:30",-1.091,"NAN","NAN","NAN","NAN","NAN",1.988,40.17
"2025-12-05 03:15:00",2941,12.05,"2025-12-05 03:13:00",-1.13,4.356,270.1,446,-0.483,10.94,1.987,40.16
"2025-12-05 03:30:00",2942,12.05,"2025-12-05 03:24:30",-1.159,4.346,270.1,446.1,-0.496,10.94,1.986,40.14
"2025-12-05 03:45:00",2943,12.05,"2025-12-05 03:35:00",-1.183,4.338,270.1,446.2,-0.481,10.94,1.985,40.12
"2025-12-05 04:00:00",2944,12.05,"2025-12-05 03:52:50",-1.208,4.328,270.1,446.2,-0.517,10.94,1.984,40.11
"2025-12-05 04:15:00",2945,12.04,"2025-12-05 04:11:00",-1.225,4.317,270,446.3,-0.54,10.94,1.984,40.09
"2025-12-05 04:30:00",2946,12.04,"2025-12-05 04:16:50",-1.239,4.309,270,446.4,-0.493,10.94,1.982,40.07
"2025-12-05 04:45:00",2947,12.04,"2025-12-05 04:45:00",-1.245,4.302,270,446.5,-0.533,10.93,1.981,40.05
"2025-12-05 05:00:00",2948,12.04,"2025-12-05 04:47:00",-1.266,4.29,269.9,446.5,-0.565,10.93,1.981,40.04
"2025-12-05 05:15:00",2949,12.04,"2025-12-05 05:02:40",-1.272,4.278,269.8,446.6,-0.51,10.93,1.979,40.01
"2025-12-05 05:30:00",2950,12.04,"2025-12-05 05:20:50",-1.292,4.275,269.8,446.6,-0.578,10.93,1.979,40.01
"2025-12-05 05:45:00",2951,12.04,"2025-12-05 05:30:40",-1.311,4.267,269.8,446.7,-0.499,10.93,1.978,39.99
"2025-12-05 06:00:00",2952,12.04,"2025-12-05 05:58:50",-1.316,4.261,269.8,446.7,-0.489,10.93,1.978,39.99
"2025-12-05 06:15:00",2953,12.03,"2025-12-05 06:06:50",-1.331,4.256,269.7,446.7,-0.527,10.93,1.976,39.97
"2025-12-05 06:30:00",2954,12.04,"2025-12-05 06:28:40",-1.331,4.249,269.7,446.8,-0.557,10.93,1.975,39.96
"2025-12-05 06:45:00",2955,12.03,"2025-12-05 06:45:00",-1.331,4.244,269.7,446.8,-0.477,10.93,1.974,39.95
"2025-12-05 07:00:00",2956,12.03,"2025-12-05 06:51:00",-1.333,4.233,269.6,446.8,-0.481,10.93,1.973,39.94
